transaction_id,date,customer_id,age,gender,product_category,product_price,quantity,discount_percent,discount_amount,total_amount,final_amount,payment_method,shipping_days,customer_rating,is_returned,region,customer_lifetime_value
1,10-16-24,4174,24,Female,Home & Garden,13.2,3,20,7.92,39.6,31.68,Credit Card,8,5,False,North,137.64
2,04-25-23,4507,67,Other,Clothing,17.27,5,15,12.95,86.35,73.4,Credit Card,26,5,False,South,1462.35
3,01-26-23,1860,59,Female,Home & Garden,27.88,4,0,0.0,111.52,111.52,PayPal,11,4,False,East,282.66
4,10-09-23,2294,33,Other,Sports,21.24,8,20,33.98,169.92,135.94,Credit Card,2,5,False,North,236.36
5,09-08-23,2130,20,Female,Beauty,24.03,4,10,9.61,96.12,86.51,Debit Card,7,5,False,South,120.24
6,08-17-23,2095,17,Male,Clothing,66.48,6,15,59.83,398.88,339.05,PayPal,17,4,False,West,451.73
7,05-23-23,4772,48,Other,Beauty,9.22,9,10,8.3,82.98,74.68,Debit Card,24,5,False,South,110.54
8,04-15-23,4092,34,Other,Books,49.39,2,20,19.76,98.78,79.02,Mobile Wallet,5,5,False,East,381.96
9,11-23-24,2638,48,Other,Sports,56.68,8,20,90.69,453.44,362.75,Debit Card,6,3,False,East,599.21
10,07-12-24,3169,68,Female,Clothing,81.0,5,15,60.75,405.0,344.25,Debit Card,22,5,False,East,1007.65
11,03-31-23,1466,23,Male,Books,93.97,6,10,56.38,563.82,507.44,PayPal,17,5,False,North,507.44
12,08-27-24,2238,16,Other,Books,8.64,3,0,0.0,25.92,25.92,Mobile Wallet,23,5,False,North,134.12
13,03-08-24,1330,37,Female,Books,7.44,8,0,0.0,59.52,59.52,Debit Card,15,3,False,West,79.97
14,02-02-23,2482,52,Other,Books,47.7,2,15,14.31,95.4,81.09,Credit Card,3,2,False,East,481.26
15,01-31-23,3135,20,Female,Books,70.72,1,20,14.14,70.72,56.58,Credit Card,18,3,False,South,1758.37
16,04-06-23,4444,35,Male,Clothing,15.9,1,15,2.38,15.9,13.52,Mobile Wallet,15,2,False,North,147.83
17,08-12-23,4171,55,Female,Home & Garden,37.31,8,10,29.85,298.48,268.63,Debit Card,23,5,False,North,336.97
18,08-27-23,3919,10,Female,Books,73.97,2,0,0.0,147.94,147.94,PayPal,26,5,False,East,1402.5
19,06-01-24,4735,38,Other,Sports,72.94,5,20,72.94,364.7,291.76,Mobile Wallet,25,2,False,North,1624.08
20,09-08-24,1130,26,Female,Clothing,53.04,2,10,10.61,106.08,95.47,Mobile Wallet,4,5,True,East,234.87
21,01-28-23,2685,36,Other,Electronics,4.1,4,0,0.0,16.4,16.4,Mobile Wallet,23,3,False,West,16.4
22,07-28-24,4380,45,Female,Home & Garden,2.6,9,0,0.0,23.4,23.4,Mobile Wallet,21,1,False,North,494.88
23,07-23-23,1769,38,Male,Sports,24.59,2,5,2.46,49.18,46.72,Credit Card,10,3,True,South,1138.51
24,10-27-24,3391,19,Female,Books,1.35,4,20,1.08,5.4,4.32,PayPal,26,4,True,North,410.35
25,12-19-24,2515,27,Other,Clothing,117.25,5,15,87.94,586.25,498.31,Credit Card,11,1,False,West,793.49
26,07-12-24,4485,56,Female,Clothing,1.02,5,5,0.26,5.1,4.84,Mobile Wallet,23,4,False,East,2140.45
27,03-05-24,3853,39,Female,Books,1.5,5,0,0.0,7.5,7.5,PayPal,1,5,False,South,2097.87
28,08-14-23,3433,47,Male,Sports,9.04,2,20,3.62,18.08,14.46,Credit Card,27,3,False,West,2363.52
29,04-04-24,2215,38,Other,Clothing,49.31,8,20,78.9,394.48,315.58,Debit Card,29,4,False,South,1183.55
30,08-26-24,1955,47,Male,Beauty,39.0,5,5,9.75,195.0,185.25,Debit Card,10,5,False,East,1955.32
31,10-12-23,3324,29,Female,Home & Garden,53.87,6,10,32.32,323.22,290.9,Mobile Wallet,25,1,False,West,775.01
32,01-07-23,2184,23,Male,Sports,112.01,8,10,89.61,896.08,806.47,Debit Card,22,5,True,South,2317.61
33,06-13-23,1459,46,Female,Books,30.34,8,15,36.41,242.72,206.31,PayPal,15,4,True,North,821.03
34,12-15-24,4385,51,Female,Sports,2.24,7,20,3.14,15.68,12.54,Mobile Wallet,8,4,False,South,1365.6
35,03-08-24,1021,21,Male,Beauty,72.09,8,5,28.84,576.72,547.88,Debit Card,9,3,False,West,1046.95
36,12-15-23,3300,26,Male,Sports,83.56,7,0,0.0,584.92,584.92,PayPal,1,4,False,South,1700.69
37,10-12-23,1747,32,Female,Electronics,2.56,6,10,1.54,15.36,13.82,Credit Card,21,5,False,South,263.52
38,06-09-23,3904,59,Male,Books,13.91,5,5,3.48,69.55,66.07,Credit Card,12,3,False,North,1953.46
39,08-09-23,4632,43,Male,Home & Garden,73.61,5,15,55.21,368.05,312.84,PayPal,16,4,False,West,434.27
40,12-11-23,1474,15,Female,Books,23.59,8,15,28.31,188.72,160.41,Debit Card,7,4,False,West,393.23
41,04-15-23,2082,33,Other,Electronics,31.99,1,20,6.4,31.99,25.59,PayPal,12,4,False,South,1245.16
42,04-05-23,3558,31,Male,Books,86.63,2,15,25.99,173.26,147.27,PayPal,12,3,False,North,301.15
43,01-25-24,4753,17,Male,Books,4.97,1,15,0.75,4.97,4.22,PayPal,11,4,False,South,4.22
44,04-10-23,3047,33,Other,Home & Garden,56.55,7,10,39.58,395.85,356.27,Credit Card,16,3,False,East,356.27
45,01-03-24,4547,30,Male,Electronics,12.1,9,10,10.89,108.9,98.01,Credit Card,8,4,False,West,580.06
46,12-19-23,3747,29,Female,Books,3.24,7,15,3.4,22.68,19.28,Credit Card,19,5,False,West,372.44
47,09-10-24,1975,28,Male,Beauty,54.31,9,20,97.76,488.79,391.03,Debit Card,8,4,False,North,468.97
48,09-28-23,2806,57,Female,Books,6.47,4,10,2.59,25.88,23.29,Mobile Wallet,5,5,True,West,142.26
49,02-14-23,1189,29,Other,Clothing,68.72,7,10,48.1,481.04,432.94,Credit Card,17,5,False,North,2061.71
50,04-15-24,4005,35,Other,Books,11.33,7,15,11.9,79.31,67.41,Credit Card,16,5,False,West,906.88
51,07-03-24,3734,34,Other,Home & Garden,2.49,2,20,1.0,4.98,3.98,PayPal,4,3,False,North,409.96
52,05-08-23,4005,27,Male,Clothing,5.23,2,15,1.57,10.46,8.89,Debit Card,18,5,False,South,906.88
53,01-23-24,1562,36,Other,Beauty,92.03,8,0,0.0,736.24,736.24,PayPal,12,4,False,North,2952.45
54,03-22-23,2899,35,Male,Beauty,23.18,2,0,0.0,46.36,46.36,PayPal,21,5,False,East,308.85
55,07-19-24,4638,36,Male,Beauty,18.0,1,20,3.6,18.0,14.4,PayPal,4,5,True,East,726.0
56,10-28-23,2267,22,Male,Electronics,33.78,1,0,0.0,33.78,33.78,PayPal,18,5,False,South,33.78
57,10-05-24,3879,31,Other,Beauty,50.11,1,20,10.02,50.11,40.09,Credit Card,7,4,False,North,1819.93
58,09-25-24,2528,46,Other,Sports,1.89,6,0,0.0,11.34,11.34,Debit Card,2,3,False,South,1915.83
59,01-06-24,4202,32,Male,Home & Garden,114.23,5,5,28.56,571.15,542.59,Credit Card,2,3,True,East,778.75
60,08-14-24,4556,37,Other,Electronics,159.08,7,10,111.36,1113.56,1002.2,Mobile Wallet,13,5,False,West,2431.22
61,07-16-23,4890,37,Male,Clothing,27.0,3,15,12.15,81.0,68.85,PayPal,4,2,False,South,865.37
62,12-22-24,1646,41,Other,Sports,26.6,5,20,26.6,133.0,106.4,Credit Card,5,3,False,East,224.3
63,03-13-23,3068,43,Female,Electronics,105.42,2,0,0.0,210.84,210.84,Debit Card,26,5,True,East,2143.21
64,02-16-23,3888,32,Other,Home & Garden,28.05,9,5,12.62,252.45,239.83,Mobile Wallet,12,5,True,South,873.68
65,11-08-24,3214,21,Other,Clothing,96.96,9,0,0.0,872.64,872.64,Credit Card,11,1,False,East,951.8
66,08-22-23,2297,16,Other,Home & Garden,1.44,4,5,0.29,5.76,5.47,Credit Card,29,5,False,East,15.4
67,10-24-23,3435,50,Male,Home & Garden,33.63,2,15,10.09,67.26,57.17,Mobile Wallet,3,5,False,East,130.17
68,03-23-23,1600,46,Male,Clothing,152.28,8,10,121.82,1218.24,1096.42,Debit Card,11,4,True,North,1736.74
69,08-27-23,3363,44,Female,Beauty,14.57,4,10,5.83,58.28,52.45,Mobile Wallet,9,4,False,East,908.75
70,04-14-23,3061,47,Female,Books,15.47,5,5,3.87,77.35,73.48,Mobile Wallet,26,5,False,South,120.58
71,01-25-24,1241,32,Female,Home & Garden,49.73,4,0,0.0,198.92,198.92,PayPal,22,1,False,West,2120.47
72,10-12-23,3041,25,Male,Beauty,130.31,2,10,26.06,260.62,234.56,PayPal,27,5,False,North,582.02
73,04-09-24,3824,20,Female,Clothing,11.08,6,0,0.0,66.48,66.48,Mobile Wallet,8,3,False,West,253.72
74,10-12-24,4417,18,Female,Home & Garden,127.33,1,20,25.47,127.33,101.86,PayPal,21,5,True,North,108.46
75,01-09-24,3612,53,Other,Books,54.38,8,0,0.0,435.04,435.04,Debit Card,8,4,False,South,2754.04
76,06-16-23,3945,27,Female,Clothing,248.43,1,20,49.69,248.43,198.74,Credit Card,10,4,False,West,277.03
77,01-15-24,2363,50,Other,Electronics,66.68,5,20,66.68,333.4,266.72,Mobile Wallet,6,5,False,East,1821.17
78,12-30-23,3139,32,Male,Electronics,55.1,9,10,49.59,495.9,446.31,PayPal,23,3,False,South,1303.35
79,08-03-23,2390,24,Male,Beauty,84.34,1,20,16.87,84.34,67.47,Debit Card,18,5,False,South,1481.68
80,11-17-24,4003,18,Other,Electronics,9.63,7,0,0.0,67.41,67.41,Debit Card,6,5,False,West,235.7
81,10-01-23,2478,26,Female,Sports,145.93,7,15,153.23,1021.51,868.28,Debit Card,21,5,False,East,1946.55
82,12-19-24,4499,56,Male,Home & Garden,9.05,5,0,0.0,45.25,45.25,Mobile Wallet,12,5,False,West,1307.46
83,11-30-24,3556,18,Other,Home & Garden,1.3,4,5,0.26,5.2,4.94,PayPal,16,4,False,East,331.5
84,10-25-24,1775,66,Male,Clothing,59.84,9,5,26.93,538.56,511.63,Debit Card,24,5,False,North,713.41
85,03-15-23,1034,22,Male,Sports,10.2,5,0,0.0,51.0,51.0,PayPal,21,4,False,West,1022.57
86,09-15-24,3253,46,Female,Home & Garden,71.1,1,5,3.56,71.1,67.54,Credit Card,16,4,False,North,1611.22
87,10-12-24,4152,32,Male,Clothing,79.25,9,15,106.99,713.25,606.26,Debit Card,23,3,False,East,992.26
88,06-25-23,2955,30,Other,Books,13.51,5,5,3.38,67.55,64.17,Debit Card,4,3,False,East,513.97
89,06-30-24,2585,15,Female,Home & Garden,4.54,9,10,4.09,40.86,36.77,PayPal,18,1,False,South,348.13
90,09-08-23,4943,33,Other,Beauty,34.74,8,15,41.69,277.92,236.23,PayPal,29,4,False,East,505.14
91,06-17-23,4459,17,Other,Home & Garden,110.46,7,10,77.32,773.22,695.9,PayPal,27,4,False,West,716.5
92,04-18-24,4073,9,Other,Books,93.96,6,10,56.38,563.76,507.38,Credit Card,13,3,False,West,567.04
93,01-24-24,2021,36,Female,Books,6.23,9,15,8.41,56.07,47.66,Mobile Wallet,3,2,False,East,47.66
94,10-04-23,4461,25,Male,Home & Garden,167.31,4,10,66.92,669.24,602.32,PayPal,27,4,True,East,877.95
95,10-17-24,3613,60,Other,Books,15.32,5,5,3.83,76.6,72.77,Debit Card,26,5,False,West,740.67
96,12-05-24,2129,50,Male,Clothing,21.49,1,0,0.0,21.49,21.49,Credit Card,12,4,False,West,52.51
97,07-24-24,4843,60,Male,Home & Garden,8.07,7,15,8.47,56.49,48.02,PayPal,20,4,False,East,166.72
98,08-13-23,4893,24,Other,Home & Garden,23.72,6,0,0.0,142.32,142.32,PayPal,19,2,False,East,959.66
99,12-02-24,2500,37,Male,Electronics,50.48,7,15,53.0,353.36,300.36,Debit Card,23,4,False,West,1571.34
100,11-29-23,1702,-4,Female,Beauty,35.27,1,15,5.29,35.27,29.98,Debit Card,28,5,True,South,428.26
101,02-27-23,3449,30,Female,Home & Garden,87.88,7,10,61.52,615.16,553.64,PayPal,5,3,False,East,1326.17
102,08-23-23,3777,36,Male,Electronics,51.26,7,0,0.0,358.82,358.82,Credit Card,19,5,False,South,1087.89
103,02-02-23,2579,37,Male,Books,15.3,8,5,6.12,122.4,116.28,PayPal,19,5,False,West,2448.24
104,11-20-23,1161,34,Female,Beauty,40.76,2,0,0.0,81.52,81.52,Mobile Wallet,25,5,False,South,713.84
105,02-15-24,1201,35,Male,Beauty,3.32,1,15,0.5,3.32,2.82,Credit Card,29,4,False,North,1026.56
106,10-02-23,2981,-5,Male,Books,43.47,1,5,2.17,43.47,41.3,Debit Card,12,5,False,South,323.55
107,03-09-23,1995,38,Male,Clothing,24.69,8,10,19.75,197.52,177.77,Debit Card,28,4,False,North,273.13
108,08-05-23,3317,42,Male,Electronics,5.18,7,5,1.81,36.26,34.45,Credit Card,25,5,False,East,701.7
109,08-03-24,4934,55,Other,Home & Garden,18.37,9,5,8.27,165.33,157.06,Credit Card,5,5,False,North,591.44
110,11-19-23,1815,40,Male,Electronics,114.18,2,0,0.0,228.36,228.36,Debit Card,2,3,False,West,2874.55
111,08-06-23,4342,33,Female,Books,44.1,4,15,26.46,176.4,149.94,Mobile Wallet,26,2,False,East,1473.39
112,11-02-24,1455,51,Other,Books,116.79,8,15,140.15,934.32,794.17,Credit Card,16,2,False,East,1226.17
113,05-26-24,4533,0,Other,Clothing,26.45,6,15,23.8,158.7,134.9,Debit Card,21,5,True,North,511.05
114,02-10-24,4798,27,Female,Beauty,192.94,2,20,77.18,385.88,308.7,PayPal,4,5,False,West,647.17
115,10-20-24,2275,23,Male,Beauty,22.32,2,10,4.46,44.64,40.18,Credit Card,22,4,False,West,240.62
116,04-14-24,2016,34,Other,Books,70.69,7,0,0.0,494.83,494.83,Mobile Wallet,15,5,False,West,2013.27
117,05-27-23,4773,2,Other,Electronics,18.22,9,15,24.6,163.98,139.38,Credit Card,10,5,False,West,280.72
118,09-29-23,3343,54,Male,Beauty,5.6,8,5,2.24,44.8,42.56,Mobile Wallet,22,5,False,South,1966.31
119,05-23-23,4796,31,Male,Home & Garden,89.51,2,20,35.8,179.02,143.22,Debit Card,6,3,False,West,399.46
120,09-10-23,3767,39,Female,Home & Garden,71.9,3,10,21.57,215.7,194.13,Credit Card,7,4,False,West,912.91
121,07-28-24,4820,38,Other,Electronics,85.91,8,15,103.09,687.28,584.19,Credit Card,2,5,False,East,1152.7
122,07-05-24,1337,53,Male,Clothing,17.81,4,20,14.25,71.24,56.99,Mobile Wallet,4,4,False,North,2592.33
123,09-27-23,1878,7,Male,Home & Garden,60.81,6,10,36.49,364.86,328.37,Mobile Wallet,15,4,False,South,328.37
124,08-21-24,2076,36,Female,Electronics,12.42,2,5,1.24,24.84,23.6,PayPal,13,5,False,South,584.42
125,03-14-24,1791,52,Other,Electronics,0.57,1,20,0.11,0.57,0.46,Mobile Wallet,9,5,False,East,1398.66
126,08-20-24,4993,33,Male,Books,100.68,6,0,0.0,604.08,604.08,Debit Card,5,4,False,South,1472.06
127,02-13-24,3264,20,Female,Beauty,37.07,8,10,29.66,296.56,266.9,Credit Card,17,4,False,South,1410.42
128,01-06-24,1763,25,Other,Books,205.69,5,20,205.69,1028.45,822.76,Mobile Wallet,6,5,False,East,1038.82
129,08-13-23,3235,29,Other,Beauty,24.31,1,20,4.86,24.31,19.45,PayPal,14,1,False,West,681.44
130,05-22-23,1379,24,Other,Clothing,157.18,2,10,31.44,314.36,282.92,PayPal,5,4,False,South,282.92
131,06-05-24,1492,32,Other,Clothing,47.73,3,20,28.64,143.19,114.55,Mobile Wallet,2,5,False,North,1056.81
132,05-20-24,4112,57,Female,Clothing,35.89,2,20,14.36,71.78,57.42,PayPal,14,4,True,West,142.48
133,04-04-23,2180,26,Male,Electronics,18.03,9,10,16.23,162.27,146.04,Credit Card,19,5,False,West,155.29
134,02-18-23,3062,27,Other,Electronics,87.23,2,5,8.72,174.46,165.74,Debit Card,19,4,False,West,2145.37
135,04-23-23,4884,41,Other,Books,88.24,3,0,0.0,264.72,264.72,PayPal,28,4,False,South,621.75
136,06-06-23,1064,32,Male,Home & Garden,26.97,9,10,24.27,242.73,218.46,Mobile Wallet,23,5,False,North,608.8
137,10-04-24,4928,15,Other,Beauty,64.97,3,15,29.24,194.91,165.67,Mobile Wallet,13,5,False,South,402.2
138,06-13-23,4910,34,Other,Beauty,29.64,8,20,47.42,237.12,189.7,Credit Card,21,4,False,East,437.88
139,11-27-24,3568,33,Male,Clothing,67.29,8,0,0.0,538.32,538.32,Debit Card,12,4,False,South,703.79
140,03-08-24,2367,49,Male,Beauty,257.41,3,0,0.0,772.23,772.23,Mobile Wallet,28,2,False,North,1332.5
141,09-02-24,2152,20,Other,Sports,15.22,3,10,4.57,45.66,41.09,Debit Card,25,4,False,South,703.08
142,03-07-23,3027,49,Male,Clothing,50.26,8,15,60.31,402.08,341.77,PayPal,1,5,False,East,346.16
143,01-30-24,3695,33,Female,Beauty,23.89,3,15,10.75,71.67,60.92,Credit Card,3,4,True,West,188.58
144,01-26-24,2495,18,Female,Books,39.74,4,5,7.95,158.96,151.01,PayPal,10,5,False,South,233.79
145,09-02-24,4134,15,Other,Beauty,103.63,5,15,77.72,518.15,440.43,Debit Card,8,3,False,West,1121.01
146,04-24-24,2162,64,Other,Electronics,21.35,7,10,14.94,149.45,134.51,Mobile Wallet,13,4,False,South,408.66
147,06-25-24,2522,32,Male,Books,3.76,1,0,0.0,3.76,3.76,Mobile Wallet,19,2,False,North,1356.3
148,09-15-23,3640,49,Male,Books,80.21,8,0,0.0,641.68,641.68,Credit Card,3,5,False,West,1267.56
149,07-20-24,1391,9,Other,Books,40.49,3,15,18.22,121.47,103.25,PayPal,24,4,False,South,601.99
150,01-12-23,2698,74,Other,Sports,29.84,7,20,41.78,208.88,167.1,Debit Card,26,4,False,North,574.92
151,11-27-24,1418,48,Female,Sports,10.13,3,5,1.52,30.39,28.87,Mobile Wallet,3,2,False,East,1167.58
152,04-28-23,3336,31,Male,Beauty,4.87,9,15,6.57,43.83,37.26,Mobile Wallet,27,5,False,West,548.42
153,11-29-24,1378,30,Other,Clothing,16.34,5,10,8.17,81.7,73.53,Credit Card,18,5,False,West,83.45
154,07-03-24,2796,46,Other,Beauty,63.45,3,5,9.52,190.35,180.83,Credit Card,3,4,False,South,226.37
155,10-01-23,4561,45,Male,Beauty,26.53,3,15,11.94,79.59,67.65,PayPal,29,4,False,West,4162.09
156,10-18-24,3278,37,Male,Beauty,42.22,4,5,8.44,168.88,160.44,Mobile Wallet,12,5,False,East,618.06
157,12-15-23,4065,35,Other,Electronics,4.28,5,20,4.28,21.4,17.12,PayPal,2,5,False,West,173.72
158,04-25-23,3088,43,Other,Books,6.58,5,10,3.29,32.9,29.61,Debit Card,8,5,False,West,126.51
159,10-28-23,4099,8,Other,Home & Garden,0.57,8,15,0.68,4.56,3.88,PayPal,28,4,False,East,3.88
160,03-21-24,3182,29,Male,Clothing,55.93,6,0,0.0,335.58,335.58,Credit Card,21,5,True,North,659.73
161,06-11-23,1200,10,Other,Clothing,15.36,5,10,7.68,76.8,69.12,PayPal,14,4,False,West,1001.7
162,04-09-24,2863,44,Other,Books,170.45,2,20,68.18,340.9,272.72,Credit Card,19,4,False,South,1622.17
163,01-04-23,1779,24,Other,Clothing,18.44,5,20,18.44,92.2,73.76,Mobile Wallet,11,5,False,North,246.16
164,09-27-23,3977,11,Female,Books,22.6,7,0,0.0,158.2,158.2,Debit Card,16,3,False,West,349.83
165,05-27-24,4104,23,Female,Clothing,31.7,3,10,9.51,95.1,85.59,Mobile Wallet,14,5,False,North,793.62
166,07-02-23,4119,37,Male,Beauty,19.22,7,15,20.18,134.54,114.36,PayPal,8,3,False,West,516.06
167,06-03-24,1502,31,Other,Electronics,85.03,1,0,0.0,85.03,85.03,Mobile Wallet,24,4,False,North,92.92
168,04-19-23,3454,17,Other,Clothing,104.46,6,15,94.01,626.76,532.75,Credit Card,27,3,False,South,610.92
169,10-02-24,4645,9,Male,Clothing,0.55,1,5,0.03,0.55,0.52,Mobile Wallet,20,5,False,North,1114.93
170,11-02-23,2751,36,Male,Home & Garden,53.16,7,15,55.82,372.12,316.3,Debit Card,14,3,False,East,722.36
171,10-16-24,1804,26,Male,Electronics,57.93,6,5,17.38,347.58,330.2,Credit Card,25,1,False,West,820.76
172,06-03-24,3146,31,Other,Beauty,162.76,1,15,24.41,162.76,138.35,Debit Card,12,1,False,West,1376.5
173,09-15-24,3731,32,Female,Electronics,23.13,9,5,10.41,208.17,197.76,PayPal,17,4,False,South,197.76
174,07-23-23,2895,41,Male,Electronics,10.86,5,10,5.43,54.3,48.87,Debit Card,23,4,False,East,1419.48
175,06-06-23,3773,47,Other,Clothing,36.76,7,20,51.46,257.32,205.86,Credit Card,12,1,False,North,2324.83
176,01-18-24,2570,37,Male,Sports,29.67,1,10,2.97,29.67,26.7,Credit Card,21,2,False,North,28.49
177,06-15-23,1960,30,Other,Clothing,78.45,8,0,0.0,627.6,627.6,Debit Card,12,2,True,East,627.6
178,07-06-24,4810,35,Male,Books,117.16,8,10,93.73,937.28,843.55,Mobile Wallet,12,5,False,East,1549.16
179,06-27-24,3660,29,Other,Home & Garden,4.53,9,10,4.08,40.77,36.69,PayPal,7,3,False,North,1218.02
180,01-01-23,2485,10,Male,Electronics,93.73,2,20,37.49,187.46,149.97,Credit Card,10,4,False,South,375.59
181,09-05-24,3690,51,Female,Books,119.83,6,10,71.9,718.98,647.08,PayPal,16,2,False,South,939.8
182,11-28-23,4840,48,Male,Beauty,128.94,5,0,0.0,644.7,644.7,Mobile Wallet,27,5,False,North,660.11
183,05-15-24,2028,64,Male,Books,72.26,6,10,43.36,433.56,390.2,Debit Card,24,4,False,North,935.27
184,01-20-23,4289,69,Female,Sports,67.76,5,10,33.88,338.8,304.92,Debit Card,3,5,False,East,1683.69
185,04-25-23,1502,17,Male,Electronics,0.75,1,10,0.08,0.75,0.67,Credit Card,3,5,False,West,92.92
186,01-07-24,3814,29,Female,Clothing,126.41,2,10,25.28,252.82,227.54,Credit Card,1,5,False,West,765.73
187,11-11-23,1397,72,Other,Electronics,21.66,3,20,13.0,64.98,51.98,PayPal,5,5,False,East,1143.39
188,09-03-23,1870,34,Female,Home & Garden,2.1,7,20,2.94,14.7,11.76,Mobile Wallet,8,4,False,North,206.38
189,03-01-23,3842,38,Female,Electronics,26.63,9,0,0.0,239.67,239.67,Debit Card,17,3,False,West,2131.05
190,09-04-23,1392,12,Other,Books,66.0,2,0,0.0,132.0,132.0,PayPal,16,1,False,North,1718.73
191,08-03-24,1206,37,Female,Books,29.17,1,0,0.0,29.17,29.17,PayPal,16,5,False,North,53.39
192,03-22-23,2038,63,Female,Clothing,70.94,1,10,7.09,70.94,63.85,PayPal,18,4,False,West,63.85
193,03-29-23,2881,54,Other,Clothing,35.61,4,15,21.37,142.44,121.07,Mobile Wallet,18,5,False,East,526.43
194,05-12-24,4625,25,Male,Clothing,17.79,9,10,16.01,160.11,144.1,Debit Card,14,4,False,North,273.09
195,03-12-23,3939,29,Male,Beauty,11.34,4,15,6.8,45.36,38.56,Debit Card,12,5,False,North,392.33
196,06-29-24,2484,18,Female,Home & Garden,27.33,3,0,0.0,81.99,81.99,Mobile Wallet,10,5,False,West,365.36
197,05-09-23,4762,22,Male,Beauty,1.82,8,10,1.46,14.56,13.1,Mobile Wallet,2,2,False,East,89.8
198,05-12-23,4646,6,Male,Beauty,27.46,9,0,0.0,247.14,247.14,PayPal,21,5,False,West,1502.55
199,11-06-24,1863,33,Female,Beauty,3.55,5,20,3.55,17.75,14.2,PayPal,26,3,False,East,44.0
200,05-01-24,3790,57,Other,Electronics,104.78,2,0,0.0,209.56,209.56,PayPal,23,5,False,South,418.61
201,07-16-24,4312,40,Male,Sports,42.84,4,10,17.14,171.36,154.22,Mobile Wallet,28,5,False,East,332.74
202,06-19-23,1563,55,Female,Electronics,51.93,8,20,83.09,415.44,332.35,Debit Card,3,5,False,South,460.72
203,09-29-23,2020,51,Other,Clothing,17.04,2,20,6.82,34.08,27.26,Debit Card,1,2,True,South,27.26
204,06-24-24,1095,26,Male,Home & Garden,12.8,9,15,17.28,115.2,97.92,Debit Card,9,2,False,North,97.92
205,09-13-24,2923,23,Other,Beauty,61.53,5,5,15.38,307.65,292.27,PayPal,25,5,False,North,1071.95
206,03-09-24,2757,24,Female,Electronics,55.67,7,20,77.94,389.69,311.75,Debit Card,4,5,False,West,1051.91
207,08-05-23,3532,9,Other,Books,6.54,5,5,1.64,32.7,31.06,PayPal,21,3,False,West,2114.83
208,07-06-24,4478,35,Other,Beauty,13.63,3,0,0.0,40.89,40.89,Mobile Wallet,16,5,False,East,178.07
209,12-07-24,3278,-8,Female,Electronics,146.47,2,0,0.0,292.94,292.94,Credit Card,4,1,False,North,618.06
210,07-25-23,3796,43,Male,Books,18.13,3,20,10.88,54.39,43.51,Mobile Wallet,24,5,False,West,650.33
211,12-31-24,2678,36,Male,Electronics,1.31,2,15,0.39,2.62,2.23,PayPal,17,5,False,East,358.85
212,11-16-23,4242,42,Other,Electronics,3.3,2,0,0.0,6.6,6.6,Debit Card,15,5,False,North,6.6
213,02-13-24,1540,50,Other,Beauty,74.69,2,5,7.47,149.38,141.91,Credit Card,4,2,False,South,1135.02
214,11-18-24,2059,37,Other,Electronics,70.77,2,20,28.31,141.54,113.23,Credit Card,4,5,False,South,113.23
215,10-27-24,3572,59,Other,Clothing,24.05,8,20,38.48,192.4,153.92,Credit Card,12,4,False,North,292.35
216,01-18-24,2183,44,Male,Books,8.31,5,15,6.23,41.55,35.32,Mobile Wallet,3,4,False,East,63.88
217,03-24-24,4910,23,Female,Home & Garden,34.47,9,20,62.05,310.23,248.18,Credit Card,20,2,False,South,437.88
218,06-13-24,2722,31,Female,Sports,20.17,5,10,10.09,100.85,90.76,PayPal,23,3,False,North,1293.2
219,04-07-24,4314,1,Female,Beauty,23.42,1,5,1.17,23.42,22.25,PayPal,5,3,False,East,46.14
220,05-04-23,4157,21,Other,Books,15.12,8,10,12.1,120.96,108.86,Mobile Wallet,19,5,False,North,1000.1
221,09-11-23,2819,29,Other,Clothing,3.25,3,10,0.98,9.75,8.77,Debit Card,6,5,False,West,518.35
222,08-19-23,3625,43,Female,Books,78.31,2,5,7.83,156.62,148.79,Debit Card,28,4,False,West,263.63
223,03-07-23,3729,23,Male,Home & Garden,48.15,6,20,57.78,288.9,231.12,Mobile Wallet,26,5,False,East,500.31
224,12-13-23,3604,16,Female,Beauty,89.98,4,20,71.98,359.92,287.94,Debit Card,9,5,False,East,1098.03
225,01-22-23,2597,6,Male,Books,34.98,4,10,13.99,139.92,125.93,Debit Card,3,4,False,South,898.4
226,08-25-24,4060,26,Other,Clothing,209.94,9,5,94.47,1889.46,1794.99,Credit Card,2,4,False,North,1818.72
227,07-21-24,3693,64,Female,Beauty,164.2,8,0,0.0,1313.6,1313.6,Mobile Wallet,25,5,False,South,1647.48
228,08-24-23,1795,39,Female,Clothing,15.86,3,5,2.38,47.58,45.2,Mobile Wallet,21,5,True,South,267.65
229,08-25-24,2051,49,Other,Beauty,24.47,9,10,22.02,220.23,198.21,Debit Card,10,1,False,West,477.41
230,08-14-23,2643,21,Male,Sports,69.86,1,5,3.49,69.86,66.37,Debit Card,5,5,False,South,66.37
231,01-08-23,4627,11,Female,Home & Garden,74.94,7,5,26.23,524.58,498.35,Mobile Wallet,29,5,False,East,1327.86
232,03-14-23,2363,16,Female,Sports,120.79,7,0,0.0,845.53,845.53,PayPal,7,5,False,South,1821.17
233,12-25-24,4869,33,Male,Electronics,52.87,2,15,15.86,105.74,89.88,Mobile Wallet,15,4,True,West,89.88
234,10-08-24,2981,5,Female,Clothing,32.23,7,15,33.84,225.61,191.77,Credit Card,2,5,False,South,323.55
235,03-02-23,2354,19,Female,Sports,23.71,7,0,0.0,165.97,165.97,Debit Card,10,5,False,North,487.23
236,08-23-23,2663,26,Other,Clothing,27.17,9,5,12.23,244.53,232.3,Credit Card,11,2,False,South,234.24
237,03-11-23,2529,15,Male,Beauty,94.99,6,10,56.99,569.94,512.95,Mobile Wallet,21,5,False,North,1342.06
238,02-02-23,3038,3,Female,Clothing,195.62,9,0,0.0,1760.58,1760.58,Debit Card,24,4,True,South,2538.59
239,12-05-23,4419,39,Female,Electronics,2.67,3,15,1.2,8.01,6.81,Mobile Wallet,8,2,False,East,290.93
240,03-14-23,2496,35,Other,Clothing,43.4,8,15,52.08,347.2,295.12,Mobile Wallet,26,5,True,East,350.85
241,06-10-24,4302,46,Female,Beauty,36.7,4,0,0.0,146.8,146.8,Credit Card,23,3,False,North,203.91
242,09-01-23,3237,18,Other,Beauty,23.59,1,5,1.18,23.59,22.41,Credit Card,21,4,False,North,56.5
243,10-13-23,4296,46,Female,Sports,95.38,7,20,133.53,667.66,534.13,PayPal,12,3,False,West,1025.3
244,11-16-24,2408,57,Other,Home & Garden,42.87,3,10,12.86,128.61,115.75,Debit Card,4,2,False,South,441.33
245,05-12-24,2400,38,Male,Books,18.78,4,20,15.02,75.12,60.1,Mobile Wallet,28,3,False,West,60.1
246,08-08-23,2306,25,Male,Sports,29.36,3,10,8.81,88.08,79.27,Debit Card,29,4,True,West,681.69
247,07-06-24,3680,37,Female,Electronics,22.07,6,20,26.48,132.42,105.94,Credit Card,13,4,False,East,105.94
248,05-16-23,3675,25,Female,Books,28.11,1,20,5.62,28.11,22.49,Debit Card,18,2,False,West,2281.46
249,08-07-24,1972,22,Other,Clothing,3.7,7,10,2.59,25.9,23.31,PayPal,18,4,False,East,654.81
250,08-13-24,2768,45,Other,Sports,5.93,8,10,4.74,47.44,42.7,Mobile Wallet,27,5,False,West,598.97
251,04-29-24,2282,32,Male,Books,48.87,3,15,21.99,146.61,124.62,Mobile Wallet,3,5,False,North,124.62
252,09-06-23,4430,53,Female,Sports,57.61,9,5,25.92,518.49,492.57,Mobile Wallet,3,4,False,West,1858.03
253,04-29-24,1709,28,Other,Clothing,50.62,2,5,5.06,101.24,96.18,Credit Card,7,4,True,South,799.02
254,02-21-24,2479,29,Male,Beauty,72.0,9,15,97.2,648.0,550.8,Mobile Wallet,22,4,False,East,657.19
255,07-14-23,2434,26,Male,Sports,143.71,5,20,143.71,718.55,574.84,Credit Card,17,3,False,North,826.72
256,04-07-23,1648,18,Other,Electronics,98.53,6,10,59.12,591.18,532.06,PayPal,28,5,False,South,1184.05
257,04-10-23,1317,47,Female,Books,27.11,2,0,0.0,54.22,54.22,Mobile Wallet,29,5,False,North,675.37
258,11-05-24,4748,67,Male,Books,12.27,5,20,12.27,61.35,49.08,Debit Card,6,3,False,South,221.16
259,03-17-24,4296,29,Other,Books,18.69,6,5,5.61,112.14,106.53,Credit Card,16,3,False,East,1025.3
260,12-29-23,4890,24,Male,Sports,44.31,5,10,22.16,221.55,199.39,Credit Card,28,5,False,North,865.37
261,03-09-24,2257,23,Female,Clothing,96.97,4,15,58.18,387.88,329.7,Debit Card,5,4,False,East,656.04
262,02-25-24,1683,24,Other,Sports,60.49,8,20,96.78,483.92,387.14,Debit Card,22,4,True,North,387.14
263,04-23-24,1663,59,Female,Sports,39.16,2,0,0.0,78.32,78.32,PayPal,24,5,False,North,394.29
264,02-25-23,2998,24,Female,Beauty,46.05,1,20,9.21,46.05,36.84,Credit Card,17,3,False,East,414.12
265,11-20-24,4898,26,Male,Books,37.57,2,15,11.27,75.14,63.87,PayPal,29,5,False,North,63.87
266,10-31-24,4445,16,Female,Clothing,178.12,4,0,0.0,712.48,712.48,Debit Card,11,5,False,West,1111.76
267,10-23-24,4743,39,Male,Home & Garden,84.67,1,20,16.93,84.67,67.74,Mobile Wallet,22,2,False,South,81.47
268,04-11-23,2631,33,Other,Clothing,76.0,9,15,102.6,684.0,581.4,Debit Card,12,2,False,South,696.8
269,03-04-23,2495,17,Other,Sports,36.42,1,20,7.28,36.42,29.14,Debit Card,12,5,False,West,233.79
270,02-17-24,4304,21,Male,Electronics,20.16,5,10,10.08,100.8,90.72,PayPal,4,3,False,South,766.46
271,12-14-23,4763,57,Male,Clothing,0.99,8,20,1.58,7.92,6.34,PayPal,9,1,False,North,6.34
272,04-22-23,2136,35,Male,Books,2.22,9,15,3.0,19.98,16.98,Debit Card,14,5,False,North,1425.18
273,09-12-23,2853,36,Female,Electronics,1.54,9,5,0.69,13.86,13.17,PayPal,12,3,False,North,493.76
274,07-16-23,2520,36,Other,Home & Garden,196.81,8,15,236.17,1574.48,1338.31,Credit Card,10,3,False,East,1841.31
275,07-14-23,3489,55,Other,Home & Garden,6.08,6,20,7.3,36.48,29.18,PayPal,8,3,False,North,698.6
276,07-03-24,1563,19,Female,Electronics,7.66,6,10,4.6,45.96,41.36,PayPal,23,5,False,North,460.72
277,04-04-24,2291,29,Male,Home & Garden,33.1,9,5,14.9,297.9,283.0,Mobile Wallet,3,5,False,East,1521.71
278,05-24-23,4581,32,Other,Electronics,32.83,2,15,9.85,65.66,55.81,Mobile Wallet,27,4,False,North,55.81
279,03-08-24,4878,9,Female,Sports,126.27,3,5,18.94,378.81,359.87,Mobile Wallet,13,4,False,East,530.47
280,07-07-23,4457,21,Male,Electronics,3.82,6,10,2.29,22.92,20.63,Credit Card,16,2,False,East,163.89
281,10-13-23,4458,50,Other,Sports,157.61,8,0,0.0,1260.88,1260.88,PayPal,25,5,False,East,1277.02
282,04-18-24,4184,46,Male,Books,12.19,7,5,4.27,85.33,81.06,PayPal,13,5,True,East,324.41
283,09-13-23,2636,49,Female,Books,175.58,8,15,210.7,1404.64,1193.94,Mobile Wallet,13,3,False,East,3197.14
284,03-19-23,4696,26,Other,Home & Garden,38.97,5,10,19.48,194.85,175.37,Credit Card,19,5,False,South,913.47
285,03-29-24,3999,28,Male,Beauty,52.78,9,15,71.25,475.02,403.77,PayPal,22,5,False,South,549.03
286,07-17-24,4152,8,Male,Beauty,18.97,6,10,11.38,113.82,102.44,PayPal,18,5,False,North,992.26
287,04-11-23,1698,48,Male,Electronics,47.31,2,15,14.19,94.62,80.43,PayPal,8,5,False,West,407.03
288,02-21-23,3160,51,Female,Sports,62.04,6,10,37.22,372.24,335.02,PayPal,1,3,False,North,877.62
289,10-29-24,1001,51,Male,Books,0.52,4,20,0.42,2.08,1.66,Credit Card,17,5,False,West,765.88
290,07-07-24,1641,59,Other,Books,1.74,5,15,1.3,8.7,7.4,Mobile Wallet,24,3,False,West,197.4
291,01-16-23,3267,41,Other,Books,215.17,5,10,107.58,1075.85,968.27,Mobile Wallet,9,5,False,West,1083.92
292,04-06-23,2589,58,Male,Home & Garden,30.58,1,0,0.0,30.58,30.58,Credit Card,10,5,False,North,779.47
293,08-31-23,1854,31,Female,Books,137.3,5,10,68.65,686.5,617.85,PayPal,9,4,True,North,655.87
294,06-20-23,2759,8,Other,Beauty,65.45,9,0,0.0,589.05,589.05,PayPal,12,5,False,West,1245.11
295,02-21-24,4296,47,Other,Clothing,23.34,8,5,9.34,186.72,177.38,Credit Card,24,2,False,North,1025.3
296,05-12-24,3432,7,Other,Home & Garden,8.18,8,10,6.54,65.44,58.9,Credit Card,10,5,False,East,514.92
297,05-07-24,4474,37,Male,Electronics,191.18,3,5,28.68,573.54,544.86,Debit Card,29,2,False,South,1045.8
298,08-07-23,2661,49,Other,Clothing,43.91,9,5,19.76,395.19,375.43,Credit Card,8,1,False,South,475.65
299,02-15-24,2153,39,Male,Home & Garden,10.68,9,20,19.22,96.12,76.9,PayPal,4,5,False,South,120.06
300,03-02-23,2076,69,Male,Home & Garden,57.23,7,10,40.06,400.61,360.55,Credit Card,24,4,False,West,584.42
301,06-18-23,2707,5,Male,Sports,4.83,6,20,5.8,28.98,23.18,Mobile Wallet,14,4,False,East,23.18
302,01-24-24,3777,33,Male,Clothing,101.26,9,20,182.27,911.34,729.07,PayPal,29,4,False,South,1087.89
303,01-03-23,2695,35,Male,Clothing,4.72,6,5,1.42,28.32,26.9,Credit Card,7,5,False,East,731.86
304,02-04-24,2733,14,Other,Beauty,13.47,3,15,6.06,40.41,34.35,Credit Card,25,5,False,South,49.72
305,09-29-23,2439,17,Male,Clothing,4.79,6,5,1.44,28.74,27.3,Credit Card,10,2,True,East,550.43
306,04-10-24,3294,22,Male,Books,5.48,2,5,0.55,10.96,10.41,PayPal,24,5,False,North,1270.51
307,10-20-23,1835,18,Male,Beauty,37.1,2,0,0.0,74.2,74.2,Credit Card,28,5,False,North,952.62
308,03-09-24,4510,33,Male,Books,58.08,7,15,60.98,406.56,345.58,Credit Card,10,5,False,East,817.71
309,12-14-24,1202,25,Male,Beauty,77.67,8,5,31.07,621.36,590.29,Mobile Wallet,15,5,False,East,783.84
310,07-23-24,4255,39,Male,Electronics,59.38,7,15,62.35,415.66,353.31,Debit Card,15,4,False,West,533.17
311,11-08-24,1122,44,Other,Beauty,22.59,5,0,0.0,112.95,112.95,Mobile Wallet,2,5,True,East,1037.13
312,05-13-24,1400,43,Male,Electronics,40.74,4,15,24.44,162.96,138.52,Debit Card,24,5,False,West,350.59
313,06-08-23,1766,28,Male,Beauty,131.32,8,10,105.06,1050.56,945.5,Mobile Wallet,16,5,False,South,945.5
314,07-14-23,1293,39,Other,Electronics,24.52,9,0,0.0,220.68,220.68,Credit Card,24,4,False,North,749.06
315,10-31-23,3327,50,Other,Books,14.54,7,15,15.27,101.78,86.51,Credit Card,10,2,True,South,108.03
316,08-11-23,4908,41,Female,Beauty,36.63,1,20,7.33,36.63,29.3,PayPal,29,5,False,West,540.86
317,03-01-23,3931,62,Other,Sports,17.64,4,15,10.58,70.56,59.98,PayPal,26,2,False,North,490.08
318,08-16-24,4681,49,Other,Beauty,15.18,4,0,0.0,60.72,60.72,Mobile Wallet,25,2,False,South,2158.03
319,07-09-24,1197,60,Male,Electronics,75.44,3,20,45.26,226.32,181.06,Mobile Wallet,15,5,False,South,771.29
320,03-04-23,4029,-2,Female,Home & Garden,110.75,4,15,66.45,443.0,376.55,Debit Card,28,4,True,East,539.05
321,11-18-23,2930,36,Male,Books,34.89,9,15,47.1,314.01,266.91,PayPal,19,3,False,North,581.05
322,02-28-23,4582,30,Female,Sports,75.66,1,0,0.0,75.66,75.66,Mobile Wallet,24,5,False,South,649.58
323,02-21-23,3799,33,Male,Home & Garden,10.36,2,20,4.14,20.72,16.58,Credit Card,24,5,False,East,1590.58
324,08-21-24,3191,22,Other,Home & Garden,39.66,7,20,55.52,277.62,222.1,Mobile Wallet,10,4,False,East,241.0
325,05-03-24,1608,40,Other,Books,50.56,9,15,68.26,455.04,386.78,Debit Card,20,4,False,East,831.63
326,05-29-24,4272,7,Female,Beauty,33.73,7,10,23.61,236.11,212.5,PayPal,15,5,False,West,1077.37
327,06-27-24,2147,41,Male,Clothing,6.21,1,0,0.0,6.21,6.21,PayPal,21,5,False,West,564.44
328,06-11-23,1186,23,Male,Sports,66.23,7,0,0.0,463.61,463.61,Credit Card,29,5,False,East,2486.94
329,02-28-23,4397,27,Other,Beauty,91.34,6,5,27.4,548.04,520.64,PayPal,2,3,False,South,1462.07
330,06-04-24,3511,41,Other,Books,50.42,1,20,10.08,50.42,40.34,PayPal,14,5,False,South,507.76
331,03-24-23,4420,36,Female,Clothing,9.27,1,20,1.85,9.27,7.42,Debit Card,15,4,False,North,1139.65
332,07-10-23,2794,50,Other,Books,3.87,2,5,0.39,7.74,7.35,PayPal,22,5,False,South,106.92
333,03-12-23,1659,20,Female,Books,17.95,6,15,16.16,107.7,91.54,Mobile Wallet,10,5,False,East,380.0
334,09-01-24,3811,33,Female,Home & Garden,1.88,4,15,1.13,7.52,6.39,Credit Card,9,2,False,North,82.81
335,03-11-23,4002,48,Female,Beauty,91.39,4,0,0.0,365.56,365.56,PayPal,19,4,False,North,365.56
336,11-22-24,2955,40,Female,Books,60.71,6,15,54.64,364.26,309.62,Mobile Wallet,6,5,False,South,513.97
337,08-29-23,3450,41,Other,Beauty,41.47,9,10,37.32,373.23,335.91,Credit Card,8,5,False,North,610.52
338,02-18-24,2369,51,Female,Clothing,110.2,1,10,11.02,110.2,99.18,Credit Card,2,3,False,South,104.6
339,05-03-23,2986,28,Other,Home & Garden,5.83,2,10,1.17,11.66,10.49,Debit Card,26,4,False,East,1096.52
340,08-06-24,2534,25,Female,Clothing,62.67,8,5,25.07,501.36,476.29,PayPal,1,1,False,East,630.22
341,09-10-23,1146,43,Other,Clothing,7.93,8,10,6.34,63.44,57.1,Credit Card,13,4,False,South,881.53
342,08-15-24,4219,32,Female,Home & Garden,3.14,6,5,0.94,18.84,17.9,Credit Card,6,1,False,West,54.91
343,08-31-24,3911,51,Other,Beauty,7.13,6,0,0.0,42.78,42.78,Credit Card,3,5,False,East,61.65
344,02-10-23,2734,40,Male,Clothing,150.74,8,0,0.0,1205.92,1205.92,Credit Card,29,5,False,West,1220.91
345,09-26-24,2843,25,Female,Electronics,29.03,2,10,5.81,58.06,52.25,Debit Card,2,5,False,South,239.76
346,03-25-23,1488,40,Female,Beauty,2.51,2,5,0.25,5.02,4.77,Credit Card,27,5,False,South,518.58
347,03-05-24,3976,21,Male,Books,43.81,1,10,4.38,43.81,39.43,Credit Card,10,5,False,East,131.81
348,11-04-24,2959,49,Male,Home & Garden,11.14,6,15,10.03,66.84,56.81,Debit Card,8,4,False,East,1213.02
349,08-20-24,2663,14,Female,Home & Garden,0.34,6,5,0.1,2.04,1.94,Debit Card,9,5,False,West,234.24
350,08-01-24,3598,53,Other,Beauty,71.02,6,5,21.31,426.12,404.81,Debit Card,7,3,False,West,790.65
351,06-19-24,3385,39,Female,Electronics,8.41,2,5,0.84,16.82,15.98,Credit Card,25,3,False,North,408.1
352,11-20-23,3919,32,Other,Electronics,142.79,7,5,49.98,999.53,949.55,Mobile Wallet,29,4,False,East,1402.5
353,09-25-23,1640,46,Male,Electronics,44.92,3,15,20.21,134.76,114.55,Mobile Wallet,28,2,False,East,482.87
354,07-29-23,2802,42,Other,Electronics,4.55,1,10,0.46,4.55,4.09,Credit Card,13,4,False,South,1238.18
355,11-16-24,3520,54,Female,Sports,12.28,1,0,0.0,12.28,12.28,PayPal,7,2,False,South,206.39
356,11-18-23,2969,54,Male,Home & Garden,47.19,9,20,84.94,424.71,339.77,PayPal,19,2,False,West,787.33
357,09-02-23,3198,40,Male,Clothing,20.63,3,20,12.38,61.89,49.51,PayPal,1,4,False,East,493.19
358,09-29-23,2438,21,Female,Home & Garden,37.98,8,5,15.19,303.84,288.65,Debit Card,13,5,False,West,288.65
359,02-10-24,4369,26,Female,Home & Garden,80.35,7,5,28.12,562.45,534.33,PayPal,17,4,True,North,2282.98
360,05-15-23,2634,33,Male,Home & Garden,78.66,2,0,0.0,157.32,157.32,PayPal,12,2,False,South,777.22
361,11-18-24,1262,51,Other,Electronics,59.86,2,20,23.94,119.72,95.78,Debit Card,21,4,False,South,506.08
362,10-22-24,2787,28,Other,Electronics,108.6,4,5,21.72,434.4,412.68,Mobile Wallet,25,2,False,East,808.56
363,11-04-23,3191,29,Other,Sports,11.12,2,15,3.34,22.24,18.9,Credit Card,26,5,False,East,241.0
364,04-13-24,3393,62,Female,Beauty,9.75,5,20,9.75,48.75,39.0,Mobile Wallet,14,5,False,East,187.46
365,11-20-23,1623,33,Male,Home & Garden,80.31,7,15,84.33,562.17,477.84,Debit Card,16,2,False,East,756.36
366,03-16-23,2016,25,Other,Books,19.35,2,0,0.0,38.7,38.7,PayPal,12,2,False,East,2013.27
367,01-10-23,4643,46,Male,Beauty,35.89,9,0,0.0,323.01,323.01,PayPal,22,4,False,North,1317.34
368,04-14-24,1880,34,Other,Sports,68.12,1,20,13.62,68.12,54.5,Mobile Wallet,16,4,True,South,2160.99
369,09-28-24,3049,14,Male,Electronics,25.2,2,10,5.04,50.4,45.36,Debit Card,2,3,False,North,45.36
370,07-30-24,3944,50,Female,Home & Garden,6.97,7,20,9.76,48.79,39.03,Debit Card,22,3,False,North,266.28
371,04-13-23,2327,23,Female,Electronics,56.89,5,15,42.67,284.45,241.78,Mobile Wallet,27,4,False,West,1019.16
372,03-17-23,3301,35,Female,Beauty,84.96,1,10,8.5,84.96,76.46,PayPal,20,5,False,East,81.68
373,07-04-24,4723,33,Other,Clothing,0.64,4,15,0.38,2.56,2.18,Debit Card,25,5,True,South,503.25
374,08-07-23,1452,38,Female,Electronics,41.34,8,15,49.61,330.72,281.11,Mobile Wallet,26,5,False,East,597.46
375,06-02-24,4108,2,Female,Electronics,31.69,5,15,23.77,158.45,134.68,PayPal,19,5,False,North,154.88
376,09-29-23,2183,29,Female,Sports,15.03,2,5,1.5,30.06,28.56,PayPal,7,1,False,South,63.88
377,05-16-23,4062,51,Male,Clothing,8.78,9,10,7.9,79.02,71.12,PayPal,26,2,False,South,1977.81
378,12-24-23,3056,53,Male,Beauty,10.42,1,5,0.52,10.42,9.9,Credit Card,12,3,False,West,746.11
379,03-12-23,4304,20,Male,Books,64.54,1,5,3.23,64.54,61.31,Debit Card,14,5,True,West,766.46
380,09-08-23,4170,48,Male,Books,38.41,5,15,28.81,192.05,163.24,Debit Card,24,5,False,West,1449.09
381,01-14-24,2682,23,Male,Books,198.57,9,0,0.0,1787.13,1787.13,PayPal,18,3,False,East,1868.4
382,10-19-23,3863,29,Male,Home & Garden,13.93,6,20,16.72,83.58,66.86,Credit Card,26,2,False,North,323.35
383,06-11-23,3255,30,Male,Books,157.22,5,0,0.0,786.1,786.1,Debit Card,7,5,False,West,984.03
384,03-24-24,2154,36,Female,Home & Garden,36.19,6,15,32.57,217.14,184.57,Debit Card,5,4,False,West,802.11
385,07-10-24,1403,50,Female,Beauty,7.89,6,20,9.47,47.34,37.87,Credit Card,1,5,False,East,200.01
386,12-21-24,3199,38,Other,Beauty,8.02,9,20,14.44,72.18,57.74,Debit Card,7,4,False,South,254.16
387,11-06-23,3101,33,Female,Electronics,46.9,9,15,63.32,422.1,358.78,Debit Card,16,3,True,East,922.2
388,09-18-24,4191,49,Male,Books,89.02,5,5,22.26,445.1,422.84,Mobile Wallet,26,5,False,South,3844.59
389,10-31-24,2696,22,Male,Sports,68.86,4,20,55.09,275.44,220.35,Debit Card,24,4,False,East,364.35
390,06-25-24,4991,33,Other,Beauty,53.3,1,20,10.66,53.3,42.64,Credit Card,29,3,True,West,610.39
391,01-09-23,1627,49,Female,Clothing,9.44,6,20,11.33,56.64,45.31,Credit Card,16,5,False,North,121.55
392,11-14-24,1586,42,Female,Clothing,5.73,7,20,8.02,40.11,32.09,PayPal,17,1,True,North,32.09
393,07-21-24,2648,28,Other,Beauty,0.01,7,10,0.01,0.07,0.06,Mobile Wallet,4,4,False,East,227.41
394,11-03-23,2443,12,Male,Electronics,5.37,1,5,0.27,5.37,5.1,PayPal,16,4,False,West,80.13
395,11-10-24,2445,39,Male,Clothing,72.7,6,10,43.62,436.2,392.58,Mobile Wallet,4,2,False,North,1428.96
396,04-17-23,1103,11,Male,Clothing,112.81,8,10,90.25,902.48,812.23,Mobile Wallet,5,2,False,East,1235.88
397,05-18-23,4923,31,Male,Electronics,13.74,3,15,6.18,41.22,35.04,PayPal,5,3,False,South,586.86
398,09-28-23,1253,52,Other,Electronics,79.21,1,5,3.96,79.21,75.25,Debit Card,20,4,False,West,967.08
399,04-29-23,4298,43,Female,Electronics,11.09,7,0,0.0,77.63,77.63,Mobile Wallet,11,3,True,West,512.35
400,04-20-23,4183,4,Male,Sports,14.34,4,5,2.87,57.36,54.49,PayPal,14,5,True,West,1127.6
401,07-20-24,3557,38,Female,Electronics,12.69,5,0,0.0,63.45,63.45,PayPal,17,3,False,North,350.5
402,06-09-23,2496,30,Female,Electronics,2.66,2,20,1.06,5.32,4.26,PayPal,9,5,False,North,350.85
403,10-06-23,1098,15,Male,Electronics,10.79,7,0,0.0,75.53,75.53,PayPal,21,3,False,West,75.53
404,10-16-23,3200,40,Male,Beauty,23.38,1,0,0.0,23.38,23.38,PayPal,17,1,True,North,58.23
405,09-11-24,2884,27,Male,Books,26.0,4,0,0.0,104.0,104.0,Debit Card,19,3,False,South,559.23
406,08-04-23,3961,27,Female,Beauty,18.51,8,20,29.62,148.08,118.46,Credit Card,1,5,False,North,218.32
407,12-18-23,2919,36,Other,Books,36.15,7,20,50.61,253.05,202.44,Debit Card,13,2,False,North,293.74
408,07-28-23,1877,25,Male,Sports,23.74,7,10,16.62,166.18,149.56,Credit Card,23,4,False,West,149.56
409,12-04-24,1337,36,Female,Sports,175.94,7,0,0.0,1231.58,1231.58,Mobile Wallet,26,1,False,West,2592.33
410,10-11-24,4777,26,Female,Clothing,82.34,5,5,20.58,411.7,391.12,Mobile Wallet,10,5,False,East,391.12
411,09-28-23,3869,26,Male,Beauty,133.67,3,15,60.15,401.01,340.86,PayPal,29,5,False,East,601.7
412,06-01-24,4234,49,Other,Books,40.76,7,10,28.53,285.32,256.79,Debit Card,10,4,True,South,1780.42
413,05-15-24,4791,51,Male,Sports,56.71,8,0,0.0,453.68,453.68,PayPal,7,4,False,South,858.96
414,09-15-23,1956,9,Male,Sports,9.12,7,10,6.38,63.84,57.46,Debit Card,6,4,False,East,2448.54
415,02-22-23,2704,46,Other,Beauty,69.87,6,0,0.0,419.22,419.22,Mobile Wallet,25,5,False,North,946.29
416,04-05-23,1160,55,Male,Clothing,13.46,9,0,0.0,121.14,121.14,Debit Card,7,5,False,East,899.25
417,10-11-24,2603,58,Male,Electronics,7.88,6,10,4.73,47.28,42.55,PayPal,5,1,False,East,1719.74
418,03-09-24,3848,42,Other,Home & Garden,2.14,5,0,0.0,10.7,10.7,PayPal,7,2,False,South,265.36
419,10-11-23,1397,19,Female,Clothing,31.95,6,0,0.0,191.7,191.7,Mobile Wallet,15,4,False,South,1143.39
420,02-15-23,2300,44,Female,Home & Garden,16.9,4,15,10.14,67.6,57.46,Credit Card,29,5,False,North,306.73
421,01-04-23,1815,21,Female,Clothing,216.1,6,5,64.83,1296.6,1231.77,Mobile Wallet,29,3,False,West,2874.55
422,12-08-23,4987,29,Female,Clothing,14.37,4,20,11.5,57.48,45.98,PayPal,10,5,True,West,45.98
423,05-14-23,2527,40,Female,Electronics,100.7,5,15,75.53,503.5,427.97,Mobile Wallet,20,4,True,East,427.97
424,10-14-24,2919,22,Male,Sports,19.02,6,20,22.82,114.12,91.3,Credit Card,26,4,False,North,293.74
425,09-26-23,2415,17,Other,Books,69.14,1,20,13.83,69.14,55.31,PayPal,13,4,False,West,1003.16
426,06-15-23,2158,41,Female,Clothing,53.92,6,5,16.18,323.52,307.34,Credit Card,9,5,False,West,676.44
427,03-28-24,2218,63,Other,Electronics,41.25,6,15,37.12,247.5,210.38,Debit Card,6,3,False,South,1302.89
428,07-18-24,1400,53,Female,Home & Garden,26.96,1,0,0.0,26.96,26.96,Debit Card,20,5,False,West,350.59
429,12-23-24,1639,45,Male,Beauty,55.6,7,5,19.46,389.2,369.74,Mobile Wallet,21,1,False,South,472.29
430,03-13-24,4104,49,Female,Beauty,26.15,5,0,0.0,130.75,130.75,PayPal,24,2,False,West,793.62
431,07-28-24,3735,44,Female,Sports,39.71,8,0,0.0,317.68,317.68,Debit Card,7,5,False,South,792.01
432,01-10-23,1459,41,Other,Beauty,44.56,5,0,0.0,222.8,222.8,PayPal,6,5,False,North,821.03
433,04-25-23,1954,48,Other,Clothing,15.55,5,0,0.0,77.75,77.75,PayPal,16,5,False,North,2102.9
434,03-19-23,4954,14,Male,Home & Garden,20.76,2,15,6.23,41.52,35.29,PayPal,2,4,False,East,680.23
435,12-08-24,1469,37,Other,Clothing,0.91,4,20,0.73,3.64,2.91,Credit Card,15,3,True,South,269.11
436,06-02-23,4446,33,Other,Beauty,95.58,4,20,76.46,382.32,305.86,Mobile Wallet,3,4,False,East,1055.84
437,07-12-24,2045,36,Other,Books,70.53,8,15,84.64,564.24,479.6,Credit Card,13,4,True,South,595.33
438,02-06-23,3797,28,Male,Beauty,10.14,3,20,6.08,30.42,24.34,PayPal,17,5,False,East,289.12
439,01-14-24,2693,42,Male,Books,22.47,1,5,1.12,22.47,21.35,Debit Card,19,3,False,South,1129.73
440,08-19-24,3085,22,Male,Beauty,27.33,7,0,0.0,191.31,191.31,Debit Card,11,4,False,East,191.79
441,07-19-24,3277,26,Other,Sports,20.35,9,0,0.0,183.15,183.15,Debit Card,2,4,False,North,342.09
442,06-01-23,4436,25,Other,Home & Garden,80.03,6,0,0.0,480.18,480.18,Mobile Wallet,10,5,False,North,480.18
443,03-16-24,1562,47,Male,Books,64.63,2,10,12.93,129.26,116.33,Credit Card,12,4,False,West,2952.45
444,05-11-23,3485,34,Other,Electronics,72.87,2,5,7.29,145.74,138.45,Credit Card,13,4,False,East,384.35
445,02-12-23,2799,28,Other,Sports,117.24,1,10,11.72,117.24,105.52,Mobile Wallet,6,5,False,South,1568.57
446,11-12-23,4354,29,Female,Clothing,45.21,6,15,40.69,271.26,230.57,Credit Card,4,4,False,North,1867.52
447,01-09-24,3074,35,Male,Beauty,47.67,8,10,38.14,381.36,343.22,Mobile Wallet,12,4,False,East,1328.01
448,02-10-23,1225,59,Male,Home & Garden,63.99,1,20,12.8,63.99,51.19,Mobile Wallet,27,4,False,North,698.02
449,01-02-24,4348,16,Other,Home & Garden,57.16,1,20,11.43,57.16,45.73,Debit Card,26,5,False,East,193.37
450,08-04-23,1797,45,Other,Beauty,101.94,1,5,5.1,101.94,96.84,Mobile Wallet,15,5,False,East,435.51
451,11-29-24,4680,42,Female,Electronics,73.53,5,10,36.76,367.65,330.89,Debit Card,19,3,False,North,859.33
452,09-13-23,3331,21,Male,Books,6.42,7,10,4.49,44.94,40.45,Debit Card,8,4,False,West,378.52
453,11-13-24,3926,57,Male,Beauty,131.8,4,0,0.0,527.2,527.2,Debit Card,5,4,False,North,739.32
454,04-16-23,1959,43,Other,Home & Garden,57.46,1,5,2.87,57.46,54.59,Credit Card,4,4,False,East,1191.82
455,12-29-23,2504,27,Male,Electronics,6.8,1,0,0.0,6.8,6.8,Mobile Wallet,28,4,False,East,799.12
456,07-27-24,1452,7,Other,Electronics,73.91,3,5,11.09,221.73,210.64,PayPal,13,4,False,East,597.46
457,02-21-24,4067,38,Female,Clothing,22.19,5,5,5.55,110.95,105.4,Debit Card,6,5,False,East,1087.54
458,09-27-24,4900,34,Other,Electronics,81.99,5,10,41.0,409.95,368.95,Debit Card,20,4,False,West,688.31
459,06-08-23,1815,19,Female,Sports,155.51,9,0,0.0,1399.59,1399.59,Credit Card,16,4,False,East,2874.55
460,08-31-23,1658,19,Other,Home & Garden,14.73,9,15,19.89,132.57,112.68,Credit Card,10,5,False,North,1094.44
461,06-16-23,4587,48,Female,Sports,97.39,9,0,0.0,876.51,876.51,Debit Card,26,5,False,South,1985.19
462,07-01-23,1546,5,Female,Electronics,74.26,8,15,89.11,594.08,504.97,PayPal,28,4,False,West,934.16
463,02-27-24,2215,39,Male,Electronics,55.61,9,20,100.1,500.49,400.39,Credit Card,5,5,False,East,1183.55
464,01-26-23,4120,32,Other,Sports,24.3,8,5,9.72,194.4,184.68,Credit Card,15,2,False,South,608.95
465,07-03-23,4583,42,Male,Clothing,5.82,8,0,0.0,46.56,46.56,Mobile Wallet,11,4,False,South,316.93
466,12-07-23,1016,30,Male,Electronics,33.07,8,5,13.23,264.56,251.33,Credit Card,20,1,False,West,593.48
467,02-26-24,4243,39,Other,Sports,5.58,8,0,0.0,44.64,44.64,Credit Card,9,5,False,West,333.12
468,11-16-24,2243,23,Male,Sports,34.67,5,20,34.67,173.35,138.68,Mobile Wallet,18,5,False,South,2377.56
469,09-12-23,3205,34,Male,Home & Garden,85.82,3,0,0.0,257.46,257.46,Debit Card,1,5,False,East,257.46
470,10-01-23,3524,42,Male,Clothing,302.42,4,20,241.94,1209.68,967.74,Mobile Wallet,23,3,False,West,1654.76
471,06-13-23,2069,37,Other,Books,11.03,9,5,4.96,99.27,94.31,Mobile Wallet,9,5,False,North,240.65
472,12-19-24,4444,40,Male,Sports,11.65,7,10,8.15,81.55,73.4,Debit Card,9,4,False,South,147.83
473,04-21-23,3565,21,Male,Home & Garden,83.27,9,15,112.41,749.43,637.02,Debit Card,15,5,False,West,719.41
474,01-27-24,3146,26,Male,Books,31.66,7,5,11.08,221.62,210.54,Mobile Wallet,4,3,False,West,1376.5
475,02-09-23,4963,26,Other,Home & Garden,123.73,8,10,98.98,989.84,890.86,PayPal,4,3,False,East,950.17
476,04-26-24,2768,30,Female,Home & Garden,73.27,3,5,10.99,219.81,208.82,Credit Card,1,5,False,North,598.97
477,08-16-23,2060,55,Female,Beauty,66.67,8,5,26.67,533.36,506.69,Credit Card,28,4,True,West,506.69
478,07-24-23,3327,29,Female,Clothing,5.38,4,0,0.0,21.52,21.52,Credit Card,1,4,True,North,108.03
479,04-16-24,4420,17,Female,Electronics,1.83,6,20,2.2,10.98,8.78,Debit Card,1,4,False,South,1139.65
480,12-25-23,3544,43,Male,Clothing,19.05,1,20,3.81,19.05,15.24,Credit Card,22,5,False,South,373.82
481,11-09-23,1301,55,Other,Books,12.25,2,0,0.0,24.5,24.5,Debit Card,27,4,False,South,94.37
482,08-22-23,1180,16,Male,Beauty,62.29,7,0,0.0,436.03,436.03,Debit Card,6,4,False,West,953.71
483,08-17-23,1606,64,Other,Clothing,29.96,6,5,8.99,179.76,170.77,PayPal,11,2,False,North,266.4
484,01-25-23,4170,41,Male,Electronics,37.03,5,20,37.03,185.15,148.12,Credit Card,16,4,False,North,1449.09
485,11-06-24,1699,50,Female,Clothing,84.03,7,5,29.41,588.21,558.8,Debit Card,27,5,False,West,1051.95
486,07-17-23,1992,57,Female,Clothing,32.55,2,10,6.51,65.1,58.59,Credit Card,5,5,False,North,431.38
487,02-13-24,2139,49,Other,Clothing,39.36,4,10,15.74,157.44,141.7,Debit Card,10,5,False,South,141.7
488,12-03-23,1190,33,Male,Sports,92.36,5,0,0.0,461.8,461.8,Mobile Wallet,28,4,False,South,1498.69
489,10-13-23,3300,53,Female,Sports,28.22,8,20,45.15,225.76,180.61,Debit Card,16,5,False,West,1700.69
490,03-13-23,1980,38,Other,Clothing,4.34,6,10,2.6,26.04,23.44,Debit Card,11,4,False,East,110.46
491,10-13-23,3975,51,Male,Electronics,36.88,6,20,44.26,221.28,177.02,Debit Card,26,4,False,East,1056.85
492,12-26-23,3006,52,Other,Electronics,43.3,5,20,43.3,216.5,173.2,Mobile Wallet,18,5,False,South,535.57
493,10-18-24,2184,18,Male,Electronics,35.85,5,15,26.89,179.25,152.36,PayPal,22,5,False,North,2317.61
494,06-05-24,4327,46,Male,Electronics,14.92,1,10,1.49,14.92,13.43,Credit Card,28,1,False,West,267.24
495,02-14-24,4394,32,Male,Beauty,12.66,4,10,5.06,50.64,45.58,Mobile Wallet,14,5,False,North,430.07
496,11-26-24,1127,37,Other,Beauty,23.08,9,5,10.39,207.72,197.33,Credit Card,13,5,False,South,1100.63
497,07-03-24,3065,36,Other,Home & Garden,9.09,2,5,0.91,18.18,17.27,Mobile Wallet,1,5,False,East,134.2
498,12-06-23,2816,36,Male,Clothing,54.83,6,20,65.8,328.98,263.18,Debit Card,3,5,False,South,263.18
499,01-29-23,2758,57,Female,Clothing,47.68,2,0,0.0,95.36,95.36,Mobile Wallet,15,4,False,West,122.15
500,04-29-23,3613,14,Male,Home & Garden,50.04,9,5,22.52,450.36,427.84,Credit Card,29,5,False,West,740.67
501,09-25-23,1569,9,Other,Electronics,12.73,5,5,3.18,63.65,60.47,Credit Card,12,4,True,South,1229.75
502,07-02-23,2346,6,Male,Books,14.15,9,20,25.47,127.35,101.88,Credit Card,5,4,False,North,244.99
503,08-17-24,2895,51,Other,Books,77.41,5,10,38.7,387.05,348.35,PayPal,16,3,False,South,1419.48
504,09-29-23,3733,23,Male,Home & Garden,58.58,9,5,26.36,527.22,500.86,Mobile Wallet,14,5,True,South,1146.47
505,02-09-23,4863,36,Male,Books,104.04,2,0,0.0,208.08,208.08,Debit Card,10,5,False,North,390.33
506,04-22-23,1625,33,Female,Sports,25.83,7,20,36.16,180.81,144.65,Mobile Wallet,5,5,False,North,144.65
507,09-02-24,4359,21,Female,Clothing,39.63,8,10,31.7,317.04,285.34,PayPal,27,2,False,North,720.26
508,03-20-24,3901,47,Other,Books,67.12,3,15,30.2,201.36,171.16,Credit Card,7,3,False,North,278.92
509,12-20-23,2686,33,Male,Beauty,182.78,1,0,0.0,182.78,182.78,Credit Card,21,5,False,East,1144.09
510,11-18-23,4009,31,Other,Beauty,228.45,2,10,45.69,456.9,411.21,PayPal,16,5,False,West,1009.94
511,03-22-24,4710,38,Male,Sports,355.03,5,20,355.03,1775.15,1420.12,Mobile Wallet,29,5,False,East,1463.01
512,09-12-24,1154,45,Male,Clothing,110.6,9,15,149.31,995.4,846.09,Debit Card,26,4,False,South,1603.55
513,06-07-24,3537,20,Male,Sports,51.03,5,0,0.0,255.15,255.15,Credit Card,15,5,False,North,937.25
514,04-29-23,2409,48,Female,Clothing,0.35,1,5,0.02,0.35,0.33,PayPal,6,2,False,West,423.6
515,01-30-24,1784,56,Other,Clothing,60.12,1,5,3.01,60.12,57.11,PayPal,29,5,False,North,234.85
516,08-13-24,4175,13,Male,Books,13.63,2,0,0.0,27.26,27.26,Debit Card,7,1,False,North,1473.47
517,07-14-23,4464,39,Male,Beauty,2.94,1,5,0.15,2.94,2.79,PayPal,18,1,False,East,304.89
518,09-18-23,4882,30,Other,Home & Garden,59.73,8,20,95.57,477.84,382.27,PayPal,19,5,False,South,980.43
519,02-15-23,1245,45,Other,Books,70.53,2,0,0.0,141.06,141.06,PayPal,19,4,False,South,141.06
520,12-26-24,4247,16,Male,Electronics,53.86,8,0,0.0,430.88,430.88,Credit Card,17,2,False,South,707.54
521,03-22-24,4110,59,Female,Sports,22.72,5,5,5.68,113.6,107.92,Credit Card,14,4,False,North,863.55
522,01-02-23,2500,10,Female,Electronics,35.77,1,0,0.0,35.77,35.77,Mobile Wallet,9,2,False,West,1571.34
523,06-16-24,2705,31,Male,Clothing,136.63,4,15,81.98,546.52,464.54,Debit Card,16,4,False,East,1173.81
524,07-05-24,3806,41,Female,Books,65.39,2,0,0.0,130.78,130.78,PayPal,10,3,False,North,312.13
525,12-04-24,1537,24,Other,Electronics,35.13,6,5,10.54,210.78,200.24,PayPal,25,3,True,North,308.51
526,11-17-24,2890,22,Female,Electronics,45.0,5,5,11.25,225.0,213.75,Credit Card,9,3,False,East,752.54
527,07-21-23,2841,38,Other,Beauty,131.34,9,5,59.1,1182.06,1122.96,Credit Card,12,4,False,South,1172.64
528,01-08-24,1920,36,Other,Electronics,25.03,3,5,3.75,75.09,71.34,Credit Card,9,2,False,East,1738.92
529,03-17-24,3455,35,Other,Beauty,5.37,5,20,5.37,26.85,21.48,Debit Card,16,4,False,North,80.13
530,03-13-23,1524,47,Other,Beauty,19.71,7,5,6.9,137.97,131.07,Credit Card,16,4,False,West,868.48
531,11-11-24,3875,29,Female,Clothing,26.82,9,15,36.21,241.38,205.17,PayPal,24,5,False,North,930.29
532,12-05-23,2529,39,Other,Beauty,15.94,3,0,0.0,47.82,47.82,PayPal,21,5,False,East,1342.06
533,09-30-24,3950,27,Male,Clothing,37.64,4,10,15.06,150.56,135.5,PayPal,27,5,True,East,537.49
534,11-18-23,4896,22,Other,Beauty,18.18,1,10,1.82,18.18,16.36,Mobile Wallet,25,4,False,East,1161.89
535,11-10-24,1035,30,Male,Beauty,5.44,2,20,2.18,10.88,8.7,Debit Card,23,3,False,South,2042.26
536,05-08-23,1684,27,Other,Clothing,10.42,3,10,3.13,31.26,28.13,PayPal,2,4,False,South,3778.81
537,11-04-23,1019,28,Other,Electronics,125.15,7,5,43.8,876.05,832.25,PayPal,7,5,False,East,832.25
538,06-03-24,3368,52,Female,Sports,49.66,7,10,34.76,347.62,312.86,PayPal,20,4,False,West,1377.69
539,11-13-23,4847,31,Other,Books,18.87,1,15,2.83,18.87,16.04,Credit Card,7,5,False,East,1361.05
540,11-13-24,3559,25,Other,Books,22.86,9,5,10.29,205.74,195.45,PayPal,7,5,False,North,379.47
541,02-23-24,1399,35,Female,Clothing,34.0,3,10,10.2,102.0,91.8,Credit Card,28,5,False,East,1289.88
542,12-01-23,3701,36,Female,Electronics,55.91,3,5,8.39,167.73,159.34,Credit Card,19,5,False,South,1045.42
543,02-17-24,1971,17,Male,Sports,43.64,2,20,17.46,87.28,69.82,Debit Card,3,5,False,East,228.91
544,12-14-24,2906,30,Female,Home & Garden,134.93,3,15,60.72,404.79,344.07,Debit Card,26,2,False,East,1361.23
545,10-30-23,3518,29,Male,Clothing,49.14,6,0,0.0,294.84,294.84,PayPal,10,5,False,East,1398.91
546,07-21-24,2166,32,Other,Home & Garden,120.84,4,5,24.17,483.36,459.19,Debit Card,6,5,False,North,1204.31
547,05-11-23,2115,45,Male,Books,0.27,2,15,0.08,0.54,0.46,Credit Card,2,5,False,South,0.46
548,07-16-23,4425,37,Female,Books,110.62,8,20,176.99,884.96,707.97,Credit Card,28,1,False,West,1215.03
549,03-06-24,1833,53,Other,Sports,63.91,1,20,12.78,63.91,51.13,PayPal,24,4,True,East,51.13
550,11-11-24,2823,34,Male,Sports,9.45,8,15,11.34,75.6,64.26,PayPal,24,5,False,North,629.58
551,01-24-24,3774,61,Male,Home & Garden,15.26,2,10,3.05,30.52,27.47,PayPal,20,3,False,East,657.71
552,11-24-24,2982,28,Male,Books,39.13,9,15,52.83,352.17,299.34,Credit Card,18,2,True,South,1136.08
553,06-28-23,1853,23,Other,Sports,6.67,4,10,2.67,26.68,24.01,Credit Card,9,4,False,North,151.57
554,09-22-24,1050,43,Male,Sports,76.94,4,10,30.78,307.76,276.98,PayPal,15,4,False,North,1359.7
555,08-05-24,4736,55,Male,Books,78.31,7,15,82.23,548.17,465.94,PayPal,14,1,False,North,1472.87
556,11-05-23,4769,14,Female,Books,17.9,3,20,10.74,53.7,42.96,Credit Card,9,4,False,South,1263.43
557,02-20-24,1574,32,Male,Electronics,3.62,3,0,0.0,10.86,10.86,Debit Card,2,2,False,West,1215.08
558,07-15-24,4261,25,Other,Beauty,224.8,4,0,0.0,899.2,899.2,Credit Card,10,4,False,East,1513.96
559,01-01-23,2148,37,Female,Sports,14.43,3,15,6.49,43.29,36.8,Debit Card,4,3,False,North,247.53
560,11-08-23,3197,35,Other,Home & Garden,3.5,8,5,1.4,28.0,26.6,PayPal,1,5,True,South,94.02
561,10-21-23,3361,55,Female,Clothing,20.02,9,15,27.03,180.18,153.15,Credit Card,22,1,True,North,1289.51
562,08-04-23,3617,33,Female,Clothing,173.69,5,0,0.0,868.45,868.45,PayPal,11,4,False,West,1006.03
563,03-16-24,4413,55,Male,Books,78.73,3,15,35.43,236.19,200.76,PayPal,16,3,False,North,250.54
564,08-16-24,3352,30,Other,Beauty,32.73,7,20,45.82,229.11,183.29,PayPal,11,4,True,North,2555.84
565,09-13-24,2715,48,Male,Home & Garden,18.22,3,0,0.0,54.66,54.66,Mobile Wallet,13,3,False,West,622.45
566,11-01-24,1681,38,Female,Electronics,27.52,6,0,0.0,165.12,165.12,Mobile Wallet,14,5,False,South,322.54
567,11-26-23,1837,60,Male,Sports,0.88,4,0,0.0,3.52,3.52,Credit Card,27,1,False,South,224.31
568,04-21-24,4854,12,Female,Electronics,63.36,7,20,88.7,443.52,354.82,Mobile Wallet,1,4,False,East,1670.59
569,03-28-24,2077,17,Female,Home & Garden,5.25,6,0,0.0,31.5,31.5,Credit Card,28,5,False,North,897.95
570,03-28-24,4050,62,Other,Electronics,36.6,7,5,12.81,256.2,243.39,Debit Card,23,5,False,East,243.39
571,11-22-24,3491,24,Other,Books,41.72,4,0,0.0,166.88,166.88,Credit Card,25,5,False,East,345.85
572,08-07-23,3660,24,Other,Clothing,0.08,6,15,0.07,0.48,0.41,Mobile Wallet,9,3,False,North,1218.02
573,06-07-24,4040,21,Other,Books,195.3,7,5,68.36,1367.1,1298.74,Mobile Wallet,27,4,True,North,1372.69
574,04-29-24,3311,52,Male,Sports,17.99,8,10,14.39,143.92,129.53,Debit Card,18,5,False,West,408.56
575,06-23-23,4124,16,Other,Books,4.02,9,0,0.0,36.18,36.18,Debit Card,29,5,False,East,152.86
576,11-05-24,2595,35,Other,Home & Garden,96.34,3,10,28.9,289.02,260.12,Credit Card,11,4,False,North,260.12
577,03-28-23,4051,31,Other,Home & Garden,8.24,5,10,4.12,41.2,37.08,Credit Card,24,4,False,West,37.09
578,10-18-23,4691,50,Female,Sports,1.26,3,20,0.76,3.78,3.02,PayPal,27,2,False,North,258.96
579,06-11-24,1004,26,Female,Sports,34.13,5,15,25.6,170.65,145.05,PayPal,3,4,False,East,145.05
580,11-10-24,2126,41,Other,Clothing,6.96,2,15,2.09,13.92,11.83,Credit Card,21,3,False,North,57.54
581,10-10-24,2219,17,Female,Electronics,202.06,3,10,60.62,606.18,545.56,Debit Card,4,2,False,North,883.79
582,09-26-24,1773,69,Female,Clothing,0.52,7,20,0.73,3.64,2.91,Credit Card,22,4,True,South,341.67
583,12-10-23,1876,31,Male,Books,2.63,8,5,1.05,21.04,19.99,PayPal,11,1,False,West,180.18
584,04-06-23,1991,35,Female,Electronics,89.57,5,0,0.0,447.85,447.85,Debit Card,28,2,False,North,1074.59
585,08-29-23,3931,59,Male,Sports,13.71,3,5,2.06,41.13,39.07,PayPal,28,3,False,South,490.08
586,11-19-24,4421,26,Female,Home & Garden,121.29,4,0,0.0,485.16,485.16,Credit Card,7,5,False,North,1409.87
587,11-14-23,1046,60,Other,Books,18.64,3,10,5.59,55.92,50.33,Credit Card,9,5,False,East,101.13
588,08-19-23,3914,28,Female,Clothing,3.62,3,20,2.17,10.86,8.69,Mobile Wallet,26,4,False,East,844.15
589,07-23-23,3870,45,Female,Beauty,0.53,9,20,0.95,4.77,3.82,Credit Card,5,3,False,South,120.63
590,05-31-23,3983,26,Male,Beauty,16.6,4,15,9.96,66.4,56.44,Mobile Wallet,2,4,False,North,601.29
591,01-26-23,4891,14,Other,Sports,32.1,6,15,28.89,192.6,163.71,Mobile Wallet,12,5,True,South,205.09
592,02-17-23,3703,41,Male,Electronics,0.05,3,5,0.01,0.15,0.14,Mobile Wallet,4,1,False,North,249.6
593,09-08-23,1268,44,Other,Beauty,43.51,8,15,52.21,348.08,295.87,Mobile Wallet,13,5,False,West,728.76
594,05-01-24,1369,15,Other,Electronics,20.3,4,0,0.0,81.2,81.2,PayPal,2,5,False,West,620.81
595,09-17-24,1635,30,Male,Home & Garden,24.73,8,20,39.57,197.84,158.27,Credit Card,15,5,False,North,158.27
596,03-16-23,2129,53,Female,Sports,15.15,2,20,6.06,30.3,24.24,Credit Card,1,4,False,North,52.51
597,04-11-24,2693,44,Other,Sports,37.65,9,10,33.88,338.85,304.97,Credit Card,18,5,False,West,1129.73
598,02-29-24,2682,29,Female,Books,13.08,2,10,2.62,26.16,23.54,Mobile Wallet,27,4,False,South,1868.4
599,10-06-24,1656,26,Male,Books,7.24,3,5,1.09,21.72,20.63,PayPal,23,1,False,West,306.0
600,08-12-24,1119,64,Male,Electronics,110.66,3,10,33.2,331.98,298.78,PayPal,2,5,False,South,298.78
601,07-19-23,1830,13,Male,Beauty,24.76,5,0,0.0,123.8,123.8,Mobile Wallet,4,4,False,South,1404.03
602,12-14-24,2810,34,Male,Beauty,4.0,3,15,1.8,12.0,10.2,Mobile Wallet,21,4,False,West,700.68
603,01-29-24,4675,13,Other,Clothing,13.09,8,15,15.71,104.72,89.01,Credit Card,19,4,False,West,785.58
604,05-21-24,2081,54,Male,Electronics,18.55,7,5,6.49,129.85,123.36,PayPal,20,4,False,East,356.08
605,02-14-24,2974,34,Female,Beauty,73.41,1,15,11.01,73.41,62.4,Debit Card,10,5,False,South,396.58
606,09-07-23,2369,37,Female,Books,1.13,6,20,1.36,6.78,5.42,Debit Card,13,5,False,West,104.6
607,06-01-23,1740,76,Other,Books,32.53,2,15,9.76,65.06,55.3,Debit Card,19,5,False,West,55.3
608,11-02-24,4545,26,Male,Books,26.19,8,10,20.95,209.52,188.57,Debit Card,8,5,False,North,678.99
609,12-05-24,1116,61,Other,Electronics,172.73,8,20,276.37,1381.84,1105.47,Mobile Wallet,10,4,False,South,1302.17
610,01-06-23,2853,29,Other,Sports,9.93,7,10,6.95,69.51,62.56,Credit Card,8,4,False,East,493.76
611,04-20-23,3838,31,Other,Clothing,49.43,8,10,39.54,395.44,355.9,Debit Card,19,4,False,West,1129.21
612,03-11-24,2150,74,Male,Clothing,11.29,1,5,0.56,11.29,10.73,Credit Card,9,3,False,East,248.69
613,08-13-23,4464,32,Female,Books,39.75,8,5,15.9,318.0,302.1,Credit Card,9,5,False,East,304.89
614,06-30-23,2931,14,Female,Home & Garden,40.49,1,20,8.1,40.49,32.39,PayPal,23,4,False,South,1561.76
615,12-13-24,2012,39,Other,Electronics,3.92,3,15,1.76,11.76,10.0,Debit Card,13,3,True,East,615.1
616,06-14-24,2664,32,Other,Beauty,30.48,4,0,0.0,121.92,121.92,Credit Card,1,5,False,West,647.08
617,04-20-24,2081,40,Female,Beauty,30.92,3,15,13.91,92.76,78.85,PayPal,12,5,False,East,356.08
618,02-21-23,1633,32,Female,Sports,19.22,2,20,7.69,38.44,30.75,Mobile Wallet,10,1,False,West,487.53
619,07-24-24,1512,68,Male,Books,16.23,3,0,0.0,48.69,48.69,Credit Card,27,3,False,East,164.59
620,09-13-23,4822,43,Other,Home & Garden,12.7,9,10,11.43,114.3,102.87,Credit Card,19,5,False,East,323.01
621,05-05-23,3849,18,Male,Books,0.3,2,10,0.06,0.6,0.54,PayPal,8,4,False,East,256.48
622,04-12-24,2119,36,Female,Home & Garden,0.09,5,0,0.0,0.45,0.45,Credit Card,22,5,False,South,818.62
623,05-17-23,4709,23,Female,Clothing,44.55,3,10,13.36,133.65,120.29,Mobile Wallet,25,4,False,East,2289.63
624,04-20-24,2141,31,Female,Home & Garden,17.23,9,15,23.26,155.07,131.81,Mobile Wallet,11,3,False,South,1204.4
625,11-14-24,1559,21,Female,Clothing,9.19,7,5,3.22,64.33,61.11,PayPal,11,4,True,North,239.53
626,06-27-24,4672,66,Male,Clothing,57.72,3,15,25.97,173.16,147.19,Debit Card,26,2,False,South,1111.45
627,07-26-24,1487,24,Female,Electronics,37.63,2,10,7.53,75.26,67.73,Credit Card,16,5,False,South,241.58
628,09-01-24,4308,45,Other,Home & Garden,123.23,2,5,12.32,246.46,234.14,Credit Card,29,5,False,East,2068.86
629,11-21-23,4956,30,Female,Sports,88.9,5,15,66.68,444.5,377.82,Debit Card,11,5,False,East,815.19
630,03-29-24,1896,17,Other,Sports,64.86,9,10,58.37,583.74,525.37,Mobile Wallet,25,5,False,West,1764.38
631,09-19-24,4343,37,Female,Home & Garden,6.77,2,15,2.03,13.54,11.51,Credit Card,1,1,False,West,35.78
632,05-31-24,2212,41,Male,Electronics,54.84,2,10,10.97,109.68,98.71,PayPal,6,4,False,West,1294.64
633,03-12-24,1703,43,Other,Sports,59.2,8,20,94.72,473.6,378.88,PayPal,13,4,False,East,1808.67
634,07-15-24,2470,-4,Male,Books,72.05,3,0,0.0,216.15,216.15,PayPal,27,5,False,South,216.15
635,04-01-24,1580,16,Female,Sports,15.27,3,10,4.58,45.81,41.23,Credit Card,11,4,False,West,868.99
636,06-12-23,3837,49,Male,Electronics,51.12,6,15,46.01,306.72,260.71,Debit Card,3,4,False,West,1075.26
637,05-01-24,3908,21,Female,Clothing,48.15,6,10,28.89,288.9,260.01,Credit Card,21,3,False,South,260.01
638,04-05-24,3294,38,Male,Clothing,24.33,6,10,14.6,145.98,131.38,Debit Card,1,3,True,West,1270.51
639,09-23-23,4147,16,Male,Clothing,54.46,5,15,40.84,272.3,231.46,Debit Card,27,4,False,East,438.91
640,09-11-23,1153,45,Other,Electronics,4.53,4,15,2.72,18.12,15.4,Credit Card,14,5,False,North,566.71
641,10-14-24,2679,48,Female,Clothing,51.57,9,5,23.21,464.13,440.92,Mobile Wallet,11,4,False,North,470.33
642,10-11-23,4506,45,Male,Clothing,46.57,4,10,18.63,186.28,167.65,Debit Card,14,4,False,West,933.59
643,06-17-24,1996,50,Female,Electronics,11.83,1,20,2.37,11.83,9.46,Credit Card,23,3,False,North,45.7
644,05-11-24,4157,58,Other,Books,85.25,8,0,0.0,682.0,682.0,Mobile Wallet,22,5,False,North,1000.1
645,10-03-24,3744,17,Male,Sports,103.74,8,10,82.99,829.92,746.93,Mobile Wallet,28,1,False,East,746.93
646,09-02-23,4356,23,Female,Electronics,11.82,3,15,5.32,35.46,30.14,Credit Card,10,4,False,East,861.11
647,10-09-23,2243,48,Male,Electronics,3.95,9,5,1.78,35.55,33.77,Credit Card,21,1,False,South,2377.56
648,03-26-24,2092,51,Male,Home & Garden,46.26,7,10,32.38,323.82,291.44,Mobile Wallet,2,4,False,West,965.39
649,03-21-23,4118,24,Male,Clothing,32.69,7,20,45.77,228.83,183.06,Credit Card,24,1,True,North,1506.74
650,12-31-24,2008,23,Male,Beauty,27.9,5,15,20.92,139.5,118.58,Mobile Wallet,5,5,False,South,831.64
651,10-20-23,3141,25,Other,Books,71.57,3,20,42.94,214.71,171.77,Mobile Wallet,15,4,False,West,171.77
652,08-29-23,2773,10,Other,Beauty,174.77,5,20,174.77,873.85,699.08,Mobile Wallet,18,5,False,East,723.11
653,10-06-23,1957,15,Female,Home & Garden,32.47,3,0,0.0,97.41,97.41,PayPal,16,5,False,South,184.05
654,12-10-23,4059,16,Female,Books,0.31,3,0,0.0,0.93,0.93,Credit Card,20,3,False,South,325.09
655,11-24-23,1452,30,Male,Clothing,45.35,1,10,4.54,45.35,40.81,PayPal,26,4,False,West,597.46
656,07-07-24,2227,39,Male,Beauty,53.06,4,0,0.0,212.24,212.24,Credit Card,24,5,True,West,872.16
657,03-24-23,3959,41,Male,Clothing,88.02,9,10,79.22,792.18,712.96,Debit Card,24,4,False,North,1551.99
658,05-22-23,3265,27,Other,Clothing,11.12,6,10,6.67,66.72,60.05,PayPal,3,4,False,North,576.31
659,06-04-23,3521,27,Male,Sports,37.15,6,15,33.44,222.9,189.46,Credit Card,26,4,False,West,464.26
660,08-25-23,3479,36,Female,Books,29.63,6,15,26.67,177.78,151.11,Credit Card,24,4,False,North,301.72
661,01-28-24,3388,12,Male,Books,54.6,5,5,13.65,273.0,259.35,Mobile Wallet,26,5,False,West,259.35
662,12-11-24,1550,49,Other,Home & Garden,3.3,2,0,0.0,6.6,6.6,Debit Card,9,1,True,North,670.53
663,06-06-23,2635,54,Male,Electronics,107.71,5,5,26.93,538.55,511.62,Debit Card,29,4,False,South,1085.89
664,12-24-24,2312,25,Other,Clothing,35.79,3,20,21.47,107.37,85.9,Credit Card,18,4,False,East,531.76
665,08-08-23,4325,29,Other,Clothing,104.8,2,10,20.96,209.6,188.64,Debit Card,22,5,False,North,1247.61
666,03-07-23,2757,53,Other,Beauty,20.79,4,10,8.32,83.16,74.84,Debit Card,27,4,False,East,1051.91
667,02-29-24,1356,33,Other,Home & Garden,53.0,9,15,71.55,477.0,405.45,PayPal,19,5,False,South,845.73
668,02-22-24,3070,43,Female,Books,157.01,7,20,219.81,1099.07,879.26,Debit Card,5,4,False,South,1071.63
669,12-05-23,2785,33,Other,Sports,143.57,9,10,129.21,1292.13,1162.92,Debit Card,4,5,False,West,1244.2
670,07-09-24,3569,58,Female,Books,144.21,3,10,43.26,432.63,389.37,Mobile Wallet,29,1,False,North,821.73
671,04-22-24,2781,42,Female,Sports,2.19,2,20,0.88,4.38,3.5,Mobile Wallet,8,3,False,West,954.16
672,03-01-24,4908,43,Male,Sports,25.79,9,20,46.42,232.11,185.69,PayPal,7,5,False,South,540.86
673,03-05-23,4171,43,Male,Books,3.14,6,10,1.88,18.84,16.96,Credit Card,23,4,False,West,336.97
674,07-31-23,3849,26,Other,Beauty,18.52,4,20,14.82,74.08,59.26,Mobile Wallet,11,5,False,East,256.48
675,03-06-24,4251,28,Male,Clothing,9.59,4,0,0.0,38.36,38.36,PayPal,12,5,False,North,2013.18
676,02-03-24,4294,46,Other,Sports,48.4,6,20,58.08,290.4,232.32,Debit Card,12,4,True,West,970.49
677,08-21-24,4977,36,Male,Beauty,75.88,7,5,26.56,531.16,504.6,PayPal,16,5,False,East,2212.31
678,12-13-24,3809,17,Other,Home & Garden,36.01,5,5,9.0,180.05,171.05,Mobile Wallet,16,4,False,North,815.81
679,01-21-23,4730,63,Male,Home & Garden,79.35,8,10,63.48,634.8,571.32,Debit Card,15,4,False,North,1750.17
680,08-12-24,3489,49,Male,Sports,0.64,1,10,0.06,0.64,0.58,PayPal,1,1,False,South,698.6
681,01-25-24,2631,35,Female,Clothing,85.87,1,15,12.88,85.87,72.99,Mobile Wallet,15,5,False,West,696.8
682,05-03-24,3816,30,Male,Sports,9.82,4,20,7.86,39.28,31.42,PayPal,22,4,False,South,31.42
683,01-07-23,2015,37,Male,Home & Garden,30.9,8,5,12.36,247.2,234.84,Credit Card,18,5,False,East,535.73
684,12-27-23,2348,42,Other,Home & Garden,29.22,8,15,35.06,233.76,198.7,Debit Card,24,3,False,North,1005.8
685,11-02-23,1515,4,Female,Books,103.24,6,10,61.94,619.44,557.5,PayPal,6,5,False,East,1269.67
686,02-04-24,4087,66,Other,Clothing,169.04,5,0,0.0,845.2,845.2,PayPal,9,5,False,North,1386.99
687,03-05-24,3839,23,Male,Books,14.73,2,20,5.89,29.46,23.57,Debit Card,26,4,False,South,45.81
688,07-05-24,1335,34,Other,Beauty,3.49,5,15,2.62,17.45,14.83,Mobile Wallet,17,5,False,West,714.83
689,07-13-24,2782,35,Female,Beauty,52.57,5,0,0.0,262.85,262.85,PayPal,24,4,False,South,276.49
690,09-09-24,3305,64,Other,Beauty,34.94,2,10,6.99,69.88,62.89,Mobile Wallet,12,4,False,North,440.65
691,08-14-23,1496,33,Male,Electronics,41.7,8,5,16.68,333.6,316.92,Credit Card,2,5,False,East,557.71
692,05-14-24,1895,58,Other,Beauty,2.37,5,15,1.78,11.85,10.07,Debit Card,16,5,False,South,1648.15
693,08-13-23,3207,41,Male,Sports,74.65,5,15,55.99,373.25,317.26,Mobile Wallet,23,4,False,North,1231.89
694,10-07-23,4546,20,Female,Books,13.22,1,10,1.32,13.22,11.9,Mobile Wallet,15,4,False,North,94.43
695,03-22-24,1851,37,Female,Beauty,20.39,1,10,2.04,20.39,18.35,Mobile Wallet,27,4,False,North,181.73
696,05-12-24,2687,33,Other,Clothing,12.96,1,5,0.65,12.96,12.31,Credit Card,12,5,False,North,338.67
697,01-30-23,2931,18,Female,Beauty,145.89,8,5,58.36,1167.12,1108.76,Debit Card,15,5,False,East,1561.76
698,02-03-24,3737,40,Other,Sports,9.24,2,5,0.92,18.48,17.56,Mobile Wallet,13,1,False,North,43.28
699,12-11-23,4746,35,Male,Sports,65.9,8,0,0.0,527.2,527.2,Mobile Wallet,12,2,False,East,907.04
700,11-15-24,3427,43,Other,Sports,14.1,6,0,0.0,84.6,84.6,Credit Card,19,5,False,East,136.2
701,11-26-24,2568,37,Male,Sports,27.66,5,10,13.83,138.3,124.47,Debit Card,16,3,False,West,124.47
702,02-19-24,1956,25,Female,Sports,276.85,6,15,249.16,1661.1,1411.94,PayPal,7,2,False,East,2448.54
703,06-19-23,3738,46,Male,Clothing,5.3,4,0,0.0,21.2,21.2,Debit Card,17,4,False,West,182.12
704,04-23-24,4498,25,Male,Electronics,106.58,3,10,31.97,319.74,287.77,PayPal,10,5,False,East,1087.49
705,05-11-23,2636,-11,Male,Home & Garden,145.98,4,0,0.0,583.92,583.92,Credit Card,9,4,False,South,3197.14
706,09-29-24,2291,36,Male,Electronics,59.9,9,5,26.96,539.1,512.14,PayPal,6,5,True,East,1521.71
707,06-30-24,4906,26,Male,Home & Garden,0.5,8,10,0.4,4.0,3.6,Credit Card,23,5,False,East,693.3
708,01-28-23,4648,40,Other,Books,85.96,8,5,34.38,687.68,653.3,PayPal,9,3,False,West,1251.69
709,02-08-24,2440,64,Male,Sports,106.97,1,20,21.39,106.97,85.58,Credit Card,26,5,False,East,1548.72
710,08-29-24,2191,65,Male,Books,197.99,5,15,148.49,989.95,841.46,Debit Card,1,5,False,North,2255.33
711,07-31-24,4913,32,Male,Books,91.42,6,5,27.43,548.52,521.09,Debit Card,16,3,False,West,521.09
712,11-09-24,2066,22,Male,Home & Garden,29.49,9,15,39.81,265.41,225.6,PayPal,14,5,False,South,420.07
713,01-28-23,4627,43,Male,Clothing,58.34,6,10,35.0,350.04,315.04,Debit Card,8,4,False,West,1327.86
714,03-27-23,1284,29,Male,Sports,33.19,1,20,6.64,33.19,26.55,PayPal,27,3,True,East,1907.1
715,10-20-24,3444,40,Female,Beauty,21.77,1,15,3.27,21.77,18.5,Credit Card,15,5,False,East,707.64
716,03-14-24,1011,25,Other,Books,49.23,7,0,0.0,344.61,344.61,Mobile Wallet,16,4,False,South,1431.16
717,05-19-23,2630,38,Male,Electronics,73.45,3,10,22.04,220.35,198.31,Credit Card,14,5,False,East,915.37
718,04-17-24,4373,22,Other,Sports,50.52,7,20,70.73,353.64,282.91,Mobile Wallet,16,4,False,North,753.55
719,07-06-23,4969,52,Female,Clothing,87.6,5,0,0.0,438.0,438.0,Debit Card,7,5,False,North,660.26
720,02-21-23,4324,26,Female,Sports,9.7,1,0,0.0,9.7,9.7,Debit Card,29,1,False,West,511.77
721,09-24-23,3546,44,Male,Beauty,23.4,8,20,37.44,187.2,149.76,PayPal,18,4,False,East,636.27
722,01-24-24,1753,16,Other,Beauty,18.74,9,5,8.43,168.66,160.23,PayPal,17,5,False,North,560.35
723,12-02-23,3082,46,Male,Books,10.79,6,20,12.95,64.74,51.79,Mobile Wallet,26,4,False,South,51.79
724,08-05-23,3774,20,Female,Electronics,29.28,2,20,11.71,58.56,46.85,Credit Card,1,5,False,West,657.71
725,04-10-24,3896,38,Female,Books,147.7,9,20,265.86,1329.3,1063.44,Mobile Wallet,11,5,False,South,2182.11
726,12-01-23,1089,50,Other,Clothing,38.61,2,15,11.58,77.22,65.64,Mobile Wallet,20,1,False,East,2351.82
727,12-12-23,1775,32,Male,Home & Garden,16.87,6,5,5.06,101.22,96.16,Credit Card,5,5,False,North,713.41
728,01-24-24,3652,19,Other,Beauty,21.85,4,10,8.74,87.4,78.66,PayPal,23,3,False,West,454.97
729,10-12-23,4993,42,Other,Electronics,47.48,6,0,0.0,284.88,284.88,Debit Card,13,5,False,North,1472.06
730,03-07-24,4017,22,Female,Beauty,21.75,4,15,13.05,87.0,73.95,Debit Card,8,5,False,East,73.95
731,09-16-23,2625,28,Other,Clothing,38.65,3,5,5.8,115.95,110.15,PayPal,18,4,False,South,2288.82
732,03-25-23,4069,38,Female,Clothing,16.02,8,20,25.63,128.16,102.53,Mobile Wallet,13,4,False,East,1122.58
733,04-26-24,1417,55,Male,Beauty,21.23,5,15,15.92,106.15,90.23,PayPal,9,5,True,East,239.77
734,01-20-23,1114,35,Other,Books,61.16,1,15,9.17,61.16,51.99,Mobile Wallet,11,5,False,East,144.15
735,07-06-24,1616,35,Other,Beauty,43.93,8,0,0.0,351.44,351.44,Debit Card,23,3,False,North,838.29
736,02-23-23,4974,46,Male,Books,4.91,3,10,1.47,14.73,13.26,Mobile Wallet,6,4,False,South,30.11
737,12-25-23,4267,35,Other,Beauty,180.94,4,5,36.19,723.76,687.57,Debit Card,11,4,False,North,1287.03
738,08-18-23,1825,44,Male,Books,2.53,9,5,1.14,22.77,21.63,Debit Card,15,5,False,North,78.04
739,10-27-24,4572,51,Female,Home & Garden,4.33,3,5,0.65,12.99,12.34,Mobile Wallet,14,2,False,West,68.28
740,03-12-23,2649,30,Female,Sports,60.43,5,20,60.43,302.15,241.72,Debit Card,8,5,False,North,268.43
741,10-29-24,2516,-14,Other,Sports,61.55,8,20,98.48,492.4,393.92,PayPal,18,4,False,East,821.67
742,02-11-23,4146,22,Female,Books,0.96,6,15,0.86,5.76,4.9,Mobile Wallet,1,5,False,North,120.74
743,02-01-23,1412,53,Female,Books,51.47,3,10,15.44,154.41,138.97,Credit Card,21,4,False,South,350.75
744,09-11-23,4447,34,Male,Home & Garden,1.69,8,0,0.0,13.52,13.52,Debit Card,9,5,False,East,986.25
745,07-24-23,4491,29,Female,Sports,161.92,5,0,0.0,809.6,809.6,Mobile Wallet,23,1,False,South,1614.31
746,01-21-23,1728,52,Female,Home & Garden,59.56,6,10,35.74,357.36,321.62,Mobile Wallet,29,3,True,East,1744.79
747,09-28-24,4348,33,Female,Clothing,10.33,3,5,1.55,30.99,29.44,Mobile Wallet,7,4,False,North,193.37
748,06-06-23,4068,3,Male,Beauty,8.6,8,10,6.88,68.8,61.92,Credit Card,15,3,False,West,740.12
749,09-02-23,3808,12,Other,Sports,42.16,4,0,0.0,168.64,168.64,Credit Card,15,5,False,West,944.15
750,05-10-23,1675,41,Male,Books,50.19,9,20,90.34,451.71,361.37,Debit Card,9,5,True,North,361.37
751,04-29-24,4465,33,Other,Electronics,88.96,5,10,44.48,444.8,400.32,PayPal,21,5,False,East,1214.6
752,11-16-24,2892,56,Other,Clothing,116.82,1,15,17.52,116.82,99.3,Credit Card,5,5,False,South,401.27
753,04-28-23,3504,24,Female,Beauty,24.92,9,20,44.86,224.28,179.42,Credit Card,7,4,True,East,940.03
754,07-31-24,3967,30,Female,Electronics,92.92,8,15,111.5,743.36,631.86,Mobile Wallet,27,5,False,South,639.34
755,08-12-23,3239,21,Male,Home & Garden,39.09,5,15,29.32,195.45,166.13,Mobile Wallet,28,2,False,North,763.27
756,04-21-24,3786,27,Male,Beauty,31.8,3,10,9.54,95.4,85.86,PayPal,12,5,False,North,296.18
757,12-17-24,4760,6,Male,Home & Garden,60.03,9,15,81.04,540.27,459.23,Debit Card,6,1,False,North,1399.23
758,09-20-23,2122,29,Female,Home & Garden,5.45,7,5,1.91,38.15,36.24,Mobile Wallet,10,4,False,West,406.16
759,01-13-24,2571,34,Other,Books,15.42,8,10,12.34,123.36,111.02,Debit Card,15,4,True,East,827.03
760,06-21-23,1977,32,Male,Home & Garden,84.85,3,0,0.0,254.55,254.55,PayPal,22,5,False,North,417.81
761,09-12-24,2008,67,Other,Electronics,35.07,6,5,10.52,210.42,199.9,PayPal,24,5,False,West,831.64
762,09-13-24,3143,62,Female,Clothing,119.32,4,20,95.46,477.28,381.82,Credit Card,4,4,False,West,972.1
763,04-28-23,2687,23,Female,Books,4.64,3,10,1.39,13.92,12.53,Debit Card,15,5,False,North,338.67
764,06-17-23,3710,4,Female,Clothing,18.8,4,0,0.0,75.2,75.2,Mobile Wallet,18,5,True,North,417.27
765,11-15-23,4261,33,Female,Home & Garden,21.97,2,0,0.0,43.94,43.94,Mobile Wallet,3,1,False,South,1513.96
766,04-21-23,4807,40,Other,Sports,27.47,5,10,13.74,137.35,123.61,Debit Card,26,5,False,North,214.91
767,08-15-24,1036,22,Other,Beauty,216.45,8,5,86.58,1731.6,1645.02,Mobile Wallet,15,4,False,South,1892.97
768,01-27-23,4851,22,Male,Books,18.6,5,0,0.0,93.0,93.0,Mobile Wallet,20,5,False,West,237.97
769,11-16-23,4440,58,Other,Home & Garden,36.56,2,10,7.31,73.12,65.81,Mobile Wallet,5,3,False,West,3029.44
770,08-12-24,4766,31,Other,Books,38.4,7,10,26.88,268.8,241.92,Mobile Wallet,2,3,False,North,1514.58
771,11-24-24,2548,44,Other,Sports,73.66,8,15,88.39,589.28,500.89,PayPal,15,5,False,West,620.44
772,01-20-24,3326,21,Male,Electronics,36.48,4,10,14.59,145.92,131.33,PayPal,8,3,False,North,456.61
773,02-11-24,3264,34,Other,Electronics,46.54,3,0,0.0,139.62,139.62,Mobile Wallet,28,4,False,South,1410.42
774,07-23-23,3914,29,Other,Beauty,69.98,8,15,83.98,559.84,475.86,Debit Card,28,5,False,West,844.15
775,03-19-23,1872,24,Other,Electronics,5.33,2,0,0.0,10.66,10.66,Mobile Wallet,5,5,False,South,414.37
776,08-29-24,2821,52,Female,Sports,165.48,7,5,57.92,1158.36,1100.44,Debit Card,23,5,False,West,1362.28
777,12-08-24,2296,14,Other,Clothing,93.64,8,5,37.46,749.12,711.66,Debit Card,9,5,False,North,2674.26
778,10-04-24,4952,39,Male,Sports,24.61,5,0,0.0,123.05,123.05,Credit Card,7,4,False,East,319.21
779,09-06-23,3109,29,Male,Sports,65.17,7,20,91.24,456.19,364.95,Credit Card,4,2,True,West,533.88
780,04-15-23,1595,41,Male,Home & Garden,71.84,9,20,129.31,646.56,517.25,Credit Card,19,5,False,South,987.4
781,12-14-24,2903,29,Male,Electronics,94.94,8,20,151.9,759.52,607.62,Debit Card,8,5,False,East,750.26
782,11-05-23,1728,48,Female,Books,10.43,5,0,0.0,52.15,52.15,Debit Card,14,1,False,South,1744.79
783,12-01-24,2365,20,Male,Beauty,60.82,4,10,24.33,243.28,218.95,Debit Card,29,5,False,South,752.43
784,09-06-24,1396,52,Female,Clothing,1.7,3,15,0.76,5.1,4.34,Debit Card,9,3,False,North,178.54
785,05-04-23,1698,34,Female,Books,6.14,6,10,3.68,36.84,33.16,Debit Card,5,4,False,West,407.03
786,08-02-24,4090,15,Female,Home & Garden,74.82,4,0,0.0,299.28,299.28,PayPal,6,4,False,East,596.68
787,02-12-23,3224,45,Male,Home & Garden,83.83,4,10,33.53,335.32,301.79,Mobile Wallet,10,5,False,East,691.77
788,12-22-23,2635,32,Male,Clothing,44.88,7,5,15.71,314.16,298.45,Credit Card,28,2,False,North,1085.89
789,06-29-24,1395,9,Female,Books,43.58,5,15,32.68,217.9,185.22,Debit Card,28,5,True,North,697.53
790,03-14-24,3492,39,Female,Clothing,69.22,1,0,0.0,69.22,69.22,PayPal,13,5,False,West,633.85
791,11-08-24,4304,50,Male,Clothing,118.27,5,15,88.7,591.35,502.65,Credit Card,10,5,False,North,766.46
792,01-15-24,4986,54,Other,Electronics,27.33,6,20,32.8,163.98,131.18,Mobile Wallet,22,2,False,South,856.61
793,03-12-23,1075,29,Other,Books,6.1,1,20,1.22,6.1,4.88,PayPal,13,5,False,East,147.35
794,06-02-24,1264,37,Other,Electronics,91.32,3,5,13.7,273.96,260.26,Debit Card,3,4,False,North,1161.86
795,10-25-24,3502,35,Male,Electronics,20.9,6,0,0.0,125.4,125.4,PayPal,12,5,False,South,757.15
796,12-16-23,2819,57,Male,Beauty,7.18,7,20,10.05,50.26,40.21,PayPal,4,5,True,South,518.35
797,01-13-23,1717,22,Female,Electronics,47.68,7,15,50.06,333.76,283.7,Mobile Wallet,11,5,False,North,1081.08
798,03-06-24,3782,28,Male,Sports,43.15,7,15,45.31,302.05,256.74,PayPal,9,4,False,East,390.59
799,05-16-24,4455,22,Male,Home & Garden,32.15,9,5,14.47,289.35,274.88,Credit Card,6,4,False,North,442.05
800,04-19-23,4635,13,Male,Home & Garden,98.23,2,20,39.29,196.46,157.17,PayPal,12,5,False,North,175.12
801,03-19-24,1850,38,Female,Sports,15.89,3,10,4.77,47.67,42.9,Credit Card,14,5,False,South,110.79
802,01-06-24,4577,59,Female,Clothing,0.67,7,20,0.94,4.69,3.75,Debit Card,21,5,False,West,227.58
803,10-12-24,2390,32,Other,Books,19.54,6,5,5.86,117.24,111.38,Debit Card,9,4,False,East,1481.68
804,04-15-24,1143,21,Other,Books,0.49,1,20,0.1,0.49,0.39,Credit Card,8,3,False,East,166.32
805,12-25-24,1884,37,Male,Books,39.22,7,0,0.0,274.54,274.54,Debit Card,9,4,True,North,334.95
806,06-06-23,4140,43,Male,Electronics,23.76,2,5,2.38,47.52,45.14,Mobile Wallet,13,4,False,West,979.58
807,03-21-24,4170,32,Female,Books,84.09,4,10,33.64,336.36,302.72,Mobile Wallet,11,3,False,East,1449.09
808,06-30-23,1395,56,Other,Books,79.87,7,15,83.86,559.09,475.23,Mobile Wallet,9,5,False,South,697.53
809,06-18-24,4096,22,Other,Books,28.51,4,20,22.81,114.04,91.23,Mobile Wallet,20,5,False,South,808.11
810,10-28-24,3995,30,Other,Home & Garden,12.2,6,15,10.98,73.2,62.22,Credit Card,8,4,False,West,196.43
811,10-04-23,3938,39,Male,Sports,27.45,9,5,12.35,247.05,234.7,Mobile Wallet,10,5,False,West,498.47
812,09-22-24,2492,40,Male,Beauty,51.27,5,15,38.45,256.35,217.9,Credit Card,9,5,False,South,598.72
813,07-05-24,4555,35,Male,Clothing,10.55,3,0,0.0,31.65,31.65,PayPal,27,4,False,North,89.56
814,05-10-24,4636,15,Female,Sports,74.15,6,5,22.24,444.9,422.66,Credit Card,21,5,False,South,650.02
815,04-21-24,4222,70,Other,Books,20.07,4,5,4.01,80.28,76.27,Debit Card,4,5,False,North,123.35
816,03-22-24,2167,31,Female,Clothing,134.54,9,20,242.17,1210.86,968.69,Mobile Wallet,10,4,True,East,1214.52
817,08-29-24,3616,36,Other,Clothing,35.86,2,5,3.59,71.72,68.13,Credit Card,17,4,False,East,583.58
818,10-02-23,2062,44,Male,Sports,93.91,5,0,0.0,469.55,469.55,Credit Card,19,2,False,South,1456.7
819,11-27-23,3156,25,Female,Sports,47.84,9,20,86.11,430.56,344.45,Credit Card,10,1,False,North,2147.93
820,09-09-23,4764,35,Female,Sports,40.44,7,0,0.0,283.08,283.08,PayPal,18,5,False,East,1990.04
821,03-30-23,2065,24,Male,Beauty,57.31,5,10,28.66,286.55,257.89,Credit Card,16,3,False,South,370.06
822,10-13-23,2209,41,Other,Sports,83.43,8,20,133.49,667.44,533.95,Mobile Wallet,28,5,False,South,1293.87
823,04-06-24,3982,30,Other,Beauty,51.71,2,5,5.17,103.42,98.25,Debit Card,23,5,False,North,98.25
824,09-07-23,3445,39,Other,Electronics,79.79,4,5,15.96,319.16,303.2,PayPal,4,5,False,East,348.86
825,04-20-24,4294,19,Other,Home & Garden,10.56,6,5,3.17,63.36,60.19,Debit Card,9,2,True,South,970.49
826,08-06-24,1633,22,Male,Beauty,16.25,7,10,11.38,113.75,102.37,PayPal,9,5,False,East,487.53
827,09-16-24,2156,14,Male,Home & Garden,13.05,8,0,0.0,104.4,104.4,PayPal,2,5,False,South,117.97
828,11-15-24,4234,24,Male,Books,80.05,4,5,16.01,320.2,304.19,Mobile Wallet,19,4,False,West,1780.42
829,01-24-24,2238,-3,Male,Electronics,4.5,9,15,6.08,40.5,34.42,Debit Card,8,5,False,West,134.12
830,12-11-23,1732,30,Female,Clothing,79.45,7,5,27.81,556.15,528.34,Debit Card,26,5,False,South,685.23
831,01-30-23,1234,26,Female,Sports,24.64,2,20,9.86,49.28,39.42,PayPal,19,3,False,East,336.36
832,05-21-24,4914,37,Female,Books,4.14,9,20,7.45,37.26,29.81,Mobile Wallet,4,5,True,North,29.81
833,11-29-23,3705,35,Male,Clothing,27.62,7,15,29.0,193.34,164.34,Mobile Wallet,11,2,False,North,623.16
834,07-06-23,1750,53,Other,Home & Garden,17.87,5,10,8.94,89.35,80.41,PayPal,3,4,False,North,156.8
835,05-14-24,3635,73,Female,Clothing,44.82,3,20,26.89,134.46,107.57,Debit Card,28,3,False,North,568.48
836,08-06-23,4080,52,Female,Sports,31.98,9,10,28.78,287.82,259.04,PayPal,29,5,False,North,259.04
837,12-30-23,4145,28,Male,Sports,17.6,7,10,12.32,123.2,110.88,PayPal,18,3,False,North,1050.48
838,09-22-23,1953,27,Other,Beauty,99.12,3,15,44.6,297.36,252.76,PayPal,17,4,False,South,286.01
839,12-15-23,3539,48,Other,Beauty,26.11,5,20,26.11,130.55,104.44,Mobile Wallet,19,2,False,West,885.1
840,10-14-23,3960,9,Other,Home & Garden,31.81,3,5,4.77,95.43,90.66,PayPal,9,5,False,North,160.84
841,09-02-24,4324,30,Male,Sports,93.74,3,10,28.12,281.22,253.1,PayPal,16,2,False,East,511.77
842,12-19-24,4301,31,Other,Electronics,4.66,7,10,3.26,32.62,29.36,Credit Card,8,5,False,East,845.68
843,10-10-23,2542,43,Female,Books,24.71,9,20,44.48,222.39,177.91,Mobile Wallet,9,5,False,East,260.24
844,07-23-24,2197,44,Female,Home & Garden,25.78,5,20,25.78,128.9,103.12,Mobile Wallet,26,2,False,South,103.12
845,01-11-23,2676,23,Female,Home & Garden,34.24,4,15,20.54,136.96,116.42,Credit Card,5,4,True,East,1019.79
846,06-13-24,2191,28,Male,Clothing,5.61,4,0,0.0,22.44,22.44,PayPal,5,4,False,West,2255.33
847,07-15-23,3217,41,Other,Home & Garden,5.42,3,0,0.0,16.26,16.26,Mobile Wallet,14,4,False,West,149.07
848,03-29-23,2416,23,Male,Books,26.93,8,0,0.0,215.44,215.44,Credit Card,24,5,True,South,367.13
849,09-05-23,3993,53,Other,Electronics,1.68,1,10,0.17,1.68,1.51,PayPal,14,2,True,North,835.95
850,02-21-24,3842,44,Male,Clothing,14.72,3,15,6.62,44.16,37.54,Mobile Wallet,29,5,False,North,2131.05
851,05-15-24,3681,37,Female,Books,11.23,2,0,0.0,22.46,22.46,Mobile Wallet,5,5,False,South,470.49
852,07-22-24,2217,40,Male,Beauty,33.61,7,20,47.05,235.27,188.22,PayPal,4,2,False,West,397.41
853,09-04-23,2540,27,Male,Home & Garden,0.56,6,10,0.34,3.36,3.02,PayPal,25,5,False,West,281.73
854,12-08-24,3076,25,Male,Sports,56.31,1,10,5.63,56.31,50.68,Credit Card,17,5,True,East,964.4
855,05-02-24,4236,28,Female,Beauty,96.75,3,20,58.05,290.25,232.2,PayPal,6,4,True,East,644.4
856,10-23-24,2445,42,Male,Sports,61.34,4,15,36.8,245.36,208.56,Credit Card,7,4,False,East,1428.96
857,12-29-24,3386,38,Male,Books,85.21,7,15,89.47,596.47,507.0,PayPal,14,4,False,East,528.09
858,05-17-24,4719,28,Female,Electronics,51.55,3,0,0.0,154.65,154.65,Mobile Wallet,15,5,False,North,1458.13
859,04-03-24,2519,46,Other,Sports,35.4,4,20,28.32,141.6,113.28,Credit Card,6,3,False,South,365.62
860,01-18-23,2388,32,Male,Books,12.36,7,5,4.33,86.52,82.19,Credit Card,28,4,False,East,141.23
861,04-06-23,2856,24,Female,Clothing,16.4,4,15,9.84,65.6,55.76,Debit Card,10,5,False,North,1002.68
862,10-29-23,2365,38,Male,Home & Garden,19.11,9,0,0.0,171.99,171.99,Mobile Wallet,8,2,False,North,752.43
863,08-15-23,1499,19,Female,Electronics,1.94,6,10,1.16,11.64,10.48,PayPal,27,4,False,East,196.16
864,02-19-24,2680,9,Other,Electronics,122.14,2,15,36.64,244.28,207.64,Credit Card,8,4,False,North,783.81
865,12-09-24,1510,34,Other,Clothing,115.28,1,5,5.76,115.28,109.52,Debit Card,5,4,False,East,546.34
866,09-07-23,4398,25,Male,Electronics,5.7,8,10,4.56,45.6,41.04,PayPal,29,4,False,South,898.38
867,11-10-23,1216,31,Female,Books,40.67,3,10,12.2,122.01,109.81,Mobile Wallet,28,1,False,West,1017.07
868,11-10-24,2324,20,Other,Electronics,31.52,7,20,44.13,220.64,176.51,Credit Card,29,4,False,South,609.9
869,08-18-24,2155,53,Other,Electronics,57.51,4,20,46.01,230.04,184.03,Debit Card,16,4,False,East,373.21
870,01-13-24,2827,25,Female,Electronics,46.19,3,15,20.79,138.57,117.78,Debit Card,20,4,False,West,1613.86
871,04-29-24,4141,28,Male,Books,6.64,9,5,2.99,59.76,56.77,Debit Card,11,3,False,East,308.42
872,07-20-24,4323,40,Other,Beauty,53.95,6,20,64.74,323.7,258.96,Credit Card,7,3,False,West,808.89
873,06-27-24,4486,14,Other,Home & Garden,46.94,6,0,0.0,281.64,281.64,Mobile Wallet,25,5,False,East,1436.12
874,12-19-23,2810,13,Other,Sports,37.88,6,10,22.73,227.28,204.55,PayPal,29,2,False,North,700.68
875,03-11-24,3492,40,Male,Beauty,25.74,3,0,0.0,77.22,77.22,PayPal,2,4,False,East,633.85
876,07-17-24,3923,28,Other,Electronics,154.97,6,10,92.98,929.82,836.84,Debit Card,28,5,False,North,837.26
877,12-05-23,2205,21,Female,Clothing,94.67,4,0,0.0,378.68,378.68,PayPal,7,2,False,West,1721.76
878,12-27-23,3214,44,Male,Clothing,43.98,2,10,8.8,87.96,79.16,Mobile Wallet,6,4,True,East,951.8
879,12-20-24,1090,22,Other,Books,0.32,3,20,0.19,0.96,0.77,Debit Card,19,5,True,South,413.38
880,04-09-24,1713,30,Female,Home & Garden,28.29,4,0,0.0,113.16,113.16,Mobile Wallet,18,2,False,South,515.02
881,10-05-23,2881,21,Female,Electronics,60.26,1,15,9.04,60.26,51.22,Mobile Wallet,1,4,False,West,526.43
882,11-10-23,4602,39,Male,Books,6.24,7,15,6.55,43.68,37.13,Credit Card,18,4,False,East,141.81
883,09-15-23,1038,54,Female,Sports,26.09,5,5,6.52,130.45,123.93,Credit Card,12,4,False,North,824.67
884,08-25-23,4197,7,Male,Home & Garden,10.64,9,5,4.79,95.76,90.97,PayPal,21,2,False,South,1940.7
885,05-04-23,4522,36,Male,Home & Garden,20.64,6,5,6.19,123.84,117.65,Debit Card,17,3,False,North,1400.25
886,07-17-23,1172,47,Male,Books,1.35,8,0,0.0,10.8,10.8,Credit Card,8,2,True,West,89.78
887,11-20-23,1652,28,Female,Beauty,6.78,9,10,6.1,61.02,54.92,PayPal,20,5,False,West,107.25
888,05-03-23,1753,18,Male,Clothing,30.33,6,5,9.1,181.98,172.88,Debit Card,3,3,False,West,560.35
889,07-02-24,2243,41,Male,Beauty,114.23,7,20,159.92,799.61,639.69,Mobile Wallet,10,4,False,West,2377.56
890,12-07-24,4709,50,Female,Home & Garden,33.72,6,15,30.35,202.32,171.97,Mobile Wallet,16,4,False,East,2289.63
891,07-09-23,2081,48,Male,Clothing,30.17,6,15,27.15,181.02,153.87,Credit Card,18,4,False,North,356.08
892,07-16-23,2683,40,Other,Home & Garden,77.46,2,20,30.98,154.92,123.94,Mobile Wallet,1,4,False,West,729.93
893,08-10-23,3523,36,Female,Home & Garden,15.59,5,15,11.69,77.95,66.26,PayPal,8,5,False,South,70.1
894,05-10-24,1455,21,Female,Home & Garden,4.99,6,0,0.0,29.94,29.94,Debit Card,25,5,False,South,1226.17
895,10-11-23,1828,47,Female,Sports,11.76,5,20,11.76,58.8,47.04,Debit Card,19,3,False,North,47.04
896,08-26-24,1894,47,Other,Clothing,78.34,4,0,0.0,313.36,313.36,Credit Card,3,3,False,West,1849.0
897,06-21-24,2384,17,Male,Sports,56.51,6,15,50.86,339.06,288.2,PayPal,16,5,False,North,837.01
898,09-03-24,2958,40,Female,Clothing,4.8,6,20,5.76,28.8,23.04,PayPal,16,5,False,East,240.8
899,10-17-23,4072,44,Female,Sports,54.99,8,20,87.98,439.92,351.94,Debit Card,16,4,False,South,1312.35
900,04-13-23,3434,48,Female,Sports,134.08,8,20,214.53,1072.64,858.11,Credit Card,25,5,True,East,1276.0
901,07-18-23,2996,33,Other,Sports,2.3,1,15,0.34,2.3,1.96,Credit Card,23,5,False,East,491.53
902,10-31-23,3395,22,Other,Books,47.91,2,15,14.37,95.82,81.45,Mobile Wallet,12,4,False,East,1193.66
903,08-21-23,1189,27,Other,Sports,23.83,1,15,3.57,23.83,20.26,PayPal,28,5,False,South,2061.71
904,01-05-24,1504,19,Male,Beauty,34.76,7,5,12.17,243.32,231.15,Mobile Wallet,9,5,False,North,1273.78
905,07-03-23,2214,34,Male,Beauty,37.56,8,5,15.02,300.48,285.46,Mobile Wallet,18,5,False,South,632.19
906,11-06-23,2531,31,Other,Home & Garden,73.71,3,10,22.11,221.13,199.02,Debit Card,23,4,True,South,337.34
907,01-15-23,4440,67,Male,Electronics,40.71,3,20,24.43,122.13,97.7,PayPal,29,5,False,West,3029.44
908,12-26-24,4480,48,Other,Sports,44.96,7,15,47.21,314.72,267.51,PayPal,24,4,False,North,458.63
909,06-30-24,1823,49,Male,Electronics,20.24,8,20,32.38,161.92,129.54,Debit Card,11,5,False,East,129.54
910,05-10-23,1928,42,Male,Electronics,6.73,6,0,0.0,40.38,40.38,Credit Card,20,4,False,West,797.16
911,10-08-23,1933,29,Other,Home & Garden,57.4,8,0,0.0,459.2,459.2,Mobile Wallet,29,4,True,South,1132.51
912,02-16-23,2140,30,Female,Electronics,0.02,2,15,0.01,0.04,0.03,Mobile Wallet,26,5,False,South,1316.86
913,02-25-23,1133,32,Female,Electronics,19.93,7,5,6.98,139.51,132.53,Mobile Wallet,11,2,False,North,2063.22
914,07-20-24,3105,37,Male,Beauty,12.3,5,10,6.15,61.5,55.35,Mobile Wallet,20,5,False,East,118.72
915,10-27-23,4627,40,Male,Electronics,24.59,6,5,7.38,147.54,140.16,PayPal,12,4,False,South,1327.86
916,12-15-24,1684,35,Male,Clothing,18.65,7,20,26.11,130.55,104.44,Debit Card,18,5,False,East,3778.81
917,05-10-23,3719,30,Male,Sports,60.91,9,5,27.41,548.19,520.78,Credit Card,2,4,False,South,852.45
918,10-15-24,3220,26,Male,Sports,15.07,7,15,15.82,105.49,89.67,Debit Card,4,5,False,West,202.1
919,05-17-24,2852,14,Male,Electronics,41.13,1,5,2.06,41.13,39.07,Debit Card,4,5,False,North,717.51
920,04-16-23,1814,54,Other,Home & Garden,30.42,5,0,0.0,152.1,152.1,Mobile Wallet,21,5,False,South,302.63
921,01-13-23,2172,68,Female,Clothing,80.74,4,15,48.44,322.96,274.52,Mobile Wallet,26,5,False,South,434.34
922,08-10-24,1079,52,Female,Home & Garden,27.94,8,15,33.53,223.52,189.99,Mobile Wallet,14,4,False,West,189.99
923,10-19-23,3933,16,Other,Home & Garden,99.71,7,15,104.7,697.97,593.27,Debit Card,26,5,False,West,1246.98
924,04-25-24,4284,46,Other,Electronics,0.01,4,5,0.0,0.04,0.04,Credit Card,13,5,False,East,435.63
925,05-05-24,1202,50,Female,Books,46.42,3,0,0.0,139.26,139.26,Credit Card,26,5,False,East,783.84
926,03-27-24,3811,28,Female,Electronics,0.49,6,5,0.15,2.94,2.79,Credit Card,9,5,False,South,82.81
927,12-15-23,2252,42,Male,Beauty,62.58,8,20,100.13,500.64,400.51,PayPal,15,5,False,West,2658.98
928,07-08-23,2699,28,Female,Books,13.39,3,10,4.02,40.17,36.15,PayPal,27,5,False,East,36.15
929,02-22-23,2250,57,Male,Clothing,23.9,5,10,11.95,119.5,107.55,Mobile Wallet,25,5,False,North,165.41
930,09-16-23,2682,40,Male,Books,23.94,1,10,2.39,23.94,21.55,Credit Card,23,5,False,South,1868.4
931,05-04-24,2555,21,Female,Electronics,93.68,8,20,149.89,749.44,599.55,PayPal,22,5,False,South,1742.43
932,04-27-23,4512,45,Male,Electronics,5.38,7,20,7.53,37.66,30.13,Debit Card,10,4,False,West,636.46
933,03-08-23,4473,50,Male,Home & Garden,54.97,8,20,87.95,439.76,351.81,Debit Card,5,5,False,South,545.94
934,02-15-24,3094,37,Other,Electronics,198.85,2,0,0.0,397.7,397.7,Mobile Wallet,4,5,False,South,646.78
935,05-18-24,2256,42,Female,Beauty,1.13,7,15,1.19,7.91,6.72,Debit Card,18,3,False,East,585.12
936,03-17-23,4376,33,Other,Electronics,168.91,4,20,135.13,675.64,540.51,PayPal,4,1,False,North,598.08
937,08-13-24,2549,17,Male,Sports,0.93,2,10,0.19,1.86,1.67,Credit Card,16,2,False,West,310.07
938,10-06-24,2166,32,Male,Sports,91.99,9,10,82.79,827.91,745.12,PayPal,11,3,False,South,1204.31
939,12-03-24,4486,42,Other,Home & Garden,162.52,5,5,40.63,812.6,771.97,PayPal,7,5,False,South,1436.12
940,02-24-23,4584,33,Other,Books,248.29,7,15,260.7,1738.03,1477.33,Mobile Wallet,1,2,False,West,1722.34
941,06-05-23,2396,47,Other,Books,30.73,4,20,24.58,122.92,98.34,Credit Card,3,5,False,East,98.34
942,06-02-23,4637,29,Male,Sports,100.85,4,15,60.51,403.4,342.89,Debit Card,16,5,False,East,471.53
943,07-30-24,4957,30,Female,Beauty,6.52,3,20,3.91,19.56,15.65,Credit Card,4,5,False,East,462.18
944,11-08-23,4330,47,Male,Clothing,27.7,1,10,2.77,27.7,24.93,Debit Card,23,4,False,South,623.36
945,03-29-23,3703,38,Other,Beauty,18.41,2,15,5.52,36.82,31.3,Mobile Wallet,3,4,False,East,249.6
946,09-12-23,1470,28,Female,Sports,25.14,9,15,33.94,226.26,192.32,Credit Card,20,4,False,West,866.21
947,05-02-23,4018,50,Other,Beauty,60.53,1,20,12.11,60.53,48.42,PayPal,1,2,False,South,119.57
948,07-25-24,2035,24,Male,Clothing,4.58,5,20,4.58,22.9,18.32,Credit Card,28,3,False,West,1111.47
949,03-02-24,2353,24,Female,Books,315.01,2,15,94.5,630.02,535.52,Mobile Wallet,1,2,False,East,1196.92
950,09-12-24,3783,-7,Female,Sports,50.4,4,20,40.32,201.6,161.28,Credit Card,10,4,True,East,226.14
951,09-02-24,3831,26,Male,Electronics,103.38,7,15,108.55,723.66,615.11,Debit Card,12,3,False,North,2087.26
952,09-25-24,1967,54,Other,Clothing,88.51,5,5,22.13,442.55,420.42,Credit Card,3,4,False,East,785.67
953,08-20-23,1357,3,Other,Clothing,72.62,1,15,10.89,72.62,61.73,Credit Card,23,5,False,South,83.03
954,06-19-24,4019,20,Other,Clothing,2.0,3,0,0.0,6.0,6.0,Mobile Wallet,13,5,False,West,106.83
955,01-25-24,4479,41,Male,Books,36.33,9,15,49.05,326.97,277.92,Credit Card,27,5,True,North,727.74
956,04-06-24,1667,1,Other,Beauty,19.89,1,5,0.99,19.89,18.9,Credit Card,6,5,False,North,236.16
957,03-29-24,1372,27,Female,Home & Garden,5.99,4,5,1.2,23.96,22.76,PayPal,21,1,False,East,55.3
958,11-01-23,2031,52,Other,Electronics,21.0,5,10,10.5,105.0,94.5,Credit Card,24,5,False,East,1298.97
959,08-25-24,2145,65,Other,Sports,51.75,3,10,15.52,155.25,139.73,Credit Card,27,3,False,West,425.28
960,03-15-24,2371,39,Female,Beauty,13.11,3,0,0.0,39.33,39.33,Mobile Wallet,24,4,False,North,190.41
961,11-09-23,3723,21,Female,Clothing,29.4,1,20,5.88,29.4,23.52,Debit Card,20,4,False,North,181.15
962,08-05-24,1089,20,Other,Books,25.92,6,20,31.1,155.52,124.42,Credit Card,10,2,False,West,2351.82
963,09-27-24,4719,37,Female,Clothing,2.69,4,5,0.54,10.76,10.22,PayPal,6,3,False,East,1458.13
964,03-03-23,3745,39,Male,Beauty,49.45,8,5,19.78,395.6,375.82,Mobile Wallet,28,5,False,North,1572.13
965,09-16-24,4387,62,Female,Sports,48.23,6,10,28.94,289.38,260.44,Debit Card,1,5,False,West,1072.26
966,04-12-23,4249,49,Male,Electronics,169.68,3,5,25.45,509.04,483.59,Mobile Wallet,26,4,False,South,1688.21
967,08-01-23,1539,36,Female,Clothing,17.69,7,15,18.57,123.83,105.26,Debit Card,15,5,False,North,237.32
968,10-02-24,3779,29,Male,Books,27.15,3,15,12.22,81.45,69.23,Credit Card,14,5,False,East,1500.83
969,08-05-23,1868,80,Male,Books,25.85,9,0,0.0,232.65,232.65,Debit Card,12,2,True,West,586.44
970,09-28-23,1040,44,Other,Home & Garden,126.13,8,15,151.36,1009.04,857.68,Debit Card,10,5,False,South,2325.79
971,11-07-24,1739,24,Female,Books,26.27,3,0,0.0,78.81,78.81,Credit Card,9,5,False,South,655.94
972,03-25-23,4775,31,Female,Home & Garden,29.24,2,10,5.85,58.48,52.63,PayPal,21,4,False,East,738.86
973,06-10-23,2946,21,Female,Electronics,14.54,3,15,6.54,43.62,37.08,PayPal,15,5,False,West,519.06
974,09-03-23,3549,-1,Male,Sports,0.06,4,0,0.0,0.24,0.24,Credit Card,14,5,False,North,1246.93
975,06-27-23,4006,39,Other,Home & Garden,5.85,3,20,3.51,17.55,14.04,Mobile Wallet,24,5,False,East,65.44
976,07-19-24,4216,61,Female,Clothing,60.85,9,0,0.0,547.65,547.65,Mobile Wallet,10,5,False,South,1431.27
977,03-18-23,2224,10,Other,Beauty,57.36,2,15,17.21,114.72,97.51,Debit Card,26,3,False,North,131.21
978,06-10-23,1928,35,Other,Clothing,19.47,8,0,0.0,155.76,155.76,Mobile Wallet,1,5,False,South,797.16
979,01-03-23,3036,24,Male,Sports,32.03,7,10,22.42,224.21,201.79,Mobile Wallet,20,5,True,West,1507.83
980,02-23-24,4795,42,Female,Books,17.65,1,5,0.88,17.65,16.77,Credit Card,29,4,False,North,880.56
981,04-06-24,3508,32,Other,Beauty,65.64,6,20,78.77,393.84,315.07,Credit Card,2,5,False,East,367.77
982,12-06-24,3779,14,Female,Clothing,92.42,6,10,55.45,554.52,499.07,Debit Card,2,5,False,South,1500.83
983,08-31-24,3799,20,Female,Beauty,114.68,9,20,206.42,1032.12,825.7,Mobile Wallet,2,2,False,East,1590.58
984,04-26-24,1924,22,Female,Home & Garden,9.55,8,20,15.28,76.4,61.12,Debit Card,2,5,False,South,567.4
985,10-26-23,3956,55,Other,Sports,59.37,7,0,0.0,415.59,415.59,Credit Card,8,3,False,North,780.97
986,02-03-23,2581,54,Male,Clothing,164.85,7,5,57.7,1153.95,1096.25,Mobile Wallet,22,3,False,East,1463.2
987,08-26-23,4618,30,Male,Books,52.58,5,0,0.0,262.9,262.9,Debit Card,25,1,False,East,556.47
988,10-23-23,4324,53,Other,Beauty,21.61,2,0,0.0,43.22,43.22,Debit Card,18,5,False,South,511.77
989,12-24-24,1389,32,Female,Books,50.52,5,15,37.89,252.6,214.71,PayPal,13,5,False,West,1424.19
990,10-17-23,2617,30,Female,Beauty,58.31,1,0,0.0,58.31,58.31,PayPal,17,2,False,West,58.31
991,12-20-24,3930,35,Male,Clothing,25.3,6,5,7.59,151.8,144.21,Mobile Wallet,8,5,False,East,822.34
992,04-09-24,1255,39,Other,Sports,5.49,2,10,1.1,10.98,9.88,Mobile Wallet,10,2,False,West,101.6
993,03-14-23,1708,26,Other,Electronics,46.65,1,0,0.0,46.65,46.65,Credit Card,14,5,False,East,942.87
994,12-04-24,2838,35,Male,Clothing,81.01,1,5,4.05,81.01,76.96,Credit Card,29,4,False,North,379.2
995,08-28-23,2944,46,Other,Books,301.13,1,0,0.0,301.13,301.13,Credit Card,19,2,False,West,1094.65
996,09-28-23,3497,36,Other,Electronics,12.62,4,20,10.1,50.48,40.38,PayPal,19,5,False,East,261.77
997,10-02-24,1009,35,Male,Sports,60.26,5,0,0.0,301.3,301.3,Debit Card,24,4,False,East,919.43
998,08-26-24,3871,42,Male,Books,1.42,5,15,1.06,7.1,6.04,Credit Card,5,5,False,North,126.3
999,11-08-24,1797,45,Other,Sports,175.04,1,20,35.01,175.04,140.03,PayPal,24,5,False,South,435.51
1000,07-22-23,4313,34,Other,Beauty,0.63,6,5,0.19,3.78,3.59,Credit Card,18,4,False,North,703.87
1001,03-11-24,4322,27,Male,Clothing,22.22,3,0,0.0,66.66,66.66,PayPal,10,5,False,South,2000.7
1002,04-28-23,1876,37,Male,Sports,3.97,4,20,3.18,15.88,12.7,PayPal,16,1,False,East,180.18
1003,07-11-24,2028,11,Female,Books,48.51,5,20,48.51,242.55,194.04,Mobile Wallet,25,4,False,North,935.27
1004,08-19-23,4190,31,Other,Clothing,20.74,4,10,8.3,82.96,74.66,Debit Card,18,5,False,South,920.08
1005,10-25-24,2015,-2,Other,Books,66.01,4,20,52.81,264.04,211.23,PayPal,9,5,False,North,535.73
1006,06-02-23,2824,9,Male,Books,33.31,1,5,1.67,33.31,31.64,Debit Card,10,5,False,West,357.19
1007,09-30-23,1373,7,Male,Electronics,27.18,2,0,0.0,54.36,54.36,Credit Card,22,5,False,West,593.04
1008,05-26-23,4136,50,Female,Home & Garden,21.43,2,20,8.57,42.86,34.29,Mobile Wallet,12,5,False,East,2030.91
1009,03-15-23,3193,35,Female,Sports,4.5,2,5,0.45,9.0,8.55,Mobile Wallet,28,4,False,South,87.56
1010,03-03-23,1223,16,Male,Sports,11.46,1,10,1.15,11.46,10.31,Debit Card,5,4,False,North,507.81
1011,06-19-23,2262,42,Other,Electronics,50.96,8,0,0.0,407.68,407.68,Mobile Wallet,15,3,False,South,888.31
1012,11-11-23,3224,49,Female,Beauty,34.33,1,15,5.15,34.33,29.18,Mobile Wallet,23,5,False,East,691.77
1013,09-01-24,2802,42,Male,Sports,3.63,8,20,5.81,29.04,23.23,Credit Card,7,5,False,North,1238.18
1014,08-05-24,1852,32,Male,Electronics,39.26,1,20,7.85,39.26,31.41,Credit Card,20,4,False,West,481.68
1015,10-23-23,4353,38,Male,Sports,2.78,3,10,0.83,8.34,7.51,Mobile Wallet,7,2,False,South,522.62
1016,03-25-24,1062,48,Other,Sports,35.84,9,5,16.13,322.56,306.43,Mobile Wallet,3,2,False,South,806.1
1017,05-08-23,2240,27,Male,Books,167.57,8,10,134.06,1340.56,1206.5,Debit Card,3,2,False,South,1852.98
1018,04-24-24,4925,35,Male,Electronics,18.36,2,5,1.84,36.72,34.88,Credit Card,7,4,True,East,478.57
1019,12-06-24,3874,31,Other,Beauty,64.28,4,0,0.0,257.12,257.12,Mobile Wallet,1,3,False,South,257.12
1020,11-08-23,3842,10,Male,Sports,68.43,8,20,109.49,547.44,437.95,Mobile Wallet,24,5,False,West,2131.05
1021,12-17-24,1688,48,Male,Beauty,25.95,9,15,35.03,233.55,198.52,Credit Card,27,5,False,North,221.22
1022,02-17-24,2484,65,Female,Home & Garden,44.98,7,10,31.49,314.86,283.37,Credit Card,18,5,False,North,365.36
1023,10-06-23,2633,21,Male,Electronics,31.94,1,15,4.79,31.94,27.15,Credit Card,1,5,False,East,566.22
1024,05-27-24,3152,49,Other,Electronics,16.66,8,15,19.99,133.28,113.29,PayPal,6,4,False,East,113.29
1025,07-06-24,4170,22,Female,Electronics,70.27,1,20,14.05,70.27,56.22,PayPal,20,5,False,West,1449.09
1026,05-20-24,1510,36,Male,Books,60.67,9,20,109.21,546.03,436.82,Debit Card,7,4,False,South,546.34
1027,03-24-24,1384,57,Other,Electronics,115.4,8,15,138.48,923.2,784.72,PayPal,12,2,False,West,784.72
1028,03-24-23,1404,27,Male,Books,48.13,4,0,0.0,192.52,192.52,PayPal,3,4,False,East,604.57
1029,09-04-24,3870,34,Female,Home & Garden,24.61,4,15,14.77,98.44,83.67,PayPal,27,4,False,South,120.63
1030,02-10-23,1517,7,Other,Clothing,62.59,4,5,12.52,250.36,237.84,PayPal,2,4,False,South,547.27
1031,03-18-24,1475,25,Female,Books,48.25,6,5,14.48,289.5,275.02,Mobile Wallet,28,3,False,East,1111.97
1032,11-27-23,3000,6,Other,Sports,47.94,2,5,4.79,95.88,91.09,Mobile Wallet,15,5,False,South,209.5
1033,09-10-24,3756,41,Other,Electronics,94.8,4,5,18.96,379.2,360.24,Mobile Wallet,27,5,False,West,630.12
1034,09-14-23,4934,47,Male,Clothing,120.66,4,10,48.26,482.64,434.38,PayPal,20,3,False,West,591.44
1035,01-27-23,2668,31,Other,Books,9.94,8,0,0.0,79.52,79.52,PayPal,4,4,False,South,1750.3
1036,04-04-23,2893,39,Other,Beauty,18.85,2,10,3.77,37.7,33.93,Debit Card,27,5,False,South,601.65
1037,08-23-23,3818,30,Male,Beauty,52.53,8,10,42.02,420.24,378.22,Debit Card,20,1,True,South,378.22
1038,11-21-24,2460,46,Other,Sports,40.73,2,5,4.07,81.46,77.39,Debit Card,19,3,False,North,838.56
1039,08-12-24,4094,36,Other,Clothing,52.82,9,0,0.0,475.38,475.38,PayPal,23,4,False,East,527.27
1040,08-24-24,4044,5,Other,Home & Garden,28.37,9,0,0.0,255.33,255.33,Mobile Wallet,21,5,False,West,259.44
1041,01-22-23,4636,49,Other,Books,26.59,6,15,23.93,159.54,135.61,PayPal,11,5,False,West,650.02
1042,11-19-24,3724,29,Male,Beauty,6.26,5,10,3.13,31.3,28.17,PayPal,20,3,False,North,28.17
1043,10-03-23,1713,15,Male,Beauty,48.86,7,0,0.0,342.02,342.02,Credit Card,5,4,False,South,515.02
1044,08-13-24,4529,28,Female,Books,9.67,8,20,15.47,77.36,61.89,PayPal,23,4,False,East,61.89
1045,02-11-23,1082,6,Other,Beauty,55.59,8,10,44.47,444.72,400.25,Debit Card,20,4,False,East,696.84
1046,06-29-23,2168,16,Male,Home & Garden,170.67,3,0,0.0,512.01,512.01,Credit Card,12,4,False,West,512.01
1047,04-26-24,4156,37,Other,Beauty,14.81,3,20,8.89,44.43,35.54,Credit Card,16,4,True,East,555.64
1048,06-15-24,4149,38,Male,Books,7.67,5,20,7.67,38.35,30.68,PayPal,29,2,True,South,285.03
1049,10-29-24,3504,39,Female,Electronics,1.22,5,20,1.22,6.1,4.88,PayPal,10,2,False,East,940.03
1050,03-28-24,2901,35,Other,Beauty,23.81,2,5,2.38,47.62,45.24,Debit Card,21,2,True,East,997.88
1051,10-12-23,3048,24,Female,Books,12.08,5,15,9.06,60.4,51.34,Debit Card,22,5,False,North,672.38
1052,07-05-23,1050,34,Female,Electronics,33.85,1,15,5.08,33.85,28.77,PayPal,6,1,False,East,1359.7
1053,08-22-24,1684,28,Female,Beauty,37.15,7,0,0.0,260.05,260.05,Debit Card,28,3,False,West,3778.81
1054,03-22-24,1716,10,Male,Beauty,21.49,7,0,0.0,150.43,150.43,Debit Card,12,5,False,West,150.43
1055,10-12-24,4843,23,Other,Books,69.3,1,15,10.4,69.3,58.9,PayPal,7,2,False,West,166.72
1056,05-18-24,2469,48,Male,Sports,117.59,3,20,70.55,352.77,282.22,Debit Card,10,1,False,North,575.7
1057,04-04-23,1448,58,Male,Sports,11.88,8,0,0.0,95.04,95.04,Credit Card,16,4,False,West,306.49
1058,04-26-24,1880,44,Other,Clothing,90.49,9,5,40.72,814.41,773.69,Credit Card,29,3,False,South,2160.99
1059,12-23-23,1487,58,Other,Sports,7.03,3,5,1.05,21.09,20.04,Debit Card,3,4,False,East,241.58
1060,02-23-24,2823,36,Other,Home & Garden,12.98,6,15,11.68,77.88,66.2,Credit Card,16,4,False,West,629.58
1061,12-08-23,3081,61,Other,Clothing,41.21,6,0,0.0,247.26,247.26,Mobile Wallet,12,3,False,South,638.04
1062,11-25-23,4419,65,Male,Sports,18.31,6,0,0.0,109.86,109.86,Debit Card,8,5,False,South,290.93
1063,11-17-24,3142,8,Other,Electronics,2.13,5,20,2.13,10.65,8.52,Credit Card,5,4,True,West,323.11
1064,04-18-23,4143,38,Other,Books,17.47,6,0,0.0,104.82,104.82,Mobile Wallet,17,5,True,East,527.34
1065,06-14-23,2574,36,Other,Sports,117.63,6,15,105.87,705.78,599.91,Mobile Wallet,20,5,False,South,1699.56
1066,12-04-23,3201,28,Female,Electronics,9.57,6,0,0.0,57.42,57.42,Debit Card,27,5,False,South,255.12
1067,02-26-24,1249,42,Other,Clothing,72.14,8,0,0.0,577.12,577.12,PayPal,20,4,False,East,746.56
1068,12-11-24,1673,35,Other,Books,64.06,6,5,19.22,384.36,365.14,Mobile Wallet,14,5,False,East,1150.08
1069,05-22-24,1437,23,Male,Sports,5.62,3,15,2.53,16.86,14.33,Debit Card,24,5,True,East,97.61
1070,10-23-23,3165,34,Female,Clothing,19.98,7,10,13.99,139.86,125.87,PayPal,29,4,False,North,176.74
1071,11-09-24,1770,53,Male,Sports,10.5,6,15,9.45,63.0,53.55,Mobile Wallet,26,5,False,South,172.88
1072,02-15-24,4962,37,Female,Clothing,1.17,9,15,1.58,10.53,8.95,Mobile Wallet,9,4,True,West,1183.99
1073,07-17-24,4377,44,Male,Sports,9.5,4,10,3.8,38.0,34.2,Mobile Wallet,19,4,False,South,368.5
1074,02-07-23,1267,30,Male,Electronics,11.26,1,10,1.13,11.26,10.13,Debit Card,12,4,False,West,87.16
1075,04-10-24,2984,41,Other,Home & Garden,9.07,6,5,2.72,54.42,51.7,Debit Card,11,4,True,North,282.34
1076,04-01-23,2077,16,Other,Electronics,4.78,9,20,8.6,43.02,34.42,PayPal,26,5,False,South,897.95
1077,11-19-23,1235,27,Female,Books,37.36,8,15,44.83,298.88,254.05,Mobile Wallet,1,3,False,East,300.07
1078,09-16-23,1388,33,Female,Sports,19.48,2,15,5.84,38.96,33.12,Credit Card,11,5,False,East,125.38
1079,11-28-23,4037,15,Female,Home & Garden,119.43,3,15,53.74,358.29,304.55,PayPal,29,3,False,South,699.45
1080,04-29-23,4805,22,Other,Home & Garden,10.36,8,15,12.43,82.88,70.45,Credit Card,29,3,False,West,1680.78
1081,02-18-24,1762,39,Male,Books,46.17,9,5,20.78,415.53,394.75,Mobile Wallet,27,5,False,West,835.2
1082,06-10-24,2848,36,Female,Books,115.44,8,15,138.53,923.52,784.99,Debit Card,8,3,False,South,995.9
1083,01-02-23,3448,47,Other,Home & Garden,2.42,1,10,0.24,2.42,2.18,Credit Card,25,5,False,West,545.4
1084,11-04-24,1623,25,Other,Books,36.31,3,10,10.89,108.93,98.04,Debit Card,20,5,False,South,756.36
1085,07-09-24,3814,35,Male,Books,29.95,8,0,0.0,239.6,239.6,Mobile Wallet,21,3,False,East,765.73
1086,04-18-24,4374,24,Male,Sports,132.1,1,5,6.6,132.1,125.5,PayPal,4,2,True,West,624.01
1087,02-28-24,3966,45,Other,Electronics,54.5,7,0,0.0,381.5,381.5,Credit Card,4,3,False,West,682.05
1088,02-25-23,4278,52,Male,Beauty,21.47,4,15,12.88,85.88,73.0,Debit Card,11,5,False,South,918.99
1089,07-12-23,2252,42,Male,Clothing,62.16,7,5,21.76,435.12,413.36,Credit Card,29,5,False,West,2658.98
1090,06-14-24,3900,50,Other,Home & Garden,43.69,4,5,8.74,174.76,166.02,Mobile Wallet,19,4,False,South,263.47
1091,01-06-24,4981,35,Female,Clothing,21.32,8,20,34.11,170.56,136.45,PayPal,26,3,True,East,711.39
1092,09-29-24,1577,47,Female,Home & Garden,76.91,6,20,92.29,461.46,369.17,Mobile Wallet,4,2,False,East,564.63
1093,05-25-24,3122,36,Other,Home & Garden,55.16,8,0,0.0,441.28,441.28,Debit Card,25,3,True,East,608.49
1094,10-02-24,1434,19,Female,Electronics,0.27,1,0,0.0,0.27,0.27,Mobile Wallet,23,5,False,South,501.38
1095,03-28-24,3150,38,Other,Home & Garden,100.17,9,10,90.15,901.53,811.38,PayPal,6,3,False,South,832.44
1096,02-22-23,4493,20,Other,Home & Garden,25.3,9,10,22.77,227.7,204.93,Mobile Wallet,28,2,False,North,236.39
1097,07-28-23,4775,70,Male,Electronics,51.84,6,10,31.1,311.04,279.94,Debit Card,9,5,False,North,738.86
1098,10-01-23,1763,29,Female,Books,25.27,9,5,11.37,227.43,216.06,Mobile Wallet,11,5,False,East,1038.82
1099,07-16-24,3785,44,Other,Beauty,106.58,6,15,95.92,639.48,543.56,Credit Card,29,4,False,West,1236.31
1100,05-15-23,3853,34,Female,Clothing,52.61,6,0,0.0,315.66,315.66,Credit Card,12,4,False,West,2097.87
1101,10-22-23,2329,16,Female,Home & Garden,43.3,4,10,17.32,173.2,155.88,Credit Card,18,5,True,East,179.97
1102,03-24-24,3145,6,Female,Electronics,196.27,3,5,29.44,588.81,559.37,Credit Card,20,5,False,East,832.99
1103,12-16-24,4921,46,Other,Home & Garden,16.47,3,20,9.88,49.41,39.53,PayPal,9,4,False,South,614.5
1104,05-11-24,3845,58,Male,Electronics,3.37,2,15,1.01,6.74,5.73,Debit Card,24,3,False,North,388.17
1105,05-05-23,2358,23,Female,Clothing,36.28,4,20,29.02,145.12,116.1,Credit Card,15,5,False,West,478.18
1106,01-30-23,3906,10,Other,Sports,27.58,9,20,49.64,248.22,198.58,Credit Card,17,3,False,East,1530.02
1107,10-07-24,3482,30,Female,Books,30.28,7,15,31.79,211.96,180.17,Credit Card,9,4,False,West,856.48
1108,09-15-24,1446,20,Male,Sports,48.39,3,5,7.26,145.17,137.91,Credit Card,13,5,False,South,565.5
1109,09-03-23,3017,25,Female,Electronics,47.74,8,20,76.38,381.92,305.54,Debit Card,26,5,False,South,330.85
1110,12-27-24,2331,44,Other,Home & Garden,24.9,9,5,11.2,224.1,212.9,Mobile Wallet,2,5,False,South,367.91
1111,06-12-23,1248,34,Female,Books,99.34,1,20,19.87,99.34,79.47,Credit Card,17,5,False,West,79.47
1112,11-15-23,1165,22,Female,Clothing,52.7,1,10,5.27,52.7,47.43,Mobile Wallet,18,5,False,South,1468.22
1113,07-18-24,4552,43,Female,Beauty,110.32,9,15,148.93,992.88,843.95,Debit Card,26,4,False,West,1513.24
1114,01-15-23,4031,45,Male,Books,122.18,9,0,0.0,1099.62,1099.62,Mobile Wallet,27,5,False,South,1556.07
1115,07-19-24,2358,29,Female,Home & Garden,9.15,7,15,9.61,64.05,54.44,Mobile Wallet,6,5,False,West,478.18
1116,02-22-24,2019,37,Other,Sports,57.06,3,20,34.24,171.18,136.94,PayPal,2,4,False,North,344.19
1117,04-06-23,1541,42,Female,Electronics,19.1,4,20,15.28,76.4,61.12,Mobile Wallet,1,5,False,South,357.53
1118,08-19-23,1758,41,Female,Sports,90.53,7,10,63.37,633.71,570.34,Mobile Wallet,5,5,False,East,977.31
1119,04-27-23,4177,35,Female,Books,66.0,9,10,59.4,594.0,534.6,Mobile Wallet,14,4,False,East,981.67
1120,04-17-24,4634,56,Male,Beauty,11.08,8,15,13.3,88.64,75.34,Credit Card,27,5,False,West,754.2
1121,05-01-23,3128,43,Other,Home & Garden,139.62,8,0,0.0,1116.96,1116.96,Credit Card,18,4,False,East,1116.96
1122,10-25-24,3180,28,Female,Electronics,57.52,1,15,8.63,57.52,48.89,PayPal,27,4,False,West,59.85
1123,06-07-23,1796,28,Other,Home & Garden,148.44,6,0,0.0,890.64,890.64,PayPal,4,4,False,East,1671.4
1124,05-25-24,3947,26,Other,Home & Garden,11.28,6,5,3.38,67.68,64.3,Mobile Wallet,27,4,False,East,763.12
1125,10-26-23,1137,44,Male,Beauty,101.9,5,20,101.9,509.5,407.6,Credit Card,14,5,False,South,579.37
1126,06-05-24,3231,25,Other,Books,55.14,1,5,2.76,55.14,52.38,Mobile Wallet,15,2,False,North,934.21
1127,12-23-24,4472,28,Female,Sports,40.18,3,15,18.08,120.54,102.46,Credit Card,27,5,False,East,1601.72
1128,10-07-23,2353,50,Male,Home & Garden,85.88,4,0,0.0,343.52,343.52,PayPal,27,5,False,North,1196.92
1129,03-01-24,3832,37,Male,Home & Garden,50.1,7,0,0.0,350.7,350.7,Debit Card,24,4,False,South,787.48
1130,05-09-24,4579,52,Other,Home & Garden,55.37,5,5,13.84,276.85,263.01,Debit Card,26,3,False,West,292.88
1131,04-28-24,2875,46,Male,Electronics,14.63,2,10,2.93,29.26,26.33,Mobile Wallet,27,4,False,North,652.6
1132,09-07-23,4031,17,Other,Home & Garden,84.93,3,10,25.48,254.79,229.31,PayPal,22,5,False,South,1556.07
1133,04-12-24,1068,33,Other,Home & Garden,52.53,1,5,2.63,52.53,49.9,Credit Card,8,1,False,West,475.58
1134,07-18-24,3593,49,Male,Books,93.02,6,10,55.81,558.12,502.31,Mobile Wallet,21,4,False,South,1278.97
1135,05-29-23,4845,16,Female,Home & Garden,21.66,8,0,0.0,173.28,173.28,Mobile Wallet,2,3,False,West,1128.75
1136,01-28-24,3100,41,Other,Beauty,20.15,4,15,12.09,80.6,68.51,Credit Card,17,5,False,East,472.28
1137,07-15-23,2473,34,Male,Beauty,1.21,2,10,0.24,2.42,2.18,Mobile Wallet,28,4,False,East,1814.37
1138,09-05-24,1204,8,Male,Home & Garden,73.18,4,0,0.0,292.72,292.72,Credit Card,24,5,False,East,431.68
1139,06-04-24,3173,36,Other,Beauty,20.05,4,15,12.03,80.2,68.17,PayPal,17,4,False,East,575.97
1140,05-20-23,4818,22,Other,Books,19.82,5,0,0.0,99.1,99.1,PayPal,26,4,False,North,379.55
1141,03-13-23,1042,17,Other,Electronics,58.35,3,20,35.01,175.05,140.04,Debit Card,25,4,False,North,1061.36
1142,10-10-23,4823,35,Other,Beauty,14.58,9,15,19.68,131.22,111.54,PayPal,20,5,False,South,299.66
1143,02-29-24,2906,6,Female,Beauty,119.86,7,20,167.8,839.02,671.22,Credit Card,6,5,False,West,1361.23
1144,12-15-23,3158,24,Female,Sports,38.62,9,10,34.76,347.58,312.82,PayPal,6,3,False,West,1915.25
1145,06-03-24,1760,73,Female,Books,174.46,7,10,122.12,1221.22,1099.1,PayPal,19,5,False,North,1110.64
1146,10-01-23,4734,44,Female,Beauty,3.99,4,0,0.0,15.96,15.96,Credit Card,1,3,False,South,476.44
1147,01-03-23,4254,21,Male,Electronics,20.54,5,5,5.14,102.7,97.56,Credit Card,6,4,False,South,185.86
1148,10-17-23,3895,56,Other,Sports,24.02,7,0,0.0,168.14,168.14,PayPal,26,4,False,South,946.77
1149,11-02-23,3142,20,Male,Home & Garden,65.54,6,20,78.65,393.24,314.59,Mobile Wallet,5,4,False,South,323.11
1150,08-24-24,2994,26,Male,Books,11.97,9,15,16.16,107.73,91.57,PayPal,4,4,False,East,986.44
1151,08-16-24,4445,17,Female,Beauty,23.53,3,5,3.53,70.59,67.06,Credit Card,25,5,False,West,1111.76
1152,11-06-24,2935,38,Male,Home & Garden,120.76,8,0,0.0,966.08,966.08,Credit Card,13,2,False,West,2298.22
1153,05-16-24,4591,55,Female,Books,6.08,4,20,4.86,24.32,19.46,Mobile Wallet,20,5,False,West,1650.7
1154,06-02-23,1899,20,Other,Sports,68.39,9,20,123.1,615.51,492.41,Mobile Wallet,17,4,False,South,582.88
1155,04-02-24,1359,4,Female,Beauty,60.61,1,10,6.06,60.61,54.55,PayPal,26,4,False,East,2243.39
1156,07-05-24,3947,51,Other,Electronics,6.99,5,0,0.0,34.95,34.95,PayPal,13,3,False,South,763.12
1157,05-10-24,2719,58,Female,Books,58.32,4,0,0.0,233.28,233.28,Debit Card,22,5,False,East,983.23
1158,12-20-23,1280,5,Male,Electronics,42.17,5,20,42.17,210.85,168.68,Credit Card,16,4,False,East,1061.54
1159,12-07-23,4266,41,Male,Home & Garden,16.95,6,0,0.0,101.7,101.7,PayPal,13,5,False,West,900.98
1160,07-19-24,2887,38,Female,Home & Garden,18.64,1,10,1.86,18.64,16.78,Credit Card,23,4,False,North,1389.3
1161,07-10-24,4266,23,Other,Sports,89.49,8,5,35.8,715.92,680.12,Credit Card,1,4,False,North,900.98
1162,01-22-24,1666,14,Other,Sports,13.13,3,20,7.88,39.39,31.51,Credit Card,25,5,False,West,647.01
1163,04-11-24,1092,49,Female,Clothing,35.95,7,10,25.16,251.65,226.49,Mobile Wallet,10,5,False,South,1829.77
1164,11-26-23,1671,37,Male,Clothing,57.15,7,10,40.01,400.05,360.04,Credit Card,18,5,False,East,465.14
1165,07-13-23,2969,38,Other,Sports,6.96,9,15,9.4,62.64,53.24,PayPal,23,5,True,West,787.33
1166,12-15-24,1060,25,Female,Beauty,134.67,7,5,47.13,942.69,895.56,Debit Card,27,5,False,West,2204.04
1167,09-02-23,3681,22,Other,Home & Garden,15.1,8,10,12.08,120.8,108.72,Mobile Wallet,24,4,False,South,470.49
1168,08-08-24,4122,-1,Male,Electronics,19.2,4,15,11.52,76.8,65.28,Debit Card,24,4,False,West,237.56
1169,01-28-24,4474,31,Other,Sports,54.85,4,15,32.91,219.4,186.49,PayPal,17,5,False,North,1045.8
1170,08-28-23,4860,56,Female,Beauty,4.07,8,0,0.0,32.56,32.56,Mobile Wallet,26,5,False,South,224.8
1171,02-25-24,2028,21,Other,Electronics,49.39,4,10,19.76,197.56,177.8,Debit Card,17,5,False,North,935.27
1172,02-14-23,2489,12,Other,Clothing,123.86,4,20,99.09,495.44,396.35,Mobile Wallet,10,3,False,West,848.74
1173,11-22-23,1603,41,Male,Electronics,14.32,3,0,0.0,42.96,42.96,Credit Card,20,5,False,East,575.87
1174,04-29-24,1681,44,Male,Sports,22.46,3,5,3.37,67.38,64.01,PayPal,2,4,False,West,322.54
1175,12-23-24,4900,26,Male,Home & Garden,13.22,4,20,10.58,52.88,42.3,PayPal,10,5,False,West,688.31
1176,01-26-24,3581,29,Male,Sports,85.4,2,20,34.16,170.8,136.64,PayPal,28,5,False,East,868.33
1177,01-31-24,2428,38,Female,Books,9.17,3,15,4.13,27.51,23.38,Credit Card,20,1,False,East,100.39
1178,11-10-24,3885,32,Other,Beauty,21.28,2,10,4.26,42.56,38.3,Credit Card,6,4,False,East,48.78
1179,10-29-24,4584,50,Other,Beauty,45.94,6,15,41.35,275.64,234.29,Credit Card,3,5,False,South,1722.34
1180,06-05-23,3692,71,Other,Beauty,25.92,3,15,11.66,77.76,66.1,PayPal,10,2,False,East,619.99
1181,05-22-24,3280,9,Other,Books,3.39,2,10,0.68,6.78,6.1,Credit Card,28,5,False,North,28.87
1182,02-07-23,1523,53,Female,Books,147.56,9,10,132.8,1328.04,1195.24,PayPal,19,5,False,South,2341.17
1183,05-10-23,3393,36,Male,Home & Garden,20.62,8,10,16.5,164.96,148.46,Mobile Wallet,27,1,False,West,187.46
1184,05-29-24,4117,55,Other,Beauty,29.5,5,15,22.12,147.5,125.38,Mobile Wallet,17,4,False,North,455.95
1185,08-27-24,3593,45,Other,Sports,9.17,9,10,8.25,82.53,74.28,Credit Card,12,1,False,North,1278.97
1186,12-06-23,2968,35,Male,Books,100.25,5,10,50.12,501.25,451.13,Credit Card,21,1,False,East,834.62
1187,04-13-23,2101,46,Male,Sports,17.23,5,20,17.23,86.15,68.92,Credit Card,12,5,False,South,163.63
1188,03-26-24,2753,29,Other,Clothing,1.0,4,15,0.6,4.0,3.4,Mobile Wallet,23,5,False,North,1430.04
1189,04-13-23,2836,23,Male,Beauty,19.02,3,10,5.71,57.06,51.35,Credit Card,28,3,True,West,123.43
1190,06-22-24,4994,47,Other,Books,206.95,9,15,279.38,1862.55,1583.17,Mobile Wallet,27,2,False,West,2670.69
1191,04-12-24,4144,22,Other,Books,7.94,4,5,1.59,31.76,30.17,Debit Card,6,2,False,West,993.31
1192,01-16-23,3841,44,Other,Home & Garden,1.58,7,0,0.0,11.06,11.06,Credit Card,12,5,False,East,336.79
1193,05-28-23,3296,35,Other,Sports,43.16,5,20,43.16,215.8,172.64,Debit Card,20,5,False,West,460.28
1194,02-24-24,3094,0,Other,Home & Garden,23.23,7,20,32.52,162.61,130.09,PayPal,6,3,False,West,646.78
1195,11-01-24,2144,26,Other,Home & Garden,79.23,8,15,95.08,633.84,538.76,PayPal,3,5,False,West,538.76
1196,06-08-23,3261,40,Male,Sports,65.82,8,10,52.66,526.56,473.9,Mobile Wallet,3,5,False,East,834.66
1197,03-18-23,3286,28,Female,Clothing,10.25,6,15,9.22,61.5,52.28,Mobile Wallet,23,5,False,South,233.96
1198,04-25-24,2079,-3,Female,Sports,41.58,5,0,0.0,207.9,207.9,Mobile Wallet,9,4,False,South,969.06
1199,09-29-23,3397,54,Other,Clothing,1.65,2,20,0.66,3.3,2.64,Debit Card,1,5,False,East,580.77
1200,12-13-23,1106,37,Male,Home & Garden,28.94,8,20,46.3,231.52,185.22,PayPal,4,5,False,South,185.22
1201,09-30-24,3878,41,Other,Clothing,62.6,5,0,0.0,313.0,313.0,Mobile Wallet,12,2,False,South,695.75
1202,12-10-24,1047,27,Male,Beauty,26.8,8,15,32.16,214.4,182.24,Mobile Wallet,26,5,False,East,240.83
1203,02-12-24,4644,42,Other,Clothing,6.28,6,20,7.54,37.68,30.14,Credit Card,5,5,False,South,871.4
1204,10-27-24,1336,62,Other,Clothing,3.18,8,10,2.54,25.44,22.9,Debit Card,18,4,False,South,207.55
1205,03-24-23,2049,23,Female,Books,96.09,1,15,14.41,96.09,81.68,Debit Card,16,4,False,West,118.53
1206,12-03-23,3851,60,Male,Books,110.97,9,10,99.87,998.73,898.86,PayPal,10,3,False,East,1342.05
1207,11-21-24,2280,40,Male,Home & Garden,21.01,9,5,9.45,189.09,179.64,PayPal,12,5,False,East,393.44
1208,06-30-24,3055,21,Female,Sports,8.97,3,0,0.0,26.91,26.91,Mobile Wallet,11,4,False,West,220.86
1209,01-25-24,1624,68,Female,Clothing,192.26,5,20,192.26,961.3,769.04,Debit Card,19,4,False,North,769.04
1210,11-21-23,2890,40,Female,Beauty,39.47,7,0,0.0,276.29,276.29,PayPal,5,3,False,East,752.54
1211,10-03-24,2276,45,Female,Books,32.38,8,0,0.0,259.04,259.04,Debit Card,24,3,False,North,343.97
1212,05-14-24,2715,30,Male,Sports,67.66,7,10,47.36,473.62,426.26,Mobile Wallet,3,5,False,South,622.45
1213,07-08-24,3766,23,Male,Beauty,9.25,3,20,5.55,27.75,22.2,Mobile Wallet,28,4,False,East,22.2
1214,02-06-23,1302,37,Female,Clothing,43.37,7,5,15.18,303.59,288.41,Mobile Wallet,19,5,True,South,386.31
1215,09-24-24,1638,58,Other,Sports,110.44,1,0,0.0,110.44,110.44,Mobile Wallet,6,5,False,East,300.56
1216,03-12-23,1055,30,Other,Beauty,1.17,5,10,0.58,5.85,5.27,Debit Card,24,5,False,East,424.98
1217,08-29-23,1725,34,Other,Electronics,55.88,9,10,50.29,502.92,452.63,Mobile Wallet,17,5,False,East,819.83
1218,10-08-24,1525,56,Other,Beauty,40.08,2,20,16.03,80.16,64.13,Debit Card,23,4,False,North,386.38
1219,12-01-24,1473,30,Male,Beauty,150.59,3,15,67.77,451.77,384.0,Credit Card,13,5,False,East,1438.88
1220,10-22-23,1027,42,Male,Clothing,14.97,9,15,20.21,134.73,114.52,Mobile Wallet,7,4,False,West,293.37
1221,08-21-23,3125,48,Male,Sports,97.91,3,5,14.69,293.73,279.04,Credit Card,19,5,False,East,638.36
1222,04-03-23,4287,32,Other,Clothing,18.48,8,10,14.78,147.84,133.06,PayPal,19,5,False,North,214.6
1223,03-20-24,4457,39,Female,Clothing,28.09,6,15,25.28,168.54,143.26,Mobile Wallet,25,5,False,East,163.89
1224,04-11-23,1364,44,Other,Electronics,11.99,7,0,0.0,83.93,83.93,Debit Card,26,4,False,North,1345.72
1225,10-10-24,3713,28,Male,Beauty,99.6,5,5,24.9,498.0,473.1,PayPal,12,4,False,South,980.24
1226,12-21-24,1525,47,Other,Sports,10.87,7,0,0.0,76.09,76.09,Mobile Wallet,11,5,False,West,386.38
1227,04-13-23,3746,26,Female,Home & Garden,97.95,3,15,44.08,293.85,249.77,Credit Card,17,4,False,West,586.33
1228,03-30-24,2335,24,Female,Books,30.4,5,10,15.2,152.0,136.8,PayPal,17,5,False,North,425.23
1229,06-20-23,1882,12,Other,Clothing,90.12,6,15,81.11,540.72,459.61,Debit Card,18,5,False,South,693.68
1230,12-11-24,2030,27,Male,Clothing,15.36,9,5,6.91,138.24,131.33,Debit Card,15,5,False,West,751.2
1231,11-03-23,2026,22,Male,Clothing,7.12,4,5,1.42,28.48,27.06,Credit Card,6,3,False,East,381.78
1232,01-30-23,2646,28,Male,Clothing,40.48,8,0,0.0,323.84,323.84,Debit Card,8,4,False,West,602.37
1233,02-17-23,1918,44,Other,Books,35.61,8,0,0.0,284.88,284.88,Mobile Wallet,11,1,False,North,520.1
1234,11-29-23,3797,9,Male,Home & Garden,22.05,6,5,6.62,132.3,125.68,PayPal,26,5,False,South,289.12
1235,02-27-23,3410,5,Other,Electronics,54.36,8,0,0.0,434.88,434.88,Mobile Wallet,13,2,True,South,2149.04
1236,10-28-23,2774,23,Male,Home & Garden,5.0,5,20,5.0,25.0,20.0,Debit Card,17,5,False,North,1629.44
1237,01-03-24,2531,41,Female,Books,48.64,1,5,2.43,48.64,46.21,Credit Card,28,4,False,East,337.34
1238,01-19-24,4345,39,Female,Sports,11.9,4,0,0.0,47.6,47.6,Mobile Wallet,17,3,False,South,47.6
1239,03-17-24,4577,23,Male,Electronics,6.9,6,15,6.21,41.4,35.19,Debit Card,18,5,False,North,227.58
1240,05-30-23,3853,52,Other,Electronics,120.18,9,10,108.16,1081.62,973.46,Credit Card,28,3,False,South,2097.87
1241,09-08-23,3786,25,Male,Sports,30.79,4,20,24.63,123.16,98.53,Mobile Wallet,16,4,True,South,296.18
1242,06-27-24,2906,41,Other,Beauty,72.07,6,20,86.48,432.42,345.94,Debit Card,23,4,False,North,1361.23
1243,02-26-24,4086,29,Female,Clothing,4.67,5,10,2.34,23.35,21.01,Credit Card,16,4,False,North,48.12
1244,08-02-24,2215,21,Other,Books,2.96,9,10,2.66,26.64,23.98,Credit Card,4,3,False,East,1183.55
1245,11-29-24,2654,25,Male,Sports,34.15,6,15,30.74,204.9,174.16,Mobile Wallet,17,4,False,East,612.01
1246,07-04-23,1484,46,Female,Home & Garden,18.96,3,10,5.69,56.88,51.19,Mobile Wallet,8,2,False,South,1768.79
1247,06-24-23,3075,40,Other,Home & Garden,0.25,2,20,0.1,0.5,0.4,Debit Card,20,5,False,East,591.52
1248,06-29-23,1713,49,Other,Beauty,10.12,3,15,4.55,30.36,25.81,PayPal,7,3,False,South,515.02
1249,03-22-23,2062,40,Female,Sports,12.34,6,10,7.4,74.04,66.64,Mobile Wallet,27,4,False,North,1456.7
1250,09-16-24,2976,10,Male,Books,17.02,8,15,20.42,136.16,115.74,Mobile Wallet,8,4,False,North,305.53
1251,01-27-24,2296,66,Female,Beauty,105.0,8,15,126.0,840.0,714.0,Credit Card,1,5,True,East,2674.26
1252,09-26-24,2254,40,Male,Beauty,27.29,5,0,0.0,136.45,136.45,Debit Card,2,2,False,South,139.13
1253,11-30-24,3133,42,Male,Beauty,56.88,1,10,5.69,56.88,51.19,PayPal,13,5,False,East,51.19
1254,09-04-23,4545,29,Other,Electronics,0.93,1,0,0.0,0.93,0.93,PayPal,2,3,False,West,678.99
1255,05-24-24,1125,51,Male,Electronics,84.08,7,20,117.71,588.56,470.85,Mobile Wallet,27,5,False,West,774.04
1256,08-20-24,3859,18,Male,Clothing,13.74,2,15,4.12,27.48,23.36,PayPal,5,2,False,West,23.36
1257,05-27-23,1536,44,Female,Books,18.48,4,20,14.78,73.92,59.14,PayPal,5,5,False,West,419.02
1258,08-26-23,3192,3,Female,Home & Garden,2.32,5,15,1.74,11.6,9.86,Credit Card,6,5,False,South,17.64
1259,04-17-24,4596,45,Male,Home & Garden,26.36,8,10,21.09,210.88,189.79,Credit Card,18,2,False,South,935.89
1260,10-15-24,4283,18,Other,Clothing,95.72,9,5,43.07,861.48,818.41,Credit Card,16,3,False,North,823.0
1261,09-18-23,3072,39,Female,Home & Garden,23.8,1,10,2.38,23.8,21.42,Mobile Wallet,24,4,False,North,35.47
1262,04-15-24,2603,55,Other,Beauty,119.63,9,15,161.5,1076.67,915.17,PayPal,17,4,False,South,1719.74
1263,09-19-23,4465,47,Female,Clothing,101.04,5,5,25.26,505.2,479.94,Credit Card,9,5,False,West,1214.6
1264,11-13-24,1066,53,Female,Clothing,3.2,4,5,0.64,12.8,12.16,Debit Card,21,4,False,East,599.2
1265,01-10-23,1232,51,Male,Sports,18.21,5,10,9.1,91.05,81.95,PayPal,26,5,True,East,629.56
1266,04-21-24,3156,27,Female,Electronics,120.63,9,20,217.13,1085.67,868.54,Debit Card,8,4,False,East,2147.93
1267,10-22-23,2169,43,Female,Books,1.51,8,10,1.21,12.08,10.87,PayPal,8,3,True,West,15.19
1268,11-24-24,3158,9,Other,Books,72.58,5,15,54.44,362.9,308.46,Debit Card,2,1,False,South,1915.25
1269,07-13-24,3275,24,Female,Electronics,118.45,5,20,118.45,592.25,473.8,Debit Card,9,4,False,West,684.28
1270,06-11-23,1110,55,Female,Beauty,73.59,1,15,11.04,73.59,62.55,Mobile Wallet,6,4,False,West,354.62
1271,03-17-23,2493,29,Other,Books,68.09,9,20,122.56,612.81,490.25,Debit Card,19,5,False,South,519.85
1272,03-28-24,3081,6,Male,Home & Garden,92.69,3,0,0.0,278.07,278.07,Credit Card,1,5,False,West,638.04
1273,12-20-23,1622,65,Male,Home & Garden,54.8,1,20,10.96,54.8,43.84,Credit Card,25,3,False,South,257.48
1274,08-24-24,4847,43,Female,Books,27.5,5,0,0.0,137.5,137.5,PayPal,19,4,False,North,1361.05
1275,11-03-23,4440,46,Female,Sports,3.24,3,15,1.46,9.72,8.26,Credit Card,1,3,False,South,3029.44
1276,10-16-24,3795,20,Other,Books,77.55,6,10,46.53,465.3,418.77,Mobile Wallet,21,5,False,East,959.03
1277,03-10-24,3642,39,Male,Clothing,117.83,7,15,123.72,824.81,701.09,Credit Card,24,5,False,South,838.42
1278,12-07-24,4625,38,Male,Beauty,35.83,4,10,14.33,143.32,128.99,Mobile Wallet,13,5,True,West,273.09
1279,09-14-23,3472,22,Male,Clothing,38.02,4,0,0.0,152.08,152.08,Credit Card,29,4,False,South,1098.13
1280,04-12-24,3660,32,Other,Electronics,25.82,2,10,5.16,51.64,46.48,Mobile Wallet,7,3,True,North,1218.02
1281,11-06-23,2541,12,Other,Beauty,97.2,2,15,29.16,194.4,165.24,PayPal,21,3,False,North,567.89
1282,07-23-23,3739,29,Other,Beauty,0.75,7,15,0.79,5.25,4.46,PayPal,13,5,True,North,4.46
1283,01-29-24,2305,49,Female,Home & Garden,48.98,5,15,36.74,244.9,208.16,Credit Card,18,5,True,North,242.63
1284,05-09-24,4391,23,Male,Beauty,118.98,5,20,118.98,594.9,475.92,PayPal,2,3,False,East,1229.25
1285,04-20-23,2761,63,Female,Sports,5.45,2,15,1.64,10.9,9.26,PayPal,3,4,False,South,31.92
1286,08-31-23,4514,13,Female,Books,159.91,7,20,223.87,1119.37,895.5,PayPal,6,4,False,South,1277.18
1287,01-26-24,2975,31,Other,Clothing,171.6,2,5,17.16,343.2,326.04,Credit Card,28,5,True,West,594.39
1288,08-08-24,3362,25,Male,Home & Garden,132.81,5,0,0.0,664.05,664.05,Mobile Wallet,13,4,False,West,664.05
1289,01-03-24,1876,32,Female,Home & Garden,31.05,5,5,7.76,155.25,147.49,Credit Card,20,3,False,North,180.18
1290,08-11-24,2989,55,Male,Sports,24.14,3,5,3.62,72.42,68.8,Debit Card,28,5,False,East,333.16
1291,10-30-23,4812,20,Female,Sports,61.2,2,20,24.48,122.4,97.92,Mobile Wallet,29,3,False,East,291.28
1292,12-17-24,4448,28,Other,Sports,19.19,3,20,11.51,57.57,46.06,Debit Card,9,5,False,West,558.27
1293,10-30-23,2312,44,Female,Sports,3.54,5,0,0.0,17.7,17.7,Debit Card,3,3,False,North,531.76
1294,01-23-23,2460,36,Other,Clothing,115.85,6,0,0.0,695.1,695.1,PayPal,22,2,False,West,838.56
1295,11-05-24,3709,37,Male,Sports,50.37,4,0,0.0,201.48,201.48,Mobile Wallet,15,2,False,North,233.53
1296,02-10-24,3324,20,Female,Home & Garden,11.61,7,15,12.19,81.27,69.08,Mobile Wallet,4,5,False,West,775.01
1297,10-09-23,2733,33,Female,Home & Garden,0.93,2,15,0.28,1.86,1.58,Debit Card,17,2,False,West,49.72
1298,01-09-23,2605,51,Other,Beauty,64.28,6,0,0.0,385.68,385.68,Debit Card,17,4,False,West,1005.44
1299,08-02-24,2526,10,Other,Books,95.8,9,20,172.44,862.2,689.76,PayPal,13,3,False,North,1988.46
1300,12-03-24,3671,24,Male,Home & Garden,26.01,5,5,6.5,130.05,123.55,PayPal,27,2,False,South,361.76
1301,02-20-23,3563,7,Other,Home & Garden,4.22,4,0,0.0,16.88,16.88,Credit Card,29,4,False,North,279.05
1302,09-12-24,4421,43,Male,Clothing,52.29,9,0,0.0,470.61,470.61,Mobile Wallet,11,5,False,South,1409.87
1303,05-23-24,3890,53,Female,Beauty,17.61,6,5,5.28,105.66,100.38,Debit Card,29,5,False,North,152.79
1304,10-21-23,4517,32,Male,Home & Garden,7.77,4,10,3.11,31.08,27.97,Credit Card,8,5,False,North,27.97
1305,08-24-23,4901,19,Male,Electronics,35.71,1,0,0.0,35.71,35.71,PayPal,3,1,False,East,128.73
1306,09-13-24,3397,20,Male,Home & Garden,32.87,9,0,0.0,295.83,295.83,Debit Card,18,3,False,East,580.77
1307,12-27-23,2630,30,Female,Books,36.36,3,15,16.36,109.08,92.72,Mobile Wallet,1,4,True,South,915.37
1308,08-13-23,4735,30,Female,Books,86.84,6,5,26.05,521.04,494.99,Debit Card,8,5,False,West,1624.08
1309,10-13-24,3870,48,Other,Beauty,33.14,1,0,0.0,33.14,33.14,Debit Card,9,4,False,South,120.63
1310,07-14-23,2160,24,Male,Beauty,115.4,6,0,0.0,692.4,692.4,Credit Card,17,4,False,East,2140.02
1311,09-27-24,1758,41,Female,Sports,92.2,3,10,27.66,276.6,248.94,Debit Card,8,5,True,East,977.31
1312,09-14-23,3946,30,Male,Clothing,52.65,3,5,7.9,157.95,150.05,Credit Card,11,3,False,West,1973.54
1313,11-25-24,1242,23,Male,Books,2.93,7,0,0.0,20.51,20.51,Credit Card,1,4,False,South,549.15
1314,11-06-24,3590,30,Male,Electronics,100.1,9,10,90.09,900.9,810.81,PayPal,26,2,True,West,1033.16
1315,11-28-24,2063,40,Female,Electronics,118.0,6,0,0.0,708.0,708.0,Debit Card,2,4,False,East,708.0
1316,05-21-23,1228,48,Male,Sports,23.5,1,20,4.7,23.5,18.8,Credit Card,15,4,False,West,66.88
1317,10-05-24,3595,31,Male,Clothing,37.34,9,10,33.61,336.06,302.45,Debit Card,28,4,False,South,388.27
1318,04-10-23,1919,16,Other,Clothing,16.5,5,20,16.5,82.5,66.0,Mobile Wallet,17,3,False,West,430.18
1319,10-04-24,2246,49,Male,Beauty,0.74,2,0,0.0,1.48,1.48,Debit Card,29,5,False,North,312.55
1320,10-23-24,1005,21,Other,Home & Garden,32.64,3,10,9.79,97.92,88.13,PayPal,15,5,False,West,249.0
1321,02-10-23,4393,38,Male,Electronics,6.93,5,5,1.73,34.65,32.92,Credit Card,29,5,True,East,919.66
1322,11-13-23,1467,34,Other,Electronics,10.13,2,15,3.04,20.26,17.22,Credit Card,29,4,False,South,544.6
1323,03-27-24,2755,32,Female,Electronics,32.76,3,0,0.0,98.28,98.28,Mobile Wallet,18,3,False,West,243.59
1324,02-04-23,1074,27,Female,Electronics,100.88,8,10,80.7,807.04,726.34,PayPal,12,2,False,North,1469.34
1325,08-16-24,1003,44,Male,Books,93.1,6,20,111.72,558.6,446.88,Credit Card,14,5,False,East,446.88
1326,01-09-24,2870,-18,Other,Clothing,167.72,2,10,33.54,335.44,301.9,Mobile Wallet,12,4,False,South,422.53
1327,05-15-23,1645,52,Female,Home & Garden,32.95,2,5,3.3,65.9,62.6,Credit Card,2,3,False,South,764.72
1328,04-03-23,1117,21,Male,Books,40.15,1,10,4.01,40.15,36.14,Credit Card,28,4,False,West,237.27
1329,10-30-23,3928,41,Male,Clothing,86.33,7,20,120.86,604.31,483.45,PayPal,21,4,False,South,1232.22
1330,12-01-23,2629,40,Other,Sports,60.14,6,0,0.0,360.84,360.84,Mobile Wallet,29,3,True,South,1016.13
1331,03-01-24,3551,54,Other,Electronics,10.09,6,20,12.11,60.54,48.43,Credit Card,26,5,False,East,1023.13
1332,06-29-23,3021,37,Male,Home & Garden,25.39,5,20,25.39,126.95,101.56,Debit Card,29,5,False,North,454.35
1333,07-25-23,1946,22,Other,Clothing,132.37,3,20,79.42,397.11,317.69,Mobile Wallet,16,1,False,South,1677.56
1334,05-16-23,3621,10,Other,Sports,7.9,8,15,9.48,63.2,53.72,PayPal,19,4,False,South,924.66
1335,07-06-24,2464,29,Female,Electronics,11.75,3,0,0.0,35.25,35.25,PayPal,29,2,False,East,2335.55
1336,01-10-24,1193,5,Other,Sports,25.6,5,15,19.2,128.0,108.8,PayPal,1,3,False,North,781.55
1337,06-27-24,1846,25,Male,Sports,140.57,8,10,112.46,1124.56,1012.1,Credit Card,26,3,False,East,1285.14
1338,05-28-24,3762,30,Other,Books,6.04,3,0,0.0,18.12,18.12,PayPal,2,5,False,East,19.17
1339,10-07-23,2415,24,Male,Sports,55.88,5,0,0.0,279.4,279.4,Mobile Wallet,12,5,False,East,1003.16
1340,06-18-23,4097,35,Male,Books,7.09,6,10,4.25,42.54,38.29,Credit Card,4,1,False,East,320.44
1341,09-21-23,2458,31,Other,Beauty,37.17,1,10,3.72,37.17,33.45,Debit Card,7,4,False,South,536.54
1342,05-08-24,3220,30,Other,Books,38.45,2,20,15.38,76.9,61.52,PayPal,28,5,False,South,202.1
1343,10-30-23,4371,-1,Other,Sports,2.18,7,0,0.0,15.26,15.26,PayPal,17,5,False,East,117.03
1344,12-13-23,2668,15,Female,Clothing,154.08,9,5,69.34,1386.72,1317.38,PayPal,5,5,False,West,1750.3
1345,04-28-23,3373,44,Female,Sports,82.16,4,20,65.73,328.64,262.91,Debit Card,2,4,True,West,601.6
1346,04-24-24,2433,47,Other,Sports,18.04,5,0,0.0,90.2,90.2,Credit Card,13,4,False,North,188.02
1347,03-19-23,2141,7,Male,Clothing,7.0,4,10,2.8,28.0,25.2,PayPal,28,4,False,North,1204.4
1348,05-25-23,3883,22,Other,Electronics,21.2,3,10,6.36,63.6,57.24,Debit Card,8,5,False,East,200.14
1349,08-20-23,2810,51,Female,Home & Garden,112.35,2,5,11.24,224.7,213.46,Credit Card,18,4,False,South,700.68
1350,11-23-24,1723,24,Female,Beauty,7.12,3,0,0.0,21.36,21.36,Mobile Wallet,4,5,False,West,257.82
1351,11-21-24,1224,33,Other,Electronics,21.49,2,15,6.45,42.98,36.53,PayPal,6,4,False,West,541.71
1352,02-11-24,1531,56,Male,Sports,34.09,8,20,54.54,272.72,218.18,Credit Card,9,3,False,South,2005.0
1353,07-24-24,1112,29,Male,Electronics,1.67,1,0,0.0,1.67,1.67,PayPal,10,2,False,West,573.94
1354,01-10-24,3187,27,Female,Home & Garden,15.6,5,15,11.7,78.0,66.3,Debit Card,4,3,True,West,469.41
1355,04-03-23,1558,32,Female,Electronics,45.27,1,10,4.53,45.27,40.74,Credit Card,4,1,False,North,1467.5
1356,02-09-24,3048,62,Female,Home & Garden,19.58,5,10,9.79,97.9,88.11,Debit Card,7,5,False,North,672.38
1357,01-15-23,3137,41,Male,Electronics,102.21,3,15,45.99,306.63,260.64,PayPal,14,4,False,East,376.67
1358,09-28-23,1653,35,Female,Books,138.05,9,15,186.37,1242.45,1056.08,Mobile Wallet,12,5,False,West,1426.98
1359,07-03-24,1319,27,Female,Sports,29.13,1,5,1.46,29.13,27.67,Debit Card,15,5,False,West,27.67
1360,05-07-23,2573,43,Male,Home & Garden,37.97,1,0,0.0,37.97,37.97,Credit Card,17,5,False,North,2797.95
1361,04-10-24,2828,44,Female,Beauty,49.82,8,10,39.86,398.56,358.7,Credit Card,21,2,False,West,1492.72
1362,01-13-24,2917,18,Female,Sports,54.61,3,20,32.77,163.83,131.06,PayPal,21,3,False,South,158.82
1363,11-19-24,1138,45,Other,Books,3.27,7,10,2.29,22.89,20.6,Credit Card,13,4,False,North,2009.67
1364,11-19-24,4582,32,Female,Electronics,2.76,5,0,0.0,13.8,13.8,PayPal,1,2,False,North,649.58
1365,09-26-23,4939,35,Other,Sports,100.34,2,15,30.1,200.68,170.58,Debit Card,22,2,False,South,240.42
1366,08-21-24,3892,21,Female,Electronics,12.41,7,5,4.34,86.87,82.53,Mobile Wallet,13,5,False,East,241.29
1367,01-26-24,3026,29,Female,Electronics,43.87,7,10,30.71,307.09,276.38,Debit Card,16,5,False,North,516.78
1368,10-15-24,3306,19,Other,Sports,49.0,3,5,7.35,147.0,139.65,Debit Card,13,5,True,West,1062.87
1369,01-16-24,4744,18,Female,Home & Garden,8.98,6,15,8.08,53.88,45.8,PayPal,9,5,False,West,329.45
1370,04-21-23,1901,40,Other,Home & Garden,71.69,5,0,0.0,358.45,358.45,Mobile Wallet,23,4,False,West,1421.64
1371,11-22-24,1689,29,Female,Sports,100.48,1,10,10.05,100.48,90.43,Debit Card,18,5,True,South,726.71
1372,08-28-23,3039,15,Other,Home & Garden,16.8,1,0,0.0,16.8,16.8,PayPal,16,1,True,East,331.96
1373,04-27-24,1009,67,Other,Clothing,105.12,2,20,42.05,210.24,168.19,Debit Card,20,5,True,North,919.43
1374,01-26-23,1260,18,Female,Electronics,4.23,7,0,0.0,29.61,29.61,Debit Card,12,4,False,North,262.12
1375,09-26-24,2942,51,Female,Sports,80.59,3,15,36.27,241.77,205.5,Credit Card,8,5,False,East,753.34
1376,07-28-24,2673,12,Other,Beauty,51.1,9,15,68.98,459.9,390.92,Debit Card,1,3,False,North,1144.62
1377,12-02-23,3219,41,Male,Books,43.75,3,20,26.25,131.25,105.0,Mobile Wallet,13,5,False,West,105.0
1378,09-16-24,3945,31,Female,Sports,13.08,4,0,0.0,52.32,52.32,Debit Card,22,4,False,East,277.03
1379,08-15-23,3060,25,Female,Sports,22.46,8,15,26.95,179.68,152.73,PayPal,19,4,False,South,952.55
1380,10-25-24,2191,37,Male,Electronics,120.57,4,15,72.34,482.28,409.94,Credit Card,13,2,False,East,2255.33
1381,03-06-23,4713,35,Male,Books,31.34,7,15,32.91,219.38,186.47,PayPal,3,5,False,East,554.3
1382,10-12-24,2619,22,Other,Electronics,45.12,5,15,33.84,225.6,191.76,Mobile Wallet,28,3,False,North,867.2
1383,04-20-24,1320,22,Female,Beauty,137.33,6,5,41.2,823.98,782.78,Debit Card,1,4,False,East,1005.46
1384,12-18-24,2342,11,Other,Home & Garden,31.41,8,10,25.13,251.28,226.15,Debit Card,14,2,False,West,303.06
1385,11-06-23,2636,39,Female,Sports,24.57,4,5,4.91,98.28,93.37,Credit Card,24,5,False,North,3197.14
1386,10-26-24,3376,16,Male,Electronics,111.84,6,15,100.66,671.04,570.38,Debit Card,21,3,False,East,985.1
1387,02-23-24,3832,35,Other,Beauty,120.89,2,0,0.0,241.78,241.78,PayPal,1,4,False,South,787.48
1388,04-30-23,3824,43,Female,Beauty,21.9,9,5,9.86,197.1,187.24,PayPal,29,5,False,South,253.72
1389,05-24-23,2994,38,Female,Clothing,44.82,9,20,80.68,403.38,322.7,Credit Card,5,5,False,West,986.44
1390,02-16-23,3958,24,Male,Sports,165.84,6,10,99.5,995.04,895.54,Debit Card,5,3,True,East,1402.83
1391,02-08-23,2943,48,Male,Beauty,2.85,6,0,0.0,17.1,17.1,Credit Card,11,2,False,West,516.95
1392,11-08-23,4621,28,Female,Home & Garden,2.03,7,5,0.71,14.21,13.5,Mobile Wallet,25,1,True,East,55.98
1393,05-19-24,3038,14,Male,Electronics,36.34,4,10,14.54,145.36,130.82,Debit Card,28,5,False,North,2538.59
1394,04-29-23,4490,30,Male,Electronics,17.21,7,5,6.02,120.47,114.45,Debit Card,26,3,False,South,272.01
1395,04-10-23,4677,43,Other,Clothing,43.6,1,20,8.72,43.6,34.88,Debit Card,19,3,False,North,34.88
1396,08-29-23,2118,24,Female,Home & Garden,64.42,7,15,67.64,450.94,383.3,Mobile Wallet,12,3,False,North,518.6
1397,07-04-24,4888,48,Other,Beauty,3.58,1,20,0.72,3.58,2.86,Mobile Wallet,25,5,False,West,1092.67
1398,05-19-23,2604,23,Male,Clothing,107.01,8,15,128.41,856.08,727.67,Mobile Wallet,8,5,False,North,727.67
1399,02-02-24,3365,25,Female,Beauty,16.21,6,10,9.73,97.26,87.53,PayPal,10,5,False,South,441.31
1400,04-09-24,1235,19,Male,Beauty,24.01,1,5,1.2,24.01,22.81,Credit Card,18,5,True,East,300.07
1401,01-15-24,2969,45,Male,Sports,20.55,1,5,1.03,20.55,19.52,PayPal,9,5,False,West,787.33
1402,11-17-24,1333,34,Female,Books,91.58,4,20,73.26,366.32,293.06,Mobile Wallet,11,4,False,West,293.06
1403,12-14-24,2908,20,Male,Beauty,9.36,7,0,0.0,65.52,65.52,PayPal,5,5,False,South,499.03
1404,07-07-24,1375,29,Other,Electronics,1.45,5,10,0.72,7.25,6.53,PayPal,24,1,False,North,1104.0
1405,03-05-24,4530,-11,Female,Beauty,178.42,5,15,133.82,892.1,758.28,Credit Card,13,2,False,North,1279.59
1406,08-24-24,2160,46,Male,Clothing,197.21,8,10,157.77,1577.68,1419.91,Mobile Wallet,13,5,False,North,2140.02
1407,06-08-23,3635,32,Male,Beauty,14.9,2,20,5.96,29.8,23.84,PayPal,24,4,True,West,568.48
1408,02-29-24,2570,-1,Male,Electronics,0.47,4,5,0.09,1.88,1.79,PayPal,4,4,False,West,28.49
1409,11-01-24,3560,13,Female,Electronics,51.91,4,15,31.15,207.64,176.49,Debit Card,17,5,False,West,1088.54
1410,04-12-23,2319,28,Other,Clothing,52.27,8,15,62.72,418.16,355.44,Debit Card,27,4,False,West,1103.94
1411,05-16-24,4391,15,Male,Electronics,140.97,6,15,126.87,845.82,718.95,Mobile Wallet,14,5,False,North,1229.25
1412,09-22-24,3965,46,Male,Home & Garden,17.72,9,15,23.92,159.48,135.56,PayPal,9,4,False,East,153.46
1413,02-22-24,4643,41,Male,Home & Garden,10.51,9,10,9.46,94.59,85.13,Mobile Wallet,22,3,False,North,1317.34
1414,10-14-23,2855,40,Female,Books,47.91,4,10,19.16,191.64,172.48,Credit Card,2,3,False,East,2514.91
1415,02-03-23,2372,-4,Male,Home & Garden,41.47,7,20,58.06,290.29,232.23,Mobile Wallet,4,2,False,East,474.12
1416,12-07-24,4911,27,Male,Clothing,63.25,3,5,9.49,189.75,180.26,Mobile Wallet,11,1,False,North,652.76
1417,01-15-24,4850,24,Male,Beauty,108.2,6,5,32.46,649.2,616.74,PayPal,10,2,False,West,745.89
1418,08-11-23,1872,20,Female,Home & Garden,41.02,1,10,4.1,41.02,36.92,Credit Card,5,3,False,West,414.37
1419,03-30-24,2252,28,Other,Books,8.13,5,20,8.13,40.65,32.52,Mobile Wallet,16,3,False,North,2658.98
1420,03-31-24,3317,18,Female,Sports,45.58,6,0,0.0,273.48,273.48,Debit Card,6,4,False,East,701.7
1421,08-30-23,2851,38,Other,Sports,23.43,5,15,17.57,117.15,99.58,Credit Card,5,4,False,East,387.36
1422,01-07-24,3845,46,Other,Clothing,30.14,7,5,10.55,210.98,200.43,PayPal,13,5,False,West,388.17
1423,04-12-23,2314,45,Female,Books,160.3,4,15,96.18,641.2,545.02,Debit Card,9,3,False,North,838.22
1424,12-03-24,1724,32,Male,Home & Garden,40.48,5,5,10.12,202.4,192.28,Credit Card,10,5,False,West,388.59
1425,01-12-24,4236,64,Other,Books,8.11,4,0,0.0,32.44,32.44,PayPal,27,2,False,South,644.4
1426,07-11-24,3052,52,Male,Electronics,29.27,9,5,13.17,263.43,250.26,PayPal,2,5,False,North,1175.73
1427,10-22-24,3898,33,Other,Books,12.97,2,0,0.0,25.94,25.94,Credit Card,15,3,False,West,25.94
1428,01-03-24,4450,27,Male,Home & Garden,7.28,1,5,0.36,7.28,6.92,Credit Card,27,5,False,South,221.6
1429,03-04-23,1077,55,Male,Clothing,62.28,4,10,24.91,249.12,224.21,Credit Card,12,3,False,East,321.06
1430,02-12-24,4481,50,Female,Electronics,49.52,6,15,44.57,297.12,252.55,PayPal,12,5,False,South,252.55
1431,10-10-23,3621,13,Male,Books,34.44,8,20,55.1,275.52,220.42,Debit Card,3,5,False,North,924.66
1432,07-14-23,1131,51,Other,Sports,27.52,4,20,22.02,110.08,88.06,Debit Card,26,4,False,East,147.98
1433,05-06-23,1600,32,Male,Home & Garden,19.45,1,5,0.97,19.45,18.48,PayPal,15,4,True,East,1736.74
1434,04-10-24,2772,22,Male,Clothing,4.61,9,20,8.3,41.49,33.19,Credit Card,27,1,True,East,1776.28
1435,04-04-23,2065,5,Male,Beauty,17.78,3,15,8.0,53.34,45.34,PayPal,19,3,False,South,370.06
1436,11-09-24,3136,30,Other,Home & Garden,91.13,6,10,54.68,546.78,492.1,PayPal,13,3,False,South,619.06
1437,08-06-23,3449,34,Other,Books,76.55,8,10,61.24,612.4,551.16,PayPal,3,4,False,East,1326.17
1438,10-19-24,3343,58,Other,Clothing,179.35,5,0,0.0,896.75,896.75,PayPal,13,2,False,South,1966.31
1439,10-16-24,2863,49,Male,Sports,53.37,7,20,74.72,373.59,298.87,Debit Card,22,4,False,North,1622.17
1440,09-03-24,2318,26,Female,Electronics,40.33,9,15,54.45,362.97,308.52,Credit Card,24,5,False,South,308.52
1441,01-22-23,1615,40,Other,Books,17.55,1,20,3.51,17.55,14.04,PayPal,5,4,False,East,1295.49
1442,02-21-23,4597,47,Male,Clothing,4.0,8,15,4.8,32.0,27.2,PayPal,11,3,True,West,709.73
1443,12-08-23,3847,36,Other,Electronics,48.12,2,0,0.0,96.24,96.24,Credit Card,22,4,False,West,107.64
1444,09-07-23,4762,26,Female,Clothing,33.49,1,20,6.7,33.49,26.79,Credit Card,17,1,False,West,89.8
1445,05-09-23,4708,27,Male,Beauty,71.16,4,10,28.46,284.64,256.18,PayPal,26,4,True,North,841.46
1446,08-01-24,3469,40,Other,Books,26.54,6,0,0.0,159.24,159.24,PayPal,19,4,False,East,2655.03
1447,07-30-23,2888,41,Other,Clothing,211.86,8,20,338.98,1694.88,1355.9,Credit Card,20,4,False,East,1355.9
1448,03-12-23,2046,30,Female,Sports,25.34,1,10,2.53,25.34,22.81,Credit Card,27,4,False,North,22.81
1449,07-21-24,1574,-4,Other,Clothing,20.25,1,10,2.02,20.25,18.23,Debit Card,23,5,False,East,1215.08
1450,08-01-23,3190,15,Male,Books,102.39,2,15,30.72,204.78,174.06,PayPal,27,5,False,North,484.25
1451,08-23-24,1992,44,Male,Clothing,25.17,9,10,22.65,226.53,203.88,Mobile Wallet,12,5,False,South,431.38
1452,08-10-23,3712,3,Female,Electronics,102.36,4,5,20.47,409.44,388.97,Credit Card,29,2,False,North,646.73
1453,08-27-23,3192,52,Female,Electronics,1.39,7,20,1.95,9.73,7.78,Credit Card,5,3,False,South,17.64
1454,12-03-23,2248,50,Female,Beauty,58.98,3,20,35.39,176.94,141.55,Debit Card,17,5,False,North,197.27
1455,06-01-23,4054,35,Male,Home & Garden,3.73,1,15,0.56,3.73,3.17,Debit Card,19,5,False,North,263.9
1456,09-02-24,1502,43,Female,Beauty,8.02,1,10,0.8,8.02,7.22,Mobile Wallet,11,3,False,East,92.92
1457,01-03-23,2997,42,Other,Home & Garden,60.21,9,15,81.28,541.89,460.61,Credit Card,2,5,False,South,3001.2
1458,10-11-23,1820,33,Other,Sports,17.11,4,5,3.42,68.44,65.02,PayPal,6,5,False,North,440.8
1459,05-29-23,4687,14,Male,Electronics,11.81,3,15,5.31,35.43,30.12,PayPal,21,5,False,West,272.43
1460,05-14-23,3151,49,Other,Home & Garden,80.85,5,20,80.85,404.25,323.4,PayPal,3,2,False,North,625.46
1461,07-07-24,4110,56,Female,Clothing,146.17,1,15,21.93,146.17,124.24,Debit Card,15,4,False,East,863.55
1462,09-14-23,2970,16,Other,Sports,13.22,3,20,7.93,39.66,31.73,Mobile Wallet,18,4,False,East,67.89
1463,06-28-23,1197,13,Female,Books,19.08,4,0,0.0,76.32,76.32,Mobile Wallet,17,5,True,South,771.29
1464,04-23-23,2669,32,Other,Home & Garden,62.6,6,5,18.78,375.6,356.82,Mobile Wallet,15,5,False,East,375.14
1465,11-07-24,3626,25,Male,Beauty,84.45,9,5,38.0,760.05,722.05,Credit Card,2,5,False,North,1355.45
1466,01-27-23,3438,37,Female,Home & Garden,354.24,3,20,212.54,1062.72,850.18,Credit Card,5,5,False,North,1054.87
1467,05-15-23,2202,53,Other,Beauty,15.97,4,0,0.0,63.88,63.88,Mobile Wallet,5,2,False,North,233.29
1468,01-16-23,3601,1,Male,Beauty,40.67,5,10,20.34,203.35,183.01,Mobile Wallet,9,4,False,West,752.12
1469,01-02-24,2471,58,Other,Electronics,7.19,8,15,8.63,57.52,48.89,Mobile Wallet,6,4,False,West,444.55
1470,09-01-23,4571,28,Male,Sports,20.09,9,10,18.08,180.81,162.73,Debit Card,19,5,False,East,483.4
1471,08-25-24,4086,42,Other,Beauty,2.3,3,0,0.0,6.9,6.9,Mobile Wallet,10,4,False,South,48.12
1472,11-28-23,2646,44,Female,Electronics,11.84,3,5,1.78,35.52,33.74,PayPal,27,5,False,North,602.37
1473,01-17-23,2692,46,Female,Electronics,35.32,7,10,24.72,247.24,222.52,Credit Card,19,3,False,East,746.14
1474,06-28-23,2312,35,Female,Beauty,8.94,9,0,0.0,80.46,80.46,PayPal,19,5,False,North,531.76
1475,09-29-23,3035,39,Female,Sports,110.08,1,5,5.5,110.08,104.58,Credit Card,16,3,False,West,1136.43
1476,02-23-23,1477,39,Female,Clothing,61.95,1,10,6.2,61.95,55.75,Debit Card,12,5,False,West,145.88
1477,05-10-23,2254,25,Other,Home & Garden,1.41,2,5,0.14,2.82,2.68,Debit Card,24,5,False,East,139.13
1478,03-07-24,1922,8,Other,Electronics,104.66,6,20,125.59,627.96,502.37,PayPal,9,1,False,West,944.24
1479,06-22-24,1419,16,Other,Home & Garden,189.32,3,5,28.4,567.96,539.56,Debit Card,3,4,False,South,1303.78
1480,04-27-23,3204,33,Other,Sports,34.84,8,5,13.94,278.72,264.78,Credit Card,17,5,False,East,947.73
1481,03-07-23,3597,23,Female,Clothing,18.89,5,0,0.0,94.45,94.45,Debit Card,27,3,False,South,756.58
1482,05-02-24,4512,23,Male,Books,15.29,3,0,0.0,45.87,45.87,PayPal,24,3,False,West,636.46
1483,04-04-24,2120,61,Female,Clothing,4.57,8,15,5.48,36.56,31.08,Debit Card,10,4,False,West,73.56
1484,01-06-24,4068,47,Other,Sports,33.83,8,0,0.0,270.64,270.64,Mobile Wallet,18,5,False,South,740.12
1485,06-09-24,4044,31,Female,Clothing,2.57,2,20,1.03,5.14,4.11,Credit Card,7,4,False,East,259.44
1486,08-30-24,4482,45,Female,Books,35.04,5,20,35.04,175.2,140.16,Debit Card,7,4,False,West,322.55
1487,04-22-23,1950,28,Female,Electronics,14.55,3,5,2.18,43.65,41.47,Credit Card,9,2,False,South,657.23
1488,04-07-24,3336,36,Male,Clothing,32.35,7,0,0.0,226.45,226.45,PayPal,16,5,False,East,548.42
1489,05-30-24,2277,41,Female,Beauty,27.1,2,15,8.13,54.2,46.07,Mobile Wallet,24,4,True,North,511.05
1490,08-15-23,3243,28,Female,Beauty,18.2,9,0,0.0,163.8,163.8,Credit Card,11,3,True,South,503.51
1491,09-21-24,3645,24,Male,Sports,29.77,2,15,8.93,59.54,50.61,Mobile Wallet,9,4,False,West,383.07
1492,02-14-23,2857,53,Female,Clothing,32.13,2,5,3.21,64.26,61.05,Mobile Wallet,1,4,False,North,1598.49
1493,11-05-24,4593,44,Female,Books,89.7,6,20,107.64,538.2,430.56,Mobile Wallet,12,4,False,North,622.89
1494,06-17-24,1516,1,Female,Sports,54.8,3,0,0.0,164.4,164.4,Debit Card,3,5,False,South,258.52
1495,11-05-23,2658,24,Female,Clothing,28.38,3,0,0.0,85.14,85.14,Debit Card,20,5,False,West,229.63
1496,04-14-24,2865,23,Female,Sports,117.82,2,20,47.13,235.64,188.51,PayPal,19,2,False,East,263.39
1497,10-20-24,3912,25,Other,Beauty,70.48,5,20,70.48,352.4,281.92,Debit Card,8,4,False,East,914.65
1498,02-01-23,2141,47,Female,Books,3.94,5,10,1.97,19.7,17.73,PayPal,7,4,False,West,1204.4
1499,03-04-23,3853,35,Male,Electronics,8.35,7,10,5.84,58.45,52.61,PayPal,5,1,False,East,2097.87
1500,05-05-24,2932,14,Female,Books,4.26,8,10,3.41,34.08,30.67,Mobile Wallet,5,5,False,West,1924.93
1501,02-16-24,4230,29,Other,Electronics,19.2,8,20,30.72,153.6,122.88,Credit Card,20,2,False,East,413.54
1502,03-12-24,1814,43,Male,Home & Garden,28.6,3,10,8.58,85.8,77.22,Debit Card,5,2,False,North,302.63
1503,12-03-24,3275,31,Male,Beauty,35.08,6,0,0.0,210.48,210.48,Credit Card,12,1,False,East,684.28
1504,04-21-23,2900,25,Female,Beauty,95.33,5,20,95.33,476.65,381.32,PayPal,21,3,False,South,614.56
1505,05-17-24,3263,39,Other,Beauty,0.91,4,0,0.0,3.64,3.64,PayPal,20,3,True,West,376.86
1506,12-30-24,3995,59,Female,Books,27.96,6,20,33.55,167.76,134.21,PayPal,5,4,False,North,196.43
1507,03-30-24,4767,41,Other,Electronics,26.47,4,5,5.29,105.88,100.59,Mobile Wallet,23,5,False,West,473.08
1508,03-17-23,3062,54,Other,Home & Garden,147.32,8,0,0.0,1178.56,1178.56,Credit Card,25,2,False,East,2145.37
1509,03-24-23,4228,26,Female,Home & Garden,13.79,9,20,24.82,124.11,99.29,Mobile Wallet,7,5,False,North,239.11
1510,11-26-23,4719,34,Other,Home & Garden,6.53,1,15,0.98,6.53,5.55,Credit Card,1,4,False,South,1458.13
1511,09-14-24,4332,34,Female,Sports,7.67,1,20,1.53,7.67,6.14,Mobile Wallet,25,5,False,West,454.81
1512,06-01-23,4228,36,Other,Books,36.71,4,5,7.34,146.84,139.5,PayPal,19,1,False,South,239.11
1513,03-09-23,3094,41,Male,Books,24.79,6,20,29.75,148.74,118.99,Debit Card,2,4,False,East,646.78
1514,05-10-23,3371,21,Female,Beauty,70.15,8,5,28.06,561.2,533.14,Mobile Wallet,12,1,False,South,1570.47
1515,10-09-23,3891,44,Other,Books,19.52,1,10,1.95,19.52,17.57,Mobile Wallet,10,3,False,North,402.69
1516,10-01-24,4756,10,Male,Books,6.85,3,0,0.0,20.55,20.55,Debit Card,25,4,False,South,508.52
1517,10-10-24,1129,14,Male,Sports,24.46,4,5,4.89,97.84,92.95,Debit Card,28,4,False,East,920.71
1518,08-22-24,4482,67,Male,Books,107.29,2,15,32.19,214.58,182.39,Mobile Wallet,28,3,True,North,322.55
1519,07-15-24,1094,27,Male,Electronics,26.0,9,0,0.0,234.0,234.0,PayPal,16,5,True,East,589.63
1520,12-30-24,3674,45,Female,Home & Garden,89.68,3,20,53.81,269.04,215.23,PayPal,11,3,False,West,445.48
1521,11-29-23,3802,60,Other,Sports,23.22,4,20,18.58,92.88,74.3,Debit Card,18,2,False,North,74.3
1522,01-26-24,2955,0,Male,Sports,16.52,4,5,3.3,66.08,62.78,Mobile Wallet,26,4,False,East,513.97
1523,09-03-24,4363,51,Other,Beauty,74.55,1,15,11.18,74.55,63.37,Credit Card,29,4,False,South,1051.17
1524,06-27-24,1793,44,Other,Books,11.74,5,5,2.94,58.7,55.76,Debit Card,12,5,False,South,245.29
1525,10-29-23,2834,59,Other,Home & Garden,13.19,5,15,9.89,65.95,56.06,Credit Card,9,4,False,East,218.62
1526,04-09-24,4354,17,Female,Electronics,2.55,2,5,0.26,5.1,4.84,Debit Card,21,4,False,West,1867.52
1527,06-01-24,3116,56,Female,Home & Garden,10.4,1,10,1.04,10.4,9.36,Mobile Wallet,22,2,False,East,17.99
1528,09-11-24,2683,23,Male,Clothing,23.81,5,10,11.9,119.05,107.15,PayPal,7,5,False,East,729.93
1529,03-16-24,1010,50,Other,Home & Garden,25.51,5,10,12.76,127.55,114.79,Debit Card,7,3,False,East,341.39
1530,04-12-23,4325,34,Female,Electronics,27.29,7,5,9.55,191.03,181.48,Credit Card,13,5,False,East,1247.61
1531,12-19-24,2865,46,Female,Electronics,32.67,2,0,0.0,65.34,65.34,Mobile Wallet,20,5,False,West,263.39
1532,04-28-23,3919,35,Female,Electronics,42.42,8,20,67.87,339.36,271.49,Mobile Wallet,13,5,False,South,1402.5
1533,11-01-24,3597,7,Male,Sports,10.5,5,0,0.0,52.5,52.5,Mobile Wallet,20,5,False,East,756.58
1534,10-28-24,4205,-11,Female,Sports,47.59,5,20,47.59,237.95,190.36,Credit Card,28,5,False,West,346.16
1535,07-18-24,1711,38,Other,Clothing,20.52,9,15,27.7,184.68,156.98,Debit Card,5,4,False,North,156.98
1536,08-09-23,3070,31,Female,Home & Garden,66.21,2,10,13.24,132.42,119.18,PayPal,25,2,False,North,1071.63
1537,03-16-24,1814,40,Female,Books,40.73,2,10,8.15,81.46,73.31,PayPal,14,5,False,West,302.63
1538,04-07-24,1345,31,Male,Beauty,40.4,5,20,40.4,202.0,161.6,Credit Card,16,4,False,South,161.6
1539,08-22-23,3349,65,Other,Clothing,57.84,1,10,5.78,57.84,52.06,PayPal,13,5,False,West,201.9
1540,02-28-24,1362,38,Female,Books,20.25,5,0,0.0,101.25,101.25,Debit Card,26,4,True,East,333.75
1541,12-14-23,3443,28,Other,Books,28.04,5,5,7.01,140.2,133.19,Credit Card,12,3,False,South,440.78
1542,04-09-24,3265,40,Other,Clothing,43.72,8,10,34.98,349.76,314.78,Credit Card,1,5,False,West,576.31
1543,02-13-24,3188,28,Female,Home & Garden,27.37,6,10,16.42,164.22,147.8,Debit Card,8,4,False,South,920.09
1544,03-01-24,4687,36,Male,Beauty,29.37,6,15,26.43,176.22,149.79,Mobile Wallet,8,5,False,West,272.43
1545,04-08-23,4005,16,Other,Books,15.91,5,5,3.98,79.55,75.57,Debit Card,23,5,False,East,906.88
1546,11-17-23,4281,34,Female,Sports,16.94,5,20,16.94,84.7,67.76,Debit Card,22,5,True,West,982.7
1547,03-13-24,1984,27,Other,Sports,60.03,8,5,24.01,480.24,456.23,PayPal,27,2,False,West,1191.75
1548,11-17-23,4040,18,Other,Clothing,0.21,1,5,0.01,0.21,0.2,PayPal,15,5,False,North,1372.69
1549,11-12-24,4694,64,Other,Beauty,5.01,9,20,9.02,45.09,36.07,PayPal,3,4,True,North,134.79
1550,09-19-23,2639,18,Female,Beauty,148.61,6,5,44.58,891.66,847.08,Mobile Wallet,29,3,False,East,863.89
1551,01-19-24,1827,35,Other,Books,10.35,9,15,13.97,93.15,79.18,Debit Card,27,2,False,East,79.18
1552,06-06-23,3730,22,Other,Clothing,27.07,2,0,0.0,54.14,54.14,PayPal,8,3,False,East,455.41
1553,12-04-24,4531,39,Male,Beauty,94.75,3,5,14.21,284.25,270.04,Mobile Wallet,23,2,False,East,270.04
1554,04-30-24,4051,15,Female,Beauty,0.01,1,0,0.0,0.01,0.01,PayPal,24,1,False,West,37.09
1555,03-10-23,1355,47,Female,Sports,129.63,5,15,97.22,648.15,550.93,Debit Card,18,5,False,East,2353.92
1556,04-04-23,4055,65,Other,Clothing,2.75,2,15,0.82,5.5,4.68,Debit Card,24,5,False,West,418.24
1557,03-29-23,2347,22,Male,Books,9.37,1,5,0.47,9.37,8.9,Debit Card,29,5,False,West,599.49
1558,04-06-23,4204,53,Other,Books,1.48,9,10,1.33,13.32,11.99,Credit Card,7,3,False,West,11.99
1559,03-18-24,3935,29,Other,Sports,36.65,9,5,16.49,329.85,313.36,Debit Card,29,1,False,West,740.12
1560,04-09-23,4876,57,Female,Electronics,143.32,6,0,0.0,859.92,859.92,Debit Card,22,4,False,North,2155.73
1561,01-17-24,2863,67,Male,Electronics,91.33,8,15,109.6,730.64,621.04,PayPal,25,5,False,South,1622.17
1562,05-14-23,1126,31,Other,Beauty,51.05,9,0,0.0,459.45,459.45,Credit Card,12,5,False,West,670.49
1563,07-23-24,4177,12,Female,Home & Garden,10.26,5,0,0.0,51.3,51.3,PayPal,15,5,False,South,981.67
1564,03-03-23,4056,49,Other,Sports,101.86,2,20,40.74,203.72,162.98,Mobile Wallet,8,5,False,North,600.39
1565,08-23-24,1603,38,Other,Home & Garden,70.28,4,15,42.17,281.12,238.95,Mobile Wallet,29,3,True,East,575.87
1566,07-29-24,4870,42,Male,Beauty,15.52,3,15,6.98,46.56,39.58,Credit Card,16,3,False,West,122.4
1567,07-29-24,4449,29,Male,Sports,81.76,7,0,0.0,572.32,572.32,Debit Card,5,3,False,East,1509.18
1568,12-04-23,2928,21,Male,Books,104.84,8,15,125.81,838.72,712.91,Credit Card,5,2,False,South,1964.99
1569,11-17-24,2013,52,Other,Sports,59.9,5,5,14.98,299.5,284.52,Debit Card,9,5,False,East,655.6
1570,05-06-23,1050,39,Male,Clothing,5.29,2,20,2.12,10.58,8.46,Mobile Wallet,13,5,False,South,1359.7
1571,02-25-24,4100,13,Female,Home & Garden,207.54,9,5,93.39,1867.86,1774.47,Mobile Wallet,15,4,False,North,1984.68
1572,12-29-23,4533,45,Other,Sports,3.95,1,10,0.4,3.95,3.55,Credit Card,8,5,True,North,511.05
1573,11-12-24,4367,42,Male,Home & Garden,53.13,5,10,26.56,265.65,239.09,PayPal,12,2,False,South,345.56
1574,03-09-24,4368,30,Other,Beauty,5.86,3,0,0.0,17.58,17.58,Mobile Wallet,20,5,False,West,17.58
1575,02-22-23,4797,59,Other,Sports,117.91,8,10,94.33,943.28,848.95,Credit Card,29,4,False,West,2403.94
1576,10-22-23,3826,25,Female,Electronics,21.54,8,5,8.62,172.32,163.7,Credit Card,9,3,False,West,196.15
1577,09-06-24,2430,32,Female,Home & Garden,35.82,1,10,3.58,35.82,32.24,Mobile Wallet,27,5,False,East,728.85
1578,11-16-23,2792,46,Female,Books,9.85,4,0,0.0,39.4,39.4,Debit Card,15,3,False,West,1210.44
1579,12-27-23,3861,36,Other,Books,39.54,8,15,47.45,316.32,268.87,PayPal,15,4,False,South,815.78
1580,04-17-23,2636,14,Other,Sports,139.71,9,20,251.48,1257.39,1005.91,PayPal,13,5,False,South,3197.14
1581,08-14-24,4476,37,Female,Books,115.95,9,0,0.0,1043.55,1043.55,Debit Card,15,4,False,North,1043.55
1582,06-03-24,4417,28,Other,Books,3.3,2,0,0.0,6.6,6.6,Mobile Wallet,22,5,False,South,108.46
1583,08-06-23,2645,47,Female,Home & Garden,23.76,9,0,0.0,213.84,213.84,Mobile Wallet,5,5,False,West,468.17
1584,06-08-23,3467,37,Female,Sports,15.56,8,5,6.22,124.48,118.26,Debit Card,10,3,False,West,730.8
1585,11-03-24,2205,36,Male,Home & Garden,32.83,9,15,44.32,295.47,251.15,Mobile Wallet,23,4,False,North,1721.76
1586,05-08-24,4030,19,Female,Sports,89.71,9,0,0.0,807.39,807.39,PayPal,25,4,False,West,934.99
1587,08-18-23,3872,31,Male,Books,67.13,3,15,30.21,201.39,171.18,Credit Card,12,4,False,North,475.84
1588,04-21-23,4072,49,Female,Sports,21.08,5,0,0.0,105.4,105.4,PayPal,17,4,False,North,1312.35
1589,12-25-23,2854,23,Other,Beauty,24.12,3,5,3.62,72.36,68.74,PayPal,9,2,False,South,226.92
1590,07-23-24,1566,34,Male,Sports,53.1,6,0,0.0,318.6,318.6,PayPal,29,5,False,South,531.27
1591,01-12-24,3418,20,Other,Clothing,10.8,5,10,5.4,54.0,48.6,Mobile Wallet,26,3,False,West,75.66
1592,04-28-23,1935,17,Other,Sports,5.42,2,5,0.54,10.84,10.3,Debit Card,5,1,False,West,1746.6
1593,10-13-23,2934,33,Female,Clothing,13.89,3,0,0.0,41.67,41.67,Mobile Wallet,9,5,True,East,41.67
1594,08-10-24,3708,37,Female,Home & Garden,6.62,7,0,0.0,46.34,46.34,Debit Card,5,5,False,East,3560.74
1595,08-20-23,4502,64,Other,Clothing,21.69,5,0,0.0,108.45,108.45,Credit Card,23,5,False,North,551.02
1596,03-15-24,4016,28,Female,Home & Garden,138.68,3,10,41.6,416.04,374.44,Credit Card,14,5,True,East,496.43
1597,07-28-24,2332,34,Female,Sports,6.41,4,10,2.56,25.64,23.08,PayPal,7,4,False,West,159.16
1598,09-28-24,4208,16,Female,Home & Garden,85.28,6,0,0.0,511.68,511.68,Debit Card,9,5,True,West,927.78
1599,09-20-24,1201,44,Other,Books,38.25,8,10,30.6,306.0,275.4,PayPal,12,4,False,East,1026.56
1600,11-22-24,4507,40,Male,Beauty,50.11,7,0,0.0,350.77,350.77,Mobile Wallet,5,5,False,West,1462.35
1601,10-20-24,3360,57,Male,Sports,9.32,3,10,2.8,27.96,25.16,Debit Card,7,4,False,West,90.78
1602,07-24-24,1116,51,Other,Clothing,8.21,2,15,2.46,16.42,13.96,PayPal,5,1,True,North,1302.17
1603,01-27-23,4737,40,Female,Beauty,8.88,3,0,0.0,26.64,26.64,Mobile Wallet,20,5,False,West,3462.92
1604,09-15-24,1936,27,Female,Electronics,54.99,5,0,0.0,274.95,274.95,Credit Card,29,4,False,North,625.14
1605,11-04-24,4874,38,Male,Beauty,68.87,7,20,96.42,482.09,385.67,PayPal,17,4,False,West,1248.2
1606,12-11-24,1574,33,Other,Sports,126.44,8,20,202.3,1011.52,809.22,Debit Card,11,5,False,South,1215.08
1607,10-01-23,3291,49,Other,Beauty,25.39,6,5,7.62,152.34,144.72,Debit Card,5,4,False,West,144.72
1608,01-30-23,1536,47,Female,Beauty,30.99,2,15,9.3,61.98,52.68,Mobile Wallet,28,2,False,West,419.02
1609,07-04-23,2625,30,Female,Books,31.71,2,15,9.51,63.42,53.91,PayPal,4,4,False,North,2288.82
1610,10-07-23,3122,13,Female,Home & Garden,15.73,5,5,3.93,78.65,74.72,Credit Card,27,5,False,East,608.49
1611,12-20-24,4877,55,Other,Beauty,19.89,5,20,19.89,99.45,79.56,PayPal,1,2,False,West,359.64
1612,11-13-23,1385,43,Male,Clothing,93.81,1,5,4.69,93.81,89.12,PayPal,26,4,False,East,370.22
1613,12-14-23,4974,30,Other,Clothing,21.06,1,20,4.21,21.06,16.85,Debit Card,1,2,False,East,30.11
1614,12-26-23,4281,43,Other,Books,101.66,9,0,0.0,914.94,914.94,Mobile Wallet,14,1,False,South,982.7
1615,01-07-23,1474,36,Other,Beauty,18.21,7,5,6.37,127.47,121.1,Debit Card,21,4,False,West,393.23
1616,07-05-23,1417,54,Male,Beauty,20.77,8,10,16.62,166.16,149.54,Credit Card,28,5,False,West,239.77
1617,05-27-23,3394,6,Female,Books,41.08,5,20,41.08,205.4,164.32,PayPal,28,3,True,West,208.46
1618,08-02-24,4600,29,Female,Sports,5.44,3,0,0.0,16.32,16.32,Credit Card,9,4,True,West,2336.09
1619,11-04-24,3687,58,Other,Electronics,127.59,3,10,38.28,382.77,344.49,Mobile Wallet,1,4,False,East,705.65
1620,02-15-24,1938,43,Other,Electronics,85.85,3,10,25.76,257.55,231.79,Mobile Wallet,8,5,False,South,536.8
1621,03-13-23,1954,61,Male,Home & Garden,55.51,1,15,8.33,55.51,47.18,PayPal,13,5,False,West,2102.9
1622,05-26-23,1875,16,Male,Clothing,221.67,3,20,133.0,665.01,532.01,Mobile Wallet,9,1,False,West,889.51
1623,10-10-24,1762,51,Female,Sports,0.81,2,0,0.0,1.62,1.62,Credit Card,15,4,False,West,835.2
1624,02-01-23,2202,50,Other,Clothing,26.47,8,20,42.35,211.76,169.41,PayPal,27,5,False,East,233.29
1625,04-04-23,2205,9,Male,Sports,97.72,6,0,0.0,586.32,586.32,Mobile Wallet,11,5,False,South,1721.76
1626,06-27-24,1663,30,Male,Books,28.37,5,20,28.37,141.85,113.48,Credit Card,26,1,False,East,394.29
1627,08-09-23,1024,33,Other,Home & Garden,0.26,1,10,0.03,0.26,0.23,PayPal,4,5,False,South,358.51
1628,01-21-24,2990,10,Other,Books,8.58,2,15,2.57,17.16,14.59,Mobile Wallet,29,5,True,East,145.91
1629,03-05-24,2203,30,Other,Clothing,28.46,2,5,2.85,56.92,54.07,Debit Card,8,3,False,West,115.49
1630,04-09-24,1709,48,Other,Home & Garden,55.12,7,20,77.17,385.84,308.67,PayPal,13,3,False,North,799.02
1631,12-16-23,4572,29,Other,Beauty,8.88,7,10,6.22,62.16,55.94,PayPal,17,4,False,North,68.28
1632,06-11-23,2879,38,Other,Sports,29.71,6,5,8.91,178.26,169.35,Debit Card,4,5,False,South,307.69
1633,01-14-24,2184,38,Male,Sports,0.64,8,5,0.26,5.12,4.86,Mobile Wallet,10,5,False,South,2317.61
1634,11-16-23,3224,34,Other,Home & Garden,32.46,4,5,6.49,129.84,123.35,PayPal,2,4,True,East,691.77
1635,11-29-23,1284,24,Female,Books,113.13,9,10,101.82,1018.17,916.35,Credit Card,26,1,False,South,1907.1
1636,08-04-24,1062,44,Other,Home & Garden,45.41,8,0,0.0,363.28,363.28,Mobile Wallet,15,4,True,South,806.1
1637,09-02-24,2002,11,Female,Books,29.05,3,5,4.36,87.15,82.79,PayPal,20,4,False,South,82.79
1638,03-28-23,1661,35,Female,Home & Garden,8.85,3,15,3.98,26.55,22.57,Credit Card,18,3,False,East,2323.02
1639,02-23-23,3713,55,Female,Books,11.31,9,0,0.0,101.79,101.79,Debit Card,14,4,False,East,980.24
1640,06-09-23,3203,28,Other,Electronics,3.98,9,10,3.58,35.82,32.24,Credit Card,3,4,False,North,155.02
1641,06-11-23,4953,24,Other,Home & Garden,67.82,5,5,16.95,339.1,322.15,Mobile Wallet,1,1,False,North,493.51
1642,09-24-24,2492,45,Female,Books,4.01,1,10,0.4,4.01,3.61,Debit Card,26,5,False,East,598.72
1643,02-20-23,4120,37,Other,Beauty,24.22,3,10,7.27,72.66,65.39,Credit Card,3,5,False,North,608.95
1644,11-21-24,1966,46,Male,Clothing,69.28,5,5,17.32,346.4,329.08,Mobile Wallet,23,5,False,West,363.51
1645,03-25-23,1848,35,Male,Clothing,62.38,4,10,24.95,249.52,224.57,Debit Card,27,5,False,North,250.28
1646,10-06-23,2107,0,Male,Home & Garden,43.08,4,15,25.85,172.32,146.47,Mobile Wallet,13,3,False,South,649.66
1647,03-29-24,4432,52,Male,Home & Garden,42.35,1,15,6.35,42.35,36.0,PayPal,8,3,False,West,1650.1
1648,11-08-24,1688,66,Other,Sports,4.73,6,20,5.68,28.38,22.7,Mobile Wallet,22,4,True,North,221.22
1649,03-10-24,1147,54,Female,Books,9.61,4,5,1.92,38.44,36.52,Credit Card,17,2,False,East,1201.58
1650,05-12-24,4701,-18,Other,Home & Garden,38.26,1,5,1.91,38.26,36.35,Mobile Wallet,23,5,False,East,883.21
1651,09-13-24,1341,41,Male,Clothing,21.39,6,5,6.42,128.34,121.92,Mobile Wallet,29,4,False,South,352.35
1652,03-28-24,3523,27,Other,Clothing,0.96,5,20,0.96,4.8,3.84,Debit Card,16,4,False,North,70.1
1653,02-29-24,2086,18,Other,Clothing,80.02,5,15,60.02,400.1,340.08,Mobile Wallet,16,4,False,North,756.98
1654,10-07-23,2724,36,Male,Books,53.04,2,15,15.91,106.08,90.17,Mobile Wallet,12,4,False,West,852.14
1655,08-09-23,2383,32,Female,Electronics,19.71,1,5,0.99,19.71,18.72,PayPal,19,3,True,West,18.72
1656,06-08-24,3608,42,Other,Home & Garden,5.17,7,10,3.62,36.19,32.57,PayPal,16,4,False,East,515.49
1657,04-27-23,1326,35,Other,Electronics,44.73,5,0,0.0,223.65,223.65,Debit Card,15,4,False,North,822.65
1658,12-20-23,2792,18,Male,Books,21.43,3,0,0.0,64.29,64.29,Debit Card,29,4,False,South,1210.44
1659,03-16-24,2759,26,Female,Beauty,14.74,6,5,4.42,88.44,84.02,Credit Card,9,4,False,West,1245.11
1660,04-24-23,4212,23,Male,Home & Garden,63.91,3,5,9.59,191.73,182.14,Debit Card,16,5,False,South,1123.88
1661,10-18-23,1989,9,Male,Sports,19.89,6,15,17.9,119.34,101.44,Mobile Wallet,27,2,False,North,881.24
1662,11-25-24,3262,14,Other,Home & Garden,7.31,6,15,6.58,43.86,37.28,PayPal,2,5,False,South,427.41
1663,11-25-24,3482,31,Female,Home & Garden,32.86,9,10,29.57,295.74,266.17,Debit Card,25,3,True,North,856.48
1664,08-30-24,4962,56,Male,Home & Garden,88.15,8,15,105.78,705.2,599.42,Credit Card,10,3,False,South,1183.99
1665,05-13-24,1951,26,Other,Home & Garden,94.74,1,0,0.0,94.74,94.74,Mobile Wallet,12,4,False,North,238.77
1666,06-23-24,1722,23,Male,Beauty,94.64,7,0,0.0,662.48,662.48,Credit Card,18,5,False,East,1360.62
1667,11-14-24,4389,17,Other,Home & Garden,27.32,9,15,36.88,245.88,209.0,Credit Card,18,1,False,South,1241.15
1668,11-12-23,3079,35,Female,Books,78.26,2,0,0.0,156.52,156.52,Credit Card,28,5,False,South,1316.97
1669,02-16-23,3717,52,Male,Home & Garden,94.93,9,0,0.0,854.37,854.37,Credit Card,4,5,False,South,1287.28
1670,08-14-23,3332,65,Female,Beauty,30.77,6,0,0.0,184.62,184.62,Mobile Wallet,2,4,False,North,263.24
1671,02-09-24,4376,39,Female,Books,19.19,3,0,0.0,57.57,57.57,Mobile Wallet,7,1,False,East,598.08
1672,09-05-24,1428,37,Other,Home & Garden,60.53,8,20,96.85,484.24,387.39,Credit Card,19,5,False,North,720.41
1673,02-26-23,2500,26,Male,Home & Garden,117.42,7,5,41.1,821.94,780.84,Mobile Wallet,11,2,False,North,1571.34
1674,01-08-23,1285,29,Male,Books,179.05,8,10,143.24,1432.4,1289.16,Debit Card,13,2,False,North,2586.13
1675,07-29-23,4215,44,Other,Home & Garden,17.14,8,20,27.42,137.12,109.7,Mobile Wallet,29,5,False,West,222.51
1676,11-05-23,4495,30,Other,Beauty,156.37,7,10,109.46,1094.59,985.13,Mobile Wallet,20,5,False,West,1030.46
1677,08-05-23,4090,32,Female,Clothing,34.59,1,20,6.92,34.59,27.67,Credit Card,17,5,False,West,596.68
1678,05-21-23,3065,34,Male,Home & Garden,18.27,8,20,29.23,146.16,116.93,Mobile Wallet,10,1,False,South,134.2
1679,09-19-23,1768,26,Male,Sports,222.83,5,10,111.42,1114.15,1002.73,Debit Card,16,4,False,North,2099.94
1680,10-24-23,3637,33,Other,Books,105.11,2,5,10.51,210.22,199.71,Mobile Wallet,20,1,False,South,697.17
1681,12-02-23,2394,4,Other,Beauty,58.95,2,15,17.68,117.9,100.22,Debit Card,16,4,False,North,414.89
1682,05-03-23,4246,43,Other,Home & Garden,112.66,2,20,45.06,225.32,180.26,Mobile Wallet,20,4,False,South,468.77
1683,01-08-23,4057,70,Male,Home & Garden,57.2,9,5,25.74,514.8,489.06,PayPal,20,4,False,West,489.06
1684,05-24-24,1193,26,Male,Books,29.03,5,15,21.77,145.15,123.38,Mobile Wallet,16,4,False,East,781.55
1685,03-16-24,3549,40,Female,Electronics,147.87,3,10,44.36,443.61,399.25,Debit Card,27,5,False,South,1246.93
1686,06-29-23,1987,47,Other,Beauty,165.18,6,20,198.22,991.08,792.86,Debit Card,25,4,False,South,1477.23
1687,05-13-23,2136,54,Female,Beauty,18.86,9,15,25.46,169.74,144.28,Debit Card,19,4,False,East,1425.18
1688,01-25-24,3161,31,Male,Clothing,21.88,9,5,9.85,196.92,187.07,Credit Card,13,5,False,North,964.74
1689,06-29-24,4293,7,Female,Clothing,24.12,9,15,32.56,217.08,184.52,Debit Card,23,3,False,South,1153.11
1690,12-21-24,2701,39,Female,Home & Garden,86.34,4,10,34.54,345.36,310.82,Mobile Wallet,20,4,False,South,392.1
1691,08-24-23,1946,36,Female,Books,78.31,5,15,58.73,391.55,332.82,PayPal,11,4,False,South,1677.56
1692,05-27-24,1830,29,Other,Sports,204.07,1,0,0.0,204.07,204.07,Debit Card,12,5,False,East,1404.03
1693,07-26-24,4715,32,Male,Home & Garden,31.29,6,20,37.55,187.74,150.19,Credit Card,17,4,False,South,518.47
1694,11-15-24,2920,37,Other,Clothing,66.74,2,5,6.67,133.48,126.81,Mobile Wallet,15,2,False,South,1641.39
1695,12-29-23,4335,40,Female,Home & Garden,97.15,7,5,34.0,680.05,646.05,Debit Card,26,5,False,East,1571.68
1696,03-15-23,3972,39,Other,Books,12.5,4,20,10.0,50.0,40.0,Credit Card,3,5,False,West,1140.52
1697,02-11-24,1054,31,Male,Beauty,48.45,4,20,38.76,193.8,155.04,Credit Card,9,5,False,North,442.53
1698,02-13-23,4942,40,Male,Beauty,39.67,9,0,0.0,357.03,357.03,Credit Card,10,4,False,East,679.03
1699,03-22-24,4714,30,Female,Beauty,67.9,1,0,0.0,67.9,67.9,Debit Card,12,4,False,West,436.78
1700,01-20-23,1799,44,Female,Beauty,59.44,6,5,17.83,356.64,338.81,Debit Card,22,5,False,North,2357.1
1701,04-15-24,1777,25,Other,Sports,83.78,2,15,25.13,167.56,142.43,Debit Card,24,4,True,East,845.47
1702,03-21-23,2481,36,Male,Electronics,18.64,6,20,22.37,111.84,89.47,PayPal,9,3,False,South,175.57
1703,11-17-23,2901,10,Male,Sports,12.19,7,0,0.0,85.33,85.33,PayPal,24,5,False,East,997.88
1704,08-12-24,3209,29,Other,Home & Garden,81.79,3,0,0.0,245.37,245.37,Mobile Wallet,5,4,False,North,989.39
1705,03-15-24,4451,43,Male,Clothing,22.36,4,0,0.0,89.44,89.44,Mobile Wallet,22,1,True,North,466.38
1706,08-10-24,3134,19,Female,Books,16.95,2,15,5.08,33.9,28.82,Credit Card,26,4,False,North,266.34
1707,02-19-24,1054,30,Female,Home & Garden,20.54,7,5,7.19,143.78,136.59,PayPal,2,2,False,South,442.53
1708,12-27-24,4547,-1,Other,Electronics,3.43,9,5,1.54,30.87,29.33,Debit Card,28,4,True,West,580.06
1709,10-17-24,2823,14,Other,Books,74.17,5,0,0.0,370.85,370.85,Mobile Wallet,13,5,False,West,629.58
1710,03-03-24,2201,18,Other,Books,62.79,5,15,47.09,313.95,266.86,Debit Card,11,4,True,East,436.96
1711,10-24-23,4462,36,Female,Books,40.23,9,15,54.31,362.07,307.76,Debit Card,9,4,False,South,406.97
1712,04-28-23,4420,40,Other,Home & Garden,62.95,8,5,25.18,503.6,478.42,PayPal,22,5,False,West,1139.65
1713,02-19-24,4079,34,Male,Electronics,23.35,1,20,4.67,23.35,18.68,Mobile Wallet,8,5,False,West,289.52
1714,01-22-23,1832,29,Other,Home & Garden,17.5,2,0,0.0,35.0,35.0,Credit Card,23,4,False,South,384.4
1715,11-29-23,1312,29,Male,Books,99.13,7,15,104.09,693.91,589.82,Mobile Wallet,15,4,False,North,1104.04
1716,06-25-23,3806,45,Female,Books,27.45,3,20,16.47,82.35,65.88,Mobile Wallet,28,5,False,North,312.13
1717,09-24-24,2858,38,Male,Clothing,10.9,6,10,6.54,65.4,58.86,Mobile Wallet,29,3,False,East,111.69
1718,04-16-24,3007,29,Male,Sports,69.12,1,0,0.0,69.12,69.12,PayPal,16,3,False,North,1386.56
1719,12-07-24,3006,54,Male,Home & Garden,20.46,8,10,16.37,163.68,147.31,Mobile Wallet,10,4,False,North,535.57
1720,01-06-24,3490,64,Female,Electronics,11.9,2,5,1.19,23.8,22.61,Credit Card,2,2,False,West,208.01
1721,04-01-23,2790,16,Male,Books,1.38,1,5,0.07,1.38,1.31,Mobile Wallet,15,3,False,South,61.69
1722,03-23-24,1327,42,Male,Home & Garden,176.34,2,5,17.63,352.68,335.05,Debit Card,18,4,False,West,981.47
1723,04-19-23,4125,81,Other,Sports,31.49,8,15,37.79,251.92,214.13,Credit Card,13,3,False,East,214.13
1724,09-07-23,3808,39,Other,Home & Garden,8.82,5,15,6.62,44.1,37.48,Mobile Wallet,5,5,False,North,944.15
1725,03-22-24,4310,36,Other,Sports,70.9,9,20,127.62,638.1,510.48,PayPal,19,4,False,West,1456.69
1726,08-26-24,4300,34,Male,Home & Garden,109.31,3,10,32.79,327.93,295.14,PayPal,1,2,False,North,970.41
1727,02-15-24,3626,42,Male,Clothing,37.54,8,5,15.02,300.32,285.3,PayPal,26,5,False,South,1355.45
1728,06-20-24,4122,46,Female,Home & Garden,1.44,4,5,0.29,5.76,5.47,Debit Card,27,4,False,West,237.56
1729,03-22-23,4680,16,Male,Beauty,22.72,7,15,23.86,159.04,135.18,Debit Card,29,5,False,North,859.33
1730,02-10-24,4675,34,Male,Clothing,13.93,8,15,16.72,111.44,94.72,PayPal,3,4,False,North,785.58
1731,11-14-23,4054,0,Female,Sports,50.58,3,15,22.76,151.74,128.98,Debit Card,23,1,False,West,263.9
1732,12-14-23,2287,31,Male,Books,36.58,3,0,0.0,109.74,109.74,Mobile Wallet,10,1,False,East,317.99
1733,08-15-23,4489,21,Female,Books,21.98,1,10,2.2,21.98,19.78,Mobile Wallet,15,5,False,South,513.79
1734,12-08-23,4874,40,Female,Home & Garden,52.28,8,10,41.82,418.24,376.42,PayPal,25,4,False,West,1248.2
1735,06-22-23,3143,10,Other,Electronics,43.91,2,0,0.0,87.82,87.82,Credit Card,16,5,False,South,972.1
1736,03-20-23,2111,27,Male,Home & Garden,118.48,7,5,41.47,829.36,787.89,Mobile Wallet,27,5,False,North,2569.22
1737,06-06-24,4149,49,Other,Clothing,45.42,7,20,63.59,317.94,254.35,Credit Card,29,1,False,South,285.03
1738,10-10-24,2311,24,Male,Clothing,35.43,7,20,49.6,248.01,198.41,Debit Card,4,5,False,West,863.47
1739,04-27-23,4191,6,Other,Sports,86.77,4,5,17.35,347.08,329.73,Debit Card,24,3,True,South,3844.59
1740,06-27-24,3861,38,Female,Home & Garden,11.31,7,20,15.83,79.17,63.34,Mobile Wallet,22,4,False,East,815.78
1741,06-06-24,3538,26,Female,Sports,13.96,8,15,16.75,111.68,94.93,Mobile Wallet,20,4,False,South,94.93
1742,07-18-23,4983,32,Female,Electronics,76.53,9,10,68.88,688.77,619.89,Debit Card,3,2,False,East,707.2
1743,12-24-23,1451,24,Female,Books,29.2,7,15,30.66,204.4,173.74,Debit Card,5,2,False,East,460.85
1744,12-26-23,2523,64,Male,Books,26.32,6,20,31.58,157.92,126.34,Credit Card,3,4,True,North,1418.5
1745,10-22-24,1164,11,Male,Home & Garden,109.05,5,20,109.05,545.25,436.2,Mobile Wallet,8,5,False,West,902.31
1746,06-01-23,1181,77,Other,Sports,47.09,7,10,32.96,329.63,296.67,PayPal,27,3,False,South,296.67
1747,08-30-23,3516,29,Male,Sports,81.2,2,15,24.36,162.4,138.04,PayPal,28,4,False,North,138.04
1748,04-16-23,1909,37,Male,Electronics,82.99,5,10,41.5,414.95,373.45,Debit Card,6,4,False,South,519.22
1749,05-30-23,3782,26,Other,Sports,6.39,8,20,10.22,51.12,40.9,PayPal,15,5,False,South,390.59
1750,09-20-23,1822,25,Female,Beauty,53.02,6,10,31.81,318.12,286.31,Debit Card,27,4,False,South,360.71
1751,07-22-23,1943,23,Other,Beauty,152.37,6,10,91.42,914.22,822.8,PayPal,6,5,False,West,2913.03
1752,06-27-23,3001,44,Other,Clothing,32.7,1,20,6.54,32.7,26.16,Debit Card,23,5,False,East,546.38
1753,09-08-24,3054,13,Female,Beauty,65.87,2,10,13.17,131.74,118.57,Debit Card,28,5,False,South,612.37
1754,06-06-23,1329,40,Other,Beauty,41.82,3,15,18.82,125.46,106.64,PayPal,7,3,False,South,137.06
1755,11-02-24,1774,2,Other,Clothing,11.46,7,20,16.04,80.22,64.18,Mobile Wallet,8,4,False,East,64.18
1756,03-19-23,4744,39,Other,Beauty,10.86,6,10,6.52,65.16,58.64,Debit Card,16,4,False,North,329.45
1757,07-01-23,3198,47,Male,Beauty,28.44,5,5,7.11,142.2,135.09,PayPal,21,5,False,North,493.19
1758,10-05-24,4156,15,Female,Clothing,32.98,9,15,44.52,296.82,252.3,Mobile Wallet,13,4,False,West,555.64
1759,05-20-24,1146,45,Female,Home & Garden,34.97,7,15,36.72,244.79,208.07,Credit Card,5,4,False,East,881.53
1760,04-20-24,4695,35,Other,Clothing,155.06,9,15,209.33,1395.54,1186.21,Debit Card,22,5,False,South,1186.21
1761,07-31-24,4452,58,Male,Clothing,5.28,3,0,0.0,15.84,15.84,Debit Card,20,2,False,West,201.76
1762,08-16-24,1914,22,Female,Beauty,23.94,8,20,38.3,191.52,153.22,Credit Card,2,4,False,North,1342.48
1763,04-04-24,2571,77,Female,Books,36.13,9,0,0.0,325.17,325.17,Debit Card,14,3,False,East,827.03
1764,11-28-24,2308,0,Other,Beauty,164.99,2,10,33.0,329.98,296.98,Credit Card,18,3,False,East,298.16
1765,08-01-24,3747,30,Other,Home & Garden,35.09,4,20,28.07,140.36,112.29,PayPal,18,3,True,South,372.44
1766,10-20-24,1081,9,Other,Clothing,74.64,2,15,22.39,149.28,126.89,Credit Card,18,2,False,North,207.98
1767,10-12-24,1513,62,Female,Electronics,69.17,7,15,72.63,484.19,411.56,Mobile Wallet,15,2,False,East,411.56
1768,10-01-24,2920,31,Other,Clothing,41.79,4,15,25.07,167.16,142.09,PayPal,5,5,False,South,1641.39
1769,11-27-23,3862,32,Other,Home & Garden,7.0,6,15,6.3,42.0,35.7,Credit Card,2,5,False,East,35.7
1770,10-04-24,3756,41,Other,Sports,12.34,8,10,9.87,98.72,88.85,Mobile Wallet,23,5,False,East,630.12
1771,11-20-23,2939,34,Male,Beauty,13.73,6,5,4.12,82.38,78.26,Credit Card,11,4,False,East,852.01
1772,06-04-23,4594,26,Other,Books,1.97,4,20,1.58,7.88,6.3,Mobile Wallet,20,4,True,North,305.12
1773,03-26-24,1745,16,Female,Books,23.84,6,5,7.15,143.04,135.89,Credit Card,10,4,False,North,795.32
1774,03-11-23,4070,37,Other,Beauty,47.15,1,20,9.43,47.15,37.72,Debit Card,5,5,True,North,553.06
1775,04-25-24,2409,40,Female,Beauty,7.79,6,15,7.01,46.74,39.73,Mobile Wallet,2,3,True,West,423.6
1776,03-28-24,1706,45,Male,Home & Garden,9.62,8,0,0.0,76.96,76.96,Debit Card,12,4,True,North,76.96
1777,10-08-24,1470,63,Male,Clothing,61.38,4,10,24.55,245.52,220.97,Debit Card,17,4,False,South,866.21
1778,11-07-23,4190,2,Other,Electronics,9.27,9,20,16.69,83.43,66.74,Mobile Wallet,25,5,False,East,920.08
1779,10-09-23,1395,33,Female,Clothing,7.27,6,15,6.54,43.62,37.08,Debit Card,22,4,False,East,697.53
1780,08-28-24,2555,52,Other,Clothing,190.48,6,0,0.0,1142.88,1142.88,PayPal,29,5,False,East,1742.43
1781,02-27-23,3308,33,Other,Electronics,0.74,4,15,0.44,2.96,2.52,Credit Card,5,2,False,East,134.65
1782,12-27-23,1804,0,Female,Books,19.68,8,10,15.74,157.44,141.7,Mobile Wallet,21,4,False,North,820.76
1783,06-03-24,1933,15,Female,Clothing,1.78,5,0,0.0,8.9,8.9,PayPal,18,5,False,West,1132.51
1784,03-17-23,2279,39,Female,Sports,91.02,1,20,18.2,91.02,72.82,Mobile Wallet,16,5,False,North,1212.89
1785,11-14-23,2757,39,Female,Sports,43.8,7,20,61.32,306.6,245.28,Credit Card,8,5,False,East,1051.91
1786,04-17-24,1904,45,Female,Home & Garden,2.46,8,20,3.94,19.68,15.74,Mobile Wallet,4,4,False,North,157.76
1787,04-07-24,4297,23,Male,Home & Garden,47.77,6,20,57.32,286.62,229.3,Credit Card,4,3,True,North,589.56
1788,02-08-23,2076,38,Male,Electronics,6.57,7,0,0.0,45.99,45.99,PayPal,24,4,False,North,584.42
1789,02-28-23,3987,20,Male,Electronics,34.23,7,10,23.96,239.61,215.65,Mobile Wallet,4,5,False,North,796.42
1790,01-13-24,2890,38,Female,Home & Garden,55.34,4,0,0.0,221.36,221.36,Credit Card,17,5,False,East,752.54
1791,10-21-23,2523,35,Female,Beauty,8.04,4,20,6.43,32.16,25.73,Debit Card,20,5,False,South,1418.5
1792,03-20-23,4577,22,Female,Clothing,34.36,1,10,3.44,34.36,30.92,Debit Card,29,3,False,East,227.58
1793,10-22-24,3901,58,Other,Beauty,30.57,2,5,3.06,61.14,58.08,PayPal,10,5,False,South,278.92
1794,04-03-23,2387,9,Male,Books,123.7,3,5,18.56,371.1,352.54,PayPal,1,3,True,East,1508.4
1795,09-21-24,2303,32,Male,Sports,272.47,5,0,0.0,1362.35,1362.35,PayPal,22,4,False,South,1817.81
1796,08-31-24,1592,22,Other,Electronics,53.13,9,20,95.63,478.17,382.54,Debit Card,18,2,False,North,393.17
1797,06-03-24,3761,62,Other,Home & Garden,96.5,5,5,24.12,482.5,458.38,Credit Card,27,5,False,West,904.26
1798,01-29-24,4229,43,Male,Sports,52.05,6,5,15.62,312.3,296.68,PayPal,15,5,False,West,1004.85
1799,04-18-24,3679,25,Female,Beauty,104.49,7,15,109.71,731.43,621.72,Credit Card,29,1,False,West,870.76
1800,08-17-24,3106,30,Male,Electronics,28.39,4,15,17.03,113.56,96.53,Credit Card,25,5,False,North,608.04
1801,07-21-24,4798,62,Female,Electronics,46.82,8,10,37.46,374.56,337.1,PayPal,29,3,True,East,647.17
1802,02-12-23,1127,20,Male,Clothing,93.27,6,10,55.96,559.62,503.66,PayPal,10,4,True,South,1100.63
1803,04-05-24,1735,8,Male,Electronics,125.1,1,20,25.02,125.1,100.08,Debit Card,16,5,False,West,161.41
1804,08-08-24,3768,39,Other,Books,1.25,6,5,0.38,7.5,7.12,PayPal,4,4,False,South,696.94
1805,10-29-24,4953,39,Other,Electronics,5.49,2,0,0.0,10.98,10.98,Debit Card,27,3,False,East,493.51
1806,07-12-23,4186,44,Female,Books,133.81,4,0,0.0,535.24,535.24,Debit Card,29,5,False,North,790.55
1807,11-26-23,4280,45,Female,Beauty,42.03,4,15,25.22,168.12,142.9,Credit Card,24,4,False,North,805.01
1808,09-11-24,3573,61,Male,Clothing,231.23,5,10,115.62,1156.15,1040.53,Debit Card,27,5,False,South,1040.53
1809,05-02-24,1520,9,Other,Books,78.66,2,20,31.46,157.32,125.86,Credit Card,18,5,False,South,1558.53
1810,05-28-24,3599,16,Female,Beauty,85.23,6,15,76.71,511.38,434.67,Debit Card,21,5,False,South,434.67
1811,06-04-23,1236,44,Female,Sports,24.4,3,15,10.98,73.2,62.22,PayPal,28,4,False,West,78.75
1812,03-05-23,2304,18,Female,Electronics,14.89,9,20,26.8,134.01,107.21,Mobile Wallet,11,5,False,West,567.86
1813,04-06-24,4430,13,Male,Home & Garden,45.6,6,20,54.72,273.6,218.88,Credit Card,8,5,False,West,1858.03
1814,04-16-23,4272,62,Female,Home & Garden,105.61,3,5,15.84,316.83,300.99,PayPal,1,4,False,West,1077.37
1815,12-18-23,2781,10,Female,Books,64.68,3,20,38.81,194.04,155.23,Credit Card,22,5,False,North,954.16
1816,03-28-23,2301,29,Other,Clothing,31.95,5,20,31.95,159.75,127.8,Debit Card,2,5,False,West,1075.28
1817,05-31-24,4306,34,Other,Books,69.96,6,15,62.96,419.76,356.8,Credit Card,21,5,False,East,536.61
1818,10-23-24,3541,54,Other,Beauty,58.62,4,15,35.17,234.48,199.31,Mobile Wallet,17,1,False,South,2216.54
1819,06-26-23,3051,6,Male,Beauty,122.12,5,0,0.0,610.6,610.6,PayPal,28,1,False,South,1461.55
1820,02-10-23,3713,41,Other,Books,15.3,3,0,0.0,45.9,45.9,Credit Card,20,5,False,West,980.24
1821,09-11-23,1441,21,Other,Books,6.35,4,0,0.0,25.4,25.4,Mobile Wallet,19,3,False,West,548.78
1822,12-25-24,3076,44,Other,Sports,31.75,8,20,50.8,254.0,203.2,PayPal,10,2,False,East,964.4
1823,03-24-24,4180,21,Other,Beauty,22.4,8,5,8.96,179.2,170.24,Mobile Wallet,21,3,False,North,722.94
1824,03-25-24,3657,58,Female,Sports,184.17,1,15,27.63,184.17,156.54,Credit Card,8,5,False,South,789.4
1825,06-20-24,4798,21,Male,Books,0.38,4,10,0.15,1.52,1.37,Mobile Wallet,25,4,True,West,647.17
1826,06-19-24,1804,-1,Female,Clothing,135.44,2,5,13.54,270.88,257.34,Debit Card,21,5,False,North,820.76
1827,09-16-24,1074,23,Female,Electronics,155.14,4,10,62.06,620.56,558.5,Credit Card,9,5,False,South,1469.34
1828,06-12-23,3885,31,Male,Beauty,2.62,5,20,2.62,13.1,10.48,PayPal,10,4,False,East,48.78
1829,01-08-24,4217,51,Female,Home & Garden,110.17,1,10,11.02,110.17,99.15,Debit Card,20,1,False,East,1103.46
1830,01-17-24,3175,16,Other,Sports,31.82,5,0,0.0,159.1,159.1,Credit Card,28,4,False,West,159.1
1831,10-17-23,4924,16,Male,Beauty,72.65,7,15,76.28,508.55,432.27,Debit Card,5,5,True,South,1324.7
1832,02-01-24,3089,49,Female,Electronics,4.13,5,5,1.03,20.65,19.62,Mobile Wallet,29,4,False,East,56.32
1833,02-23-24,2379,14,Female,Sports,155.28,7,0,0.0,1086.96,1086.96,PayPal,27,4,False,East,1292.5
1834,12-13-23,1040,32,Other,Beauty,46.77,9,15,63.14,420.93,357.79,Debit Card,9,5,False,South,2325.79
1835,11-26-24,3981,32,Female,Sports,114.48,8,0,0.0,915.84,915.84,Mobile Wallet,11,2,False,South,1024.44
1836,09-04-24,3081,38,Female,Sports,55.88,1,5,2.79,55.88,53.09,Mobile Wallet,25,5,False,North,638.04
1837,02-23-23,4088,23,Female,Books,38.48,2,20,15.39,76.96,61.57,PayPal,18,3,False,North,141.97
1838,10-08-24,2700,21,Male,Books,9.47,6,10,5.68,56.82,51.14,Credit Card,21,4,False,North,85.85
1839,10-24-24,4224,40,Male,Sports,9.8,5,20,9.8,49.0,39.2,PayPal,24,3,False,West,837.56
1840,12-09-23,4045,21,Female,Sports,31.99,1,10,3.2,31.99,28.79,PayPal,1,3,False,North,28.79
1841,03-09-23,2401,14,Female,Home & Garden,102.18,2,10,20.44,204.36,183.92,Mobile Wallet,16,4,False,East,1421.94
1842,12-04-23,1587,53,Other,Electronics,6.12,3,5,0.92,18.36,17.44,PayPal,20,2,False,North,871.93
1843,04-07-23,2622,42,Male,Electronics,321.43,5,5,80.36,1607.15,1526.79,PayPal,24,5,False,South,2308.04
1844,07-25-24,4700,61,Male,Clothing,104.34,7,20,146.08,730.38,584.3,Credit Card,10,4,False,South,1080.87
1845,11-25-24,4945,46,Male,Clothing,24.92,6,15,22.43,149.52,127.09,PayPal,28,5,False,West,127.09
1846,01-31-24,1341,15,Female,Clothing,14.59,3,15,6.57,43.77,37.2,PayPal,18,3,False,West,352.35
1847,10-18-23,3074,36,Other,Books,127.55,6,20,153.06,765.3,612.24,Mobile Wallet,1,3,False,North,1328.01
1848,09-16-23,4896,19,Other,Books,6.57,4,10,2.63,26.28,23.65,Credit Card,28,5,False,South,1161.89
1849,11-03-24,4358,10,Female,Home & Garden,21.33,3,5,3.2,63.99,60.79,PayPal,6,5,False,North,477.74
1850,09-09-24,1645,28,Female,Books,4.38,4,20,3.5,17.52,14.02,Credit Card,22,3,False,South,764.72
1851,06-03-23,1730,49,Other,Clothing,153.37,8,15,184.04,1226.96,1042.92,Credit Card,1,5,False,South,1118.63
1852,12-08-23,1167,39,Other,Beauty,48.07,1,10,4.81,48.07,43.26,Mobile Wallet,3,1,False,East,261.08
1853,03-25-23,1609,14,Male,Sports,20.49,3,15,9.22,61.47,52.25,PayPal,26,3,False,East,154.65
1854,08-19-24,3315,27,Female,Clothing,16.11,8,10,12.89,128.88,115.99,Debit Card,13,5,False,North,535.54
1855,11-10-24,2772,32,Male,Home & Garden,29.36,9,15,39.64,264.24,224.6,Credit Card,12,4,False,East,1776.28
1856,05-25-23,3040,9,Other,Sports,4.79,3,0,0.0,14.37,14.37,Mobile Wallet,24,3,False,West,269.65
1857,12-25-23,3868,45,Male,Books,110.07,9,10,99.06,990.63,891.57,Credit Card,14,4,True,East,891.57
1858,11-14-23,1454,31,Other,Sports,35.76,4,10,14.3,143.04,128.74,Debit Card,25,4,False,East,236.97
1859,11-02-24,3953,14,Other,Beauty,64.57,4,10,25.83,258.28,232.45,Debit Card,28,5,False,North,1990.66
1860,12-16-24,2708,13,Male,Home & Garden,13.31,7,0,0.0,93.17,93.17,PayPal,24,2,False,West,801.57
1861,11-09-24,4472,51,Female,Books,35.03,6,0,0.0,210.18,210.18,Mobile Wallet,17,5,False,North,1601.72
1862,02-06-24,3969,29,Male,Electronics,11.85,3,15,5.33,35.55,30.22,Debit Card,16,2,False,South,1026.19
1863,05-13-23,4028,52,Male,Clothing,84.67,8,5,33.87,677.36,643.49,Credit Card,27,4,False,East,3087.04
1864,09-01-24,4547,58,Female,Beauty,74.64,5,15,55.98,373.2,317.22,Debit Card,13,5,False,West,580.06
1865,12-26-24,1701,50,Female,Beauty,8.02,2,10,1.6,16.04,14.44,Credit Card,4,4,False,South,360.08
1866,03-28-23,3681,26,Male,Clothing,3.87,3,10,1.16,11.61,10.45,Mobile Wallet,15,5,False,West,470.49
1867,11-14-23,4629,-2,Other,Home & Garden,86.92,7,15,91.27,608.44,517.17,PayPal,28,5,False,South,1010.19
1868,07-26-24,2599,39,Male,Home & Garden,5.81,9,20,10.46,52.29,41.83,Debit Card,9,4,False,South,272.48
1869,01-21-24,1129,66,Other,Beauty,39.76,1,5,1.99,39.76,37.77,Mobile Wallet,17,3,False,North,920.71
1870,10-20-24,4067,34,Female,Clothing,38.23,6,0,0.0,229.38,229.38,Mobile Wallet,28,1,False,North,1087.54
1871,12-03-23,2845,5,Female,Sports,11.34,9,5,5.1,102.06,96.96,Debit Card,11,5,False,East,215.79
1872,05-11-23,2386,24,Other,Electronics,44.75,7,20,62.65,313.25,250.6,Mobile Wallet,20,3,False,South,251.89
1873,11-17-24,4776,32,Male,Electronics,34.93,3,15,15.72,104.79,89.07,PayPal,26,3,False,West,89.07
1874,12-20-24,3866,18,Female,Home & Garden,35.58,7,15,37.36,249.06,211.7,PayPal,7,1,False,South,703.71
1875,12-02-24,1692,-3,Other,Home & Garden,22.29,2,10,4.46,44.58,40.12,Debit Card,7,1,False,North,423.83
1876,06-23-24,4363,33,Other,Sports,91.14,2,15,27.34,182.28,154.94,Debit Card,23,3,False,West,1051.17
1877,04-06-23,2394,23,Male,Home & Garden,4.41,1,20,0.88,4.41,3.53,Mobile Wallet,26,5,False,West,414.89
1878,10-23-24,1793,61,Other,Electronics,28.87,3,15,12.99,86.61,73.62,Mobile Wallet,4,5,False,East,245.29
1879,11-17-24,1028,36,Other,Clothing,15.04,1,15,2.26,15.04,12.78,Mobile Wallet,8,5,False,South,468.68
1880,03-09-24,1148,42,Male,Beauty,94.34,8,20,150.94,754.72,603.78,Debit Card,19,5,True,East,782.87
1881,06-04-24,4850,33,Female,Electronics,12.75,8,0,0.0,102.0,102.0,Debit Card,14,3,False,East,745.89
1882,01-06-24,2319,36,Female,Sports,72.84,4,5,14.57,291.36,276.79,Credit Card,25,5,False,South,1103.94
1883,01-19-23,3058,10,Female,Clothing,47.28,1,15,7.09,47.28,40.19,Mobile Wallet,22,3,False,North,480.07
1884,01-07-24,4583,19,Other,Clothing,103.89,2,5,10.39,207.78,197.39,Debit Card,23,2,False,North,316.93
1885,11-13-23,3723,51,Other,Beauty,45.04,2,5,4.5,90.08,85.58,Credit Card,25,3,False,West,181.15
1886,07-04-23,2136,38,Male,Electronics,40.65,2,10,8.13,81.3,73.17,PayPal,4,4,False,North,1425.18
1887,08-08-23,1186,29,Other,Clothing,80.76,9,0,0.0,726.84,726.84,Credit Card,21,2,False,East,2486.94
1888,12-16-23,3854,42,Other,Clothing,41.33,7,5,14.47,289.31,274.84,PayPal,17,5,False,North,329.47
1889,05-12-24,3791,42,Female,Home & Garden,93.07,9,10,83.76,837.63,753.87,Debit Card,26,4,False,West,887.39
1890,07-16-23,2250,64,Other,Clothing,2.53,2,20,1.01,5.06,4.05,Mobile Wallet,24,4,False,North,165.41
1891,08-20-23,2333,37,Other,Sports,34.17,5,20,34.17,170.85,136.68,PayPal,18,5,False,South,164.98
1892,05-21-23,1097,19,Other,Clothing,83.75,1,20,16.75,83.75,67.0,Mobile Wallet,21,5,False,East,364.15
1893,06-08-23,1054,33,Male,Home & Garden,94.31,2,20,37.72,188.62,150.9,Mobile Wallet,15,5,False,East,442.53
1894,03-21-23,3670,44,Other,Books,89.81,4,20,71.85,359.24,287.39,PayPal,5,4,False,East,741.27
1895,10-30-23,3711,49,Male,Books,46.37,1,10,4.64,46.37,41.73,Mobile Wallet,15,5,False,West,62.9
1896,04-14-23,1757,10,Female,Sports,255.56,8,0,0.0,2044.48,2044.48,Mobile Wallet,26,4,False,East,2467.0
1897,06-03-24,1405,38,Other,Beauty,10.01,6,0,0.0,60.06,60.06,Mobile Wallet,4,4,False,West,1360.92
1898,07-06-24,3116,21,Male,Beauty,9.59,1,10,0.96,9.59,8.63,Mobile Wallet,4,3,False,East,17.99
1899,06-23-24,4383,26,Female,Sports,1.67,9,10,1.5,15.03,13.53,Credit Card,12,2,False,North,13.53
1900,02-08-23,2312,47,Other,Clothing,227.05,1,15,34.06,227.05,192.99,PayPal,18,3,False,South,531.76
1901,11-08-24,2785,46,Male,Clothing,21.39,4,5,4.28,85.56,81.28,Mobile Wallet,29,4,False,East,1244.2
1902,12-11-23,4619,24,Male,Books,71.79,5,20,71.79,358.95,287.16,Mobile Wallet,19,4,False,North,770.85
1903,09-24-24,1750,32,Female,Books,3.08,9,5,1.39,27.72,26.33,Debit Card,26,4,False,North,156.8
1904,05-15-23,4219,26,Other,Electronics,17.74,2,15,5.32,35.48,30.16,Debit Card,18,2,False,South,54.91
1905,09-03-24,4538,78,Other,Books,48.89,9,0,0.0,440.01,440.01,PayPal,1,4,False,North,924.92
1906,01-21-24,2762,39,Other,Books,37.2,1,20,7.44,37.2,29.76,Mobile Wallet,4,4,False,West,157.77
1907,06-07-23,4315,22,Male,Sports,11.64,4,0,0.0,46.56,46.56,PayPal,25,5,False,East,105.53
1908,06-16-23,4562,54,Other,Electronics,30.96,7,10,21.67,216.72,195.05,Debit Card,15,4,False,North,1458.87
1909,07-05-23,4920,55,Male,Beauty,5.76,4,5,1.15,23.04,21.89,Debit Card,6,4,False,East,403.52
1910,12-10-24,4005,61,Male,Electronics,39.12,8,0,0.0,312.96,312.96,Debit Card,24,3,False,South,906.88
1911,10-01-24,4578,66,Female,Clothing,5.1,7,15,5.36,35.7,30.34,Credit Card,2,2,False,South,358.79
1912,06-19-23,1364,45,Male,Clothing,50.52,6,0,0.0,303.12,303.12,Credit Card,2,4,False,South,1345.72
1913,03-24-24,3026,29,Female,Electronics,8.44,5,20,8.44,42.2,33.76,Debit Card,2,1,False,North,516.78
1914,02-14-23,1481,31,Female,Electronics,39.6,3,20,23.76,118.8,95.04,Debit Card,11,3,True,North,672.79
1915,02-25-24,3248,30,Other,Clothing,6.91,8,5,2.76,55.28,52.52,Credit Card,8,4,False,North,1052.36
1916,01-09-24,1153,28,Female,Sports,25.6,4,10,10.24,102.4,92.16,Debit Card,17,2,False,West,566.71
1917,11-23-24,4521,53,Other,Sports,21.68,8,20,34.69,173.44,138.75,Debit Card,21,5,False,North,255.42
1918,09-01-23,2524,35,Female,Sports,70.61,1,15,10.59,70.61,60.02,Credit Card,12,3,False,South,272.85
1919,03-30-24,3120,49,Male,Sports,51.24,2,5,5.12,102.48,97.36,Credit Card,4,5,False,West,1325.58
1920,09-17-24,3760,45,Other,Clothing,138.3,2,20,55.32,276.6,221.28,Credit Card,27,5,False,South,357.72
1921,10-19-23,3343,18,Male,Home & Garden,127.5,6,15,114.75,765.0,650.25,Debit Card,1,4,False,South,1966.31
1922,04-04-24,2040,9,Other,Books,64.55,5,0,0.0,322.75,322.75,Debit Card,28,4,True,West,1025.58
1923,08-28-23,2664,16,Male,Books,73.61,7,15,77.29,515.27,437.98,Mobile Wallet,10,4,False,East,647.08
1924,06-30-24,2240,28,Female,Books,49.03,2,5,4.9,98.06,93.16,Debit Card,7,3,False,East,1852.98
1925,09-02-23,1060,37,Other,Books,58.83,9,20,105.89,529.47,423.58,Debit Card,16,1,False,East,2204.04
1926,11-13-23,1938,25,Other,Clothing,48.02,2,10,9.6,96.04,86.44,Credit Card,17,5,False,West,536.8
1927,04-25-24,2639,45,Other,Home & Garden,18.68,1,10,1.87,18.68,16.81,PayPal,6,5,False,North,863.89
1928,07-18-23,3089,27,Female,Clothing,21.59,2,15,6.48,43.18,36.7,Debit Card,28,4,False,East,56.32
1929,01-12-24,1024,38,Male,Home & Garden,42.75,3,15,19.24,128.25,109.01,Debit Card,1,5,False,South,358.51
1930,11-25-24,2062,36,Female,Clothing,63.68,6,15,57.31,382.08,324.77,Debit Card,11,4,False,North,1456.7
1931,08-07-24,4874,61,Female,Electronics,26.05,7,20,36.47,182.35,145.88,Mobile Wallet,13,4,False,West,1248.2
1932,03-27-24,1130,20,Female,Home & Garden,7.7,6,10,4.62,46.2,41.58,Credit Card,13,5,False,North,234.87
1933,04-17-24,4569,68,Male,Books,30.76,1,10,3.08,30.76,27.68,Mobile Wallet,9,5,False,East,65.98
1934,10-16-23,2252,26,Female,Home & Garden,165.1,9,5,74.3,1485.9,1411.6,Mobile Wallet,3,5,False,North,2658.98
1935,01-27-24,1107,14,Other,Beauty,12.05,8,5,4.82,96.4,91.58,PayPal,28,5,True,West,91.58
1936,05-29-24,1171,31,Female,Sports,52.36,2,0,0.0,104.72,104.72,Debit Card,2,2,False,West,1182.18
1937,06-24-24,2458,83,Male,Home & Garden,202.4,1,20,40.48,202.4,161.92,Mobile Wallet,23,2,False,North,536.54
1938,03-04-24,4549,48,Other,Beauty,23.6,7,15,24.78,165.2,140.42,Mobile Wallet,1,3,False,East,140.42
1939,06-15-23,1101,44,Male,Sports,109.41,3,5,16.41,328.23,311.82,Mobile Wallet,7,5,False,West,401.68
1940,07-24-23,3913,46,Female,Beauty,99.76,3,0,0.0,299.28,299.28,Credit Card,25,4,False,South,875.21
1941,09-11-24,3571,23,Male,Sports,20.7,9,0,0.0,186.3,186.3,Debit Card,20,4,False,South,336.74
1942,05-22-23,3322,39,Other,Electronics,5.19,2,10,1.04,10.38,9.34,Mobile Wallet,10,3,False,South,9.34
1943,09-14-23,2636,35,Male,Home & Garden,9.83,5,20,9.83,49.15,39.32,Debit Card,2,5,False,East,3197.14
1944,02-23-23,4115,62,Other,Beauty,22.77,4,20,18.22,91.08,72.86,Debit Card,4,5,False,North,494.54
1945,10-18-24,3864,33,Other,Electronics,159.87,1,15,23.98,159.87,135.89,PayPal,25,3,True,West,396.21
1946,05-07-24,4004,29,Female,Books,16.04,6,20,19.25,96.24,76.99,Credit Card,16,3,False,East,281.17
1947,01-16-24,2040,17,Female,Home & Garden,130.77,6,15,117.69,784.62,666.93,Mobile Wallet,8,4,False,North,1025.58
1948,07-21-24,1329,37,Other,Clothing,10.01,1,20,2.0,10.01,8.01,Mobile Wallet,12,3,False,West,137.06
1949,04-16-23,4640,39,Male,Clothing,175.02,7,10,122.51,1225.14,1102.63,PayPal,5,4,False,West,1144.71
1950,12-29-24,4894,16,Other,Clothing,17.38,6,0,0.0,104.28,104.28,Mobile Wallet,24,5,False,South,104.28
1951,06-12-24,2520,41,Female,Beauty,50.13,4,20,40.1,200.52,160.42,Credit Card,23,5,False,South,1841.31
1952,05-08-23,4886,38,Male,Beauty,3.61,7,20,5.05,25.27,20.22,Mobile Wallet,20,3,False,East,255.33
1953,10-19-23,1011,50,Other,Sports,17.81,3,10,5.34,53.43,48.09,Credit Card,3,3,False,West,1431.16
1954,03-27-23,2341,53,Female,Clothing,11.83,6,5,3.55,70.98,67.43,Mobile Wallet,1,4,False,West,349.16
1955,06-14-23,4663,36,Other,Books,0.17,6,15,0.15,1.02,0.87,Debit Card,14,2,True,South,143.56
1956,10-07-23,1215,19,Other,Beauty,8.53,6,5,2.56,51.18,48.62,Debit Card,19,2,False,West,945.74
1957,04-05-24,1338,22,Other,Home & Garden,44.96,3,0,0.0,134.88,134.88,PayPal,24,3,True,West,195.68
1958,06-09-24,2799,61,Male,Beauty,24.71,5,5,6.18,123.55,117.37,Mobile Wallet,25,4,True,East,1568.57
1959,05-31-23,3708,37,Female,Home & Garden,64.11,1,0,0.0,64.11,64.11,Mobile Wallet,16,4,False,South,3560.74
1960,03-23-24,4152,61,Female,Beauty,55.6,6,15,50.04,333.6,283.56,Credit Card,9,5,False,South,992.26
1961,04-04-23,2750,42,Other,Sports,80.3,7,10,56.21,562.1,505.89,Mobile Wallet,5,3,False,South,775.94
1962,08-16-23,2508,46,Other,Sports,100.88,5,0,0.0,504.4,504.4,PayPal,4,5,False,West,576.32
1963,04-06-24,3421,49,Other,Sports,85.69,5,15,64.27,428.45,364.18,Mobile Wallet,6,1,False,East,454.18
1964,12-24-23,4023,16,Male,Books,29.72,6,10,17.83,178.32,160.49,Debit Card,12,4,False,West,1540.81
1965,01-28-23,1709,39,Female,Beauty,18.46,7,5,6.46,129.22,122.76,PayPal,14,5,False,South,799.02
1966,02-29-24,2223,16,Other,Home & Garden,34.89,4,5,6.98,139.56,132.58,Debit Card,23,3,False,West,838.84
1967,02-24-23,4608,30,Female,Beauty,38.3,7,0,0.0,268.1,268.1,PayPal,14,5,False,East,921.6
1968,02-10-24,3513,44,Other,Electronics,18.78,5,20,18.78,93.9,75.12,PayPal,6,5,False,East,75.12
1969,05-29-24,2112,19,Female,Sports,38.83,7,20,54.36,271.81,217.45,PayPal,5,2,False,North,1017.81
1970,01-18-24,2291,43,Other,Clothing,5.59,1,10,0.56,5.59,5.03,PayPal,29,4,False,South,1521.71
1971,08-30-23,4726,12,Male,Electronics,13.14,2,5,1.31,26.28,24.97,Credit Card,2,1,False,West,593.33
1972,01-31-24,4642,52,Other,Electronics,68.53,2,15,20.56,137.06,116.5,PayPal,3,3,False,North,1249.45
1973,03-25-23,4993,25,Other,Sports,10.1,7,10,7.07,70.7,63.63,Debit Card,9,2,True,North,1472.06
1974,01-19-24,1488,19,Other,Clothing,7.49,9,0,0.0,67.41,67.41,Mobile Wallet,7,5,False,East,518.58
1975,08-18-23,4948,13,Other,Sports,16.94,7,0,0.0,118.58,118.58,Credit Card,26,3,False,South,1050.22
1976,01-29-23,2561,26,Other,Sports,23.19,6,10,13.91,139.14,125.23,Credit Card,12,3,False,North,125.23
1977,11-23-23,1046,6,Female,Clothing,19.92,3,15,8.96,59.76,50.8,Credit Card,18,3,False,South,101.13
1978,04-12-23,4359,26,Female,Electronics,23.47,5,5,5.87,117.35,111.48,Mobile Wallet,28,3,False,South,720.26
1979,10-27-24,1777,51,Male,Electronics,7.54,2,5,0.75,15.08,14.33,Mobile Wallet,13,3,False,East,845.47
1980,12-10-23,2039,32,Other,Beauty,9.04,9,15,12.2,81.36,69.16,Credit Card,1,5,False,East,322.77
1981,05-30-23,1710,17,Female,Clothing,13.45,6,5,4.04,80.7,76.66,Credit Card,1,5,True,North,362.28
1982,05-21-23,1400,38,Female,Electronics,25.71,9,20,46.28,231.39,185.11,PayPal,1,4,False,North,350.59
1983,02-09-23,4990,37,Other,Books,20.47,9,20,36.85,184.23,147.38,PayPal,22,5,False,East,378.85
1984,10-21-23,2817,64,Other,Sports,78.35,7,15,82.27,548.45,466.18,Mobile Wallet,21,5,False,West,466.18
1985,04-28-24,4028,46,Male,Books,37.28,5,20,37.28,186.4,149.12,PayPal,7,4,False,West,3087.04
1986,12-13-24,4157,39,Male,Books,42.87,4,10,17.15,171.48,154.33,Debit Card,28,4,False,North,1000.1
1987,05-23-23,1249,48,Female,Beauty,41.12,1,5,2.06,41.12,39.06,Debit Card,21,5,False,West,746.56
1988,12-23-24,1390,32,Male,Beauty,25.44,9,10,22.9,228.96,206.06,PayPal,9,5,True,North,599.61
1989,04-25-24,4853,33,Female,Beauty,196.82,6,15,177.14,1180.92,1003.78,PayPal,1,3,False,South,1003.78
1990,04-04-24,1334,59,Male,Books,1.9,2,20,0.76,3.8,3.04,Credit Card,15,5,False,North,3.04
1991,09-22-24,1628,10,Other,Home & Garden,12.16,7,10,8.51,85.12,76.61,PayPal,25,5,False,West,519.04
1992,01-06-23,4590,49,Male,Home & Garden,16.75,6,10,10.05,100.5,90.45,Debit Card,12,5,False,North,382.65
1993,03-23-23,1136,33,Female,Books,106.56,4,0,0.0,426.24,426.24,Mobile Wallet,4,5,False,West,994.9
1994,01-20-23,3930,30,Male,Sports,125.58,6,10,75.35,753.48,678.13,Mobile Wallet,10,5,False,North,822.34
1995,09-20-23,3735,26,Female,Books,93.57,6,20,112.28,561.42,449.14,Credit Card,23,4,False,East,792.01
1996,08-09-23,4911,37,Female,Books,26.97,5,5,6.74,134.85,128.11,Mobile Wallet,18,5,False,South,652.76
1997,06-03-23,2521,34,Male,Beauty,123.03,1,5,6.15,123.03,116.88,PayPal,19,3,False,North,166.24
1998,07-15-24,1826,28,Male,Beauty,5.19,3,5,0.78,15.57,14.79,Credit Card,20,5,False,East,214.05
1999,09-15-24,1726,24,Female,Beauty,52.84,7,20,73.98,369.88,295.9,PayPal,5,5,False,South,407.04
2000,06-24-24,2500,6,Other,Home & Garden,138.41,2,5,13.84,276.82,262.98,Mobile Wallet,28,5,False,West,1571.34
2001,03-09-24,3641,24,Male,Books,70.3,1,5,3.52,70.3,66.78,PayPal,2,5,False,East,72.64
2002,04-24-23,4294,27,Female,Sports,16.28,8,15,19.54,130.24,110.7,Credit Card,7,4,False,East,970.49
2003,10-23-23,1989,37,Other,Sports,63.2,7,15,66.36,442.4,376.04,Credit Card,6,4,False,South,881.24
2004,09-01-23,3419,64,Female,Beauty,17.46,6,0,0.0,104.76,104.76,Debit Card,16,5,False,South,104.76
2005,11-05-23,1934,25,Male,Beauty,5.92,5,0,0.0,29.6,29.6,Mobile Wallet,15,5,True,East,29.6
2006,05-05-23,4042,19,Female,Books,63.15,6,10,37.89,378.9,341.01,PayPal,9,5,False,East,1207.64
2007,02-18-23,1401,24,Female,Sports,9.88,1,10,0.99,9.88,8.89,Debit Card,7,3,False,North,299.59
2008,09-02-23,2466,37,Female,Books,5.89,9,10,5.3,53.01,47.71,Debit Card,10,4,False,West,2005.56
2009,03-05-24,4561,43,Male,Home & Garden,40.12,1,0,0.0,40.12,40.12,Mobile Wallet,26,4,False,East,4162.09
2010,10-16-24,1614,45,Other,Books,48.46,4,5,9.69,193.84,184.15,PayPal,2,1,False,South,370.82
2011,09-29-24,2296,47,Other,Beauty,2.62,3,10,0.79,7.86,7.07,Mobile Wallet,3,5,True,South,2674.26
2012,04-13-24,4597,49,Other,Electronics,0.22,4,5,0.04,0.88,0.84,PayPal,19,5,False,South,709.73
2013,03-06-23,2182,30,Other,Home & Garden,106.88,1,5,5.34,106.88,101.54,Debit Card,24,5,False,West,262.75
2014,04-24-23,4223,65,Male,Sports,6.12,4,0,0.0,24.48,24.48,Debit Card,24,4,False,South,325.15
2015,05-26-24,4042,29,Female,Sports,43.84,4,15,26.3,175.36,149.06,Debit Card,3,5,False,East,1207.64
2016,09-03-24,3667,36,Other,Beauty,153.46,3,15,69.06,460.38,391.32,PayPal,8,5,True,East,1731.17
2017,07-02-24,3235,54,Other,Beauty,35.86,8,20,57.38,286.88,229.5,Credit Card,5,3,False,West,681.44
2018,01-17-23,4884,43,Male,Home & Garden,7.53,7,15,7.91,52.71,44.8,Mobile Wallet,27,2,False,West,621.75
2019,10-09-24,2121,1,Female,Beauty,25.0,9,10,22.5,225.0,202.5,PayPal,29,5,True,West,836.02
2020,06-11-24,1130,35,Female,Electronics,48.91,2,0,0.0,97.82,97.82,Mobile Wallet,20,3,False,South,234.87
2021,08-11-24,3852,47,Other,Home & Garden,71.95,3,5,10.79,215.85,205.06,Mobile Wallet,12,4,False,South,350.44
2022,09-05-23,2194,14,Other,Beauty,46.69,6,0,0.0,280.14,280.14,Debit Card,11,4,False,South,1973.49
2023,05-28-23,3983,46,Female,Clothing,1.75,2,20,0.7,3.5,2.8,Mobile Wallet,4,5,False,North,601.29
2024,10-26-23,4033,40,Male,Electronics,7.72,2,20,3.09,15.44,12.35,Credit Card,4,5,False,East,191.67
2025,03-15-24,1182,52,Female,Home & Garden,23.24,2,20,9.3,46.48,37.18,PayPal,1,5,False,South,331.39
2026,01-02-23,4030,24,Female,Clothing,61.16,2,5,6.12,122.32,116.2,Credit Card,27,5,False,East,934.99
2027,09-21-24,1363,49,Other,Books,43.89,5,20,43.89,219.45,175.56,Credit Card,7,5,True,North,1048.57
2028,12-28-23,1038,37,Male,Electronics,2.29,1,20,0.46,2.29,1.83,Debit Card,27,5,False,East,824.67
2029,09-04-23,4598,61,Male,Books,79.7,7,20,111.58,557.9,446.32,PayPal,26,3,False,North,545.25
2030,08-07-24,4959,76,Male,Clothing,46.46,1,5,2.32,46.46,44.14,PayPal,26,5,False,East,846.39
2031,03-02-24,3544,58,Other,Sports,109.08,1,20,21.82,109.08,87.26,Credit Card,20,4,False,North,373.82
2032,07-11-23,4587,42,Male,Sports,27.03,5,10,13.52,135.15,121.63,PayPal,2,5,False,East,1985.19
2033,11-11-24,2372,69,Male,Beauty,33.69,7,0,0.0,235.83,235.83,Mobile Wallet,1,5,False,North,474.12
2034,11-15-24,4029,44,Other,Sports,26.01,3,20,15.61,78.03,62.42,PayPal,19,3,False,South,539.05
2035,03-29-23,1920,21,Female,Books,64.09,7,20,89.73,448.63,358.9,PayPal,17,5,False,South,1738.92
2036,06-20-24,4468,34,Male,Electronics,69.74,9,0,0.0,627.66,627.66,Mobile Wallet,11,5,False,West,630.63
2037,01-05-24,3769,46,Female,Books,64.23,4,20,51.38,256.92,205.54,Mobile Wallet,5,5,False,East,205.54
2038,03-11-23,4232,47,Male,Books,17.24,5,20,17.24,86.2,68.96,Mobile Wallet,6,5,False,North,319.4
2039,06-22-24,1015,18,Female,Sports,50.53,8,10,40.42,404.24,363.82,Mobile Wallet,27,3,False,South,456.54
2040,07-11-24,1492,18,Female,Books,20.66,9,15,27.89,185.94,158.05,PayPal,22,4,True,East,1056.81
2041,06-03-24,2449,29,Other,Clothing,89.85,5,5,22.46,449.25,426.79,Debit Card,6,5,False,North,1658.44
2042,06-03-24,2131,43,Other,Home & Garden,2.83,5,5,0.71,14.15,13.44,Debit Card,23,2,True,North,120.02
2043,07-21-24,3941,44,Male,Home & Garden,1.92,2,0,0.0,3.84,3.84,Mobile Wallet,17,5,False,North,421.96
2044,01-21-23,4521,37,Male,Home & Garden,5.36,9,10,4.82,48.24,43.42,PayPal,20,3,True,North,255.42
2045,02-04-24,1310,22,Other,Beauty,11.31,6,5,3.39,67.86,64.47,PayPal,10,4,False,West,437.32
2046,04-26-24,1738,61,Male,Sports,1.92,5,0,0.0,9.6,9.6,PayPal,10,2,False,East,62.94
2047,02-14-23,4241,18,Male,Sports,3.72,5,0,0.0,18.6,18.6,PayPal,9,3,False,North,18.6
2048,10-12-24,1545,54,Other,Home & Garden,18.27,4,0,0.0,73.08,73.08,PayPal,26,4,False,North,398.12
2049,02-01-24,3461,46,Female,Electronics,5.26,1,5,0.26,5.26,5.0,Debit Card,28,5,False,South,1936.15
2050,01-18-24,1250,54,Male,Beauty,80.99,6,15,72.89,485.94,413.05,Credit Card,18,3,False,North,1551.61
2051,09-17-23,1758,28,Other,Home & Garden,2.77,1,0,0.0,2.77,2.77,Credit Card,13,2,False,North,977.31
2052,01-17-23,2804,32,Male,Books,119.26,2,20,47.7,238.52,190.82,Credit Card,8,4,False,West,327.13
2053,01-01-24,4212,35,Male,Home & Garden,102.33,7,15,107.45,716.31,608.86,Mobile Wallet,11,5,False,North,1123.88
2054,03-11-23,2297,27,Other,Home & Garden,11.68,1,15,1.75,11.68,9.93,Mobile Wallet,7,3,False,North,15.4
2055,12-20-23,4487,38,Other,Electronics,3.71,8,20,5.94,29.68,23.74,Debit Card,7,5,False,East,23.74
2056,09-04-23,2631,58,Male,Sports,5.58,8,5,2.23,44.64,42.41,Debit Card,29,4,False,East,696.8
2057,11-03-24,4810,15,Male,Sports,40.95,7,5,14.33,286.65,272.32,PayPal,3,5,False,East,1549.16
2058,10-05-24,2914,25,Female,Books,45.93,7,10,32.15,321.51,289.36,Debit Card,16,2,False,South,1197.49
2059,04-17-23,4110,23,Female,Home & Garden,18.96,1,5,0.95,18.96,18.01,Mobile Wallet,13,1,False,North,863.55
2060,08-18-24,1813,33,Other,Clothing,17.61,3,10,5.28,52.83,47.55,Debit Card,18,2,False,East,163.61
2061,12-07-23,1028,32,Male,Books,37.91,9,0,0.0,341.19,341.19,PayPal,18,5,False,East,468.68
2062,05-17-23,1957,46,Other,Sports,18.24,5,5,4.56,91.2,86.64,PayPal,12,5,True,South,184.05
2063,02-15-23,3032,35,Other,Electronics,136.15,5,5,34.04,680.75,646.71,PayPal,13,5,False,South,1716.24
2064,12-27-23,1476,39,Male,Sports,24.11,7,20,33.75,168.77,135.02,Mobile Wallet,3,5,False,North,731.86
2065,07-13-24,1317,40,Female,Sports,12.41,8,0,0.0,99.28,99.28,Credit Card,3,2,False,North,675.37
2066,12-13-23,1244,38,Other,Electronics,7.89,6,10,4.73,47.34,42.61,Credit Card,26,3,True,North,1495.53
2067,10-20-24,1747,45,Other,Home & Garden,49.94,5,0,0.0,249.7,249.7,Mobile Wallet,2,5,False,East,263.52
2068,06-29-23,1696,33,Male,Home & Garden,19.78,1,15,2.97,19.78,16.81,PayPal,7,5,False,West,16.81
2069,12-02-24,1271,59,Female,Sports,10.46,9,20,18.83,94.14,75.31,PayPal,2,4,False,West,236.96
2070,04-20-24,4511,73,Female,Books,16.14,6,15,14.53,96.84,82.31,Mobile Wallet,6,5,False,South,344.88
2071,12-13-24,2771,45,Male,Clothing,18.4,3,10,5.52,55.2,49.68,Credit Card,13,3,False,East,104.82
2072,05-05-24,2262,38,Other,Books,49.15,7,5,17.2,344.05,326.85,PayPal,11,5,True,North,888.31
2073,10-08-24,3424,44,Male,Beauty,9.6,4,5,1.92,38.4,36.48,PayPal,5,5,False,East,38.35
2074,07-06-23,1265,18,Male,Books,65.99,3,5,9.9,197.97,188.07,Credit Card,7,4,False,South,255.44
2075,05-19-23,3973,37,Female,Sports,18.18,7,10,12.73,127.26,114.53,Mobile Wallet,11,4,False,East,613.02
2076,03-06-23,1920,24,Other,Sports,33.5,6,15,30.15,201.0,170.85,Debit Card,27,5,False,North,1738.92
2077,04-13-24,4430,42,Other,Clothing,53.19,4,10,21.28,212.76,191.48,PayPal,7,4,True,North,1858.03
2078,02-07-23,1339,24,Female,Clothing,39.22,8,10,31.38,313.76,282.38,Credit Card,8,2,False,North,915.04
2079,10-28-23,1388,29,Other,Clothing,54.27,2,15,16.28,108.54,92.26,Mobile Wallet,4,3,False,North,125.38
2080,07-26-23,3624,6,Other,Sports,19.47,6,5,5.84,116.82,110.98,Credit Card,10,2,True,South,125.63
2081,02-14-23,4760,17,Male,Sports,165.45,3,20,99.27,496.35,397.08,Credit Card,29,4,True,South,1399.23
2082,07-24-23,3050,40,Male,Books,30.72,8,10,24.58,245.76,221.18,Debit Card,21,5,False,West,436.3
2083,02-12-23,4500,21,Male,Sports,19.43,8,10,15.54,155.44,139.9,PayPal,26,5,False,North,635.92
2084,11-20-23,2165,50,Other,Beauty,17.58,1,15,2.64,17.58,14.94,PayPal,29,5,False,South,14.94
2085,11-14-23,1375,20,Other,Home & Garden,2.18,2,20,0.87,4.36,3.49,PayPal,20,4,False,West,1104.0
2086,06-11-24,4741,41,Other,Home & Garden,57.73,4,10,23.09,230.92,207.83,Debit Card,29,5,False,North,425.95
2087,02-12-24,3033,23,Other,Clothing,15.23,1,0,0.0,15.23,15.23,Credit Card,15,5,False,West,914.26
2088,07-10-24,3371,40,Female,Sports,159.62,3,20,95.77,478.86,383.09,Mobile Wallet,23,5,False,East,1570.47
2089,04-29-24,1145,11,Female,Beauty,11.81,4,10,4.72,47.24,42.52,Credit Card,15,2,False,East,383.74
2090,09-17-23,2981,28,Other,Home & Garden,37.7,3,20,22.62,113.1,90.48,PayPal,19,3,False,East,323.55
2091,02-07-23,1292,22,Male,Books,66.49,5,0,0.0,332.45,332.45,Debit Card,10,4,False,West,359.28
2092,10-24-24,4736,48,Male,Electronics,102.06,7,0,0.0,714.42,714.42,Credit Card,2,5,False,South,1472.87
2093,07-15-23,1431,41,Female,Books,8.51,8,20,13.62,68.08,54.46,Debit Card,16,4,False,North,149.73
2094,10-20-23,1704,16,Female,Electronics,211.34,8,5,84.54,1690.72,1606.18,Mobile Wallet,20,5,False,East,1647.01
2095,01-01-24,3996,31,Other,Beauty,118.62,2,20,47.45,237.24,189.79,Mobile Wallet,5,5,False,South,468.22
2096,02-18-23,2998,23,Other,Books,164.64,1,15,24.7,164.64,139.94,PayPal,27,5,False,South,414.12
2097,11-02-24,3632,49,Other,Home & Garden,95.75,6,5,28.72,574.5,545.78,Debit Card,17,1,False,South,925.99
2098,12-06-23,1398,54,Other,Sports,105.05,1,0,0.0,105.05,105.05,PayPal,3,1,False,West,1274.26
2099,10-07-23,3864,13,Other,Electronics,45.67,6,5,13.7,274.02,260.32,Debit Card,8,5,False,South,396.21
2100,05-08-23,4960,47,Male,Sports,93.32,7,0,0.0,653.24,653.24,Debit Card,11,5,True,North,1515.02
2101,01-12-24,4415,22,Male,Beauty,38.18,9,0,0.0,343.62,343.62,Mobile Wallet,5,4,False,South,1410.29
2102,03-23-24,1963,31,Other,Sports,38.63,1,0,0.0,38.63,38.63,Credit Card,17,3,True,South,741.44
2103,02-14-24,4211,35,Male,Home & Garden,41.34,7,15,43.41,289.38,245.97,Credit Card,4,2,False,North,340.47
2104,03-26-24,3234,62,Other,Beauty,280.21,4,15,168.13,1120.84,952.71,Mobile Wallet,24,3,False,North,990.46
2105,01-31-24,3041,19,Other,Clothing,5.51,9,10,4.96,49.59,44.63,Mobile Wallet,29,4,False,East,582.02
2106,12-14-23,2828,47,Female,Clothing,81.89,4,15,49.13,327.56,278.43,Debit Card,8,4,False,West,1492.72
2107,07-11-23,3108,17,Male,Electronics,15.96,2,0,0.0,31.92,31.92,Credit Card,2,5,False,North,601.8
2108,05-23-24,1938,16,Male,Home & Garden,22.41,1,20,4.48,22.41,17.93,PayPal,16,5,False,South,536.8
2109,12-09-24,4451,35,Female,Sports,4.2,7,5,1.47,29.4,27.93,PayPal,9,4,True,East,466.38
2110,05-24-24,1709,35,Male,Books,21.66,7,20,30.32,151.62,121.3,Credit Card,26,5,False,North,799.02
2111,01-12-24,1806,-7,Female,Books,234.23,3,0,0.0,702.69,702.69,Credit Card,17,5,False,North,702.69
2112,06-15-24,2463,52,Male,Beauty,25.3,5,20,25.3,126.5,101.2,Credit Card,10,5,False,East,170.01
2113,10-01-23,4390,2,Other,Electronics,55.39,7,5,19.39,387.73,368.34,Debit Card,24,4,False,West,917.17
2114,03-26-23,2325,32,Female,Electronics,6.43,8,10,5.14,51.44,46.3,Mobile Wallet,24,4,False,North,769.32
2115,03-10-24,4415,54,Other,Electronics,127.87,9,10,115.08,1150.83,1035.75,Mobile Wallet,13,3,True,East,1410.29
2116,03-22-23,1010,68,Other,Home & Garden,87.94,1,15,13.19,87.94,74.75,Debit Card,22,5,False,South,341.39
2117,03-16-24,2085,29,Male,Books,24.41,9,20,43.94,219.69,175.75,PayPal,17,5,False,North,464.65
2118,09-08-24,2868,13,Female,Beauty,21.42,6,15,19.28,128.52,109.24,Debit Card,12,3,False,South,890.2
2119,07-04-23,3273,54,Other,Home & Garden,28.31,6,15,25.48,169.86,144.38,Credit Card,29,3,False,East,144.38
2120,07-12-24,4224,47,Other,Beauty,25.65,7,20,35.91,179.55,143.64,Mobile Wallet,9,4,False,West,837.56
2121,10-28-23,4782,27,Female,Home & Garden,14.92,9,20,26.86,134.28,107.42,Mobile Wallet,15,4,False,North,107.42
2122,11-25-23,3611,25,Male,Sports,234.68,7,5,82.14,1642.76,1560.62,Debit Card,10,3,False,West,1886.8
2123,04-16-23,1771,24,Other,Home & Garden,83.18,7,20,116.45,582.26,465.81,Mobile Wallet,19,5,False,North,1992.93
2124,03-23-23,2594,29,Male,Home & Garden,15.59,3,20,9.35,46.77,37.42,Debit Card,17,1,True,West,581.35
2125,12-02-23,2607,39,Female,Sports,200.11,9,15,270.15,1800.99,1530.84,Mobile Wallet,7,4,False,South,1719.39
2126,11-07-24,4731,26,Male,Clothing,0.78,4,10,0.31,3.12,2.81,Debit Card,14,5,False,East,1352.1
2127,10-30-23,4932,28,Female,Sports,28.8,6,0,0.0,172.8,172.8,Credit Card,13,5,False,West,282.15
2128,11-10-23,4646,44,Male,Electronics,42.14,7,10,29.5,294.98,265.48,Debit Card,26,4,False,North,1502.55
2129,04-01-24,2333,12,Male,Clothing,1.92,9,20,3.46,17.28,13.82,Mobile Wallet,21,5,False,West,164.98
2130,09-09-24,1884,29,Other,Books,8.78,3,0,0.0,26.34,26.34,Debit Card,2,5,False,South,334.95
2131,03-12-24,4314,9,Male,Beauty,14.93,2,20,5.97,29.86,23.89,Debit Card,16,2,False,South,46.14
2132,06-20-23,4564,36,Other,Home & Garden,63.69,2,5,6.37,127.38,121.01,Mobile Wallet,29,2,True,North,121.01
2133,12-07-24,2389,5,Female,Clothing,140.46,2,20,56.18,280.92,224.74,Credit Card,17,4,False,North,1575.66
2134,03-30-24,4401,48,Female,Books,48.98,9,0,0.0,440.82,440.82,Debit Card,6,5,False,West,761.88
2135,12-26-23,4178,15,Other,Sports,41.35,8,5,16.54,330.8,314.26,PayPal,1,5,False,East,950.51
2136,04-02-24,1225,8,Male,Sports,38.48,9,0,0.0,346.32,346.32,PayPal,6,1,False,West,698.02
2137,02-13-23,1824,29,Female,Electronics,21.59,9,5,9.72,194.31,184.59,Credit Card,1,4,False,North,472.73
2138,12-28-23,3265,60,Female,Electronics,87.93,1,15,13.19,87.93,74.74,Credit Card,23,5,False,East,576.31
2139,09-21-24,1936,45,Female,Clothing,38.91,9,0,0.0,350.19,350.19,Mobile Wallet,23,3,False,East,625.14
2140,03-21-24,3800,6,Other,Beauty,13.07,1,15,1.96,13.07,11.11,Mobile Wallet,10,5,False,East,1058.99
2141,10-09-23,3553,14,Female,Home & Garden,7.36,5,15,5.52,36.8,31.28,Debit Card,20,4,False,East,111.32
2142,10-16-24,3306,29,Female,Sports,211.72,4,20,169.38,846.88,677.5,Credit Card,23,3,False,North,1062.87
2143,02-28-23,2911,68,Female,Clothing,0.88,8,10,0.7,7.04,6.34,Debit Card,29,4,False,North,146.91
2144,03-18-23,4845,20,Female,Clothing,135.48,5,5,33.87,677.4,643.53,Mobile Wallet,24,5,False,East,1128.75
2145,11-18-24,4588,21,Other,Beauty,12.31,9,0,0.0,110.79,110.79,Debit Card,8,5,False,East,497.51
2146,10-14-24,2796,57,Other,Clothing,53.58,1,15,8.04,53.58,45.54,Debit Card,28,5,False,North,226.37
2147,02-20-24,1053,37,Male,Electronics,17.94,8,20,28.7,143.52,114.82,Debit Card,28,5,False,East,487.15
2148,01-08-24,4118,50,Female,Beauty,98.24,6,0,0.0,589.44,589.44,Credit Card,16,3,False,North,1506.74
2149,06-09-24,1726,24,Other,Sports,39.2,1,20,7.84,39.2,31.36,PayPal,12,5,False,North,407.04
2150,11-26-24,3736,33,Male,Electronics,7.6,2,0,0.0,15.2,15.2,Credit Card,19,3,False,North,15.2
2151,06-13-23,2544,54,Male,Electronics,15.72,4,20,12.58,62.88,50.3,Debit Card,14,5,False,South,50.3
2152,02-01-23,4170,32,Female,Beauty,19.31,5,20,19.31,96.55,77.24,Mobile Wallet,8,4,False,West,1449.09
2153,05-27-23,2043,51,Male,Beauty,108.54,1,10,10.85,108.54,97.69,PayPal,29,3,False,West,2123.55
2154,09-14-24,2913,40,Other,Clothing,72.78,7,15,76.42,509.46,433.04,Debit Card,19,4,False,North,949.68
2155,11-25-24,2776,19,Male,Books,88.48,4,5,17.7,353.92,336.22,Debit Card,29,4,False,West,1078.71
2156,03-24-24,2596,34,Male,Books,2.68,1,5,0.13,2.68,2.55,Mobile Wallet,27,5,False,East,300.19
2157,02-05-23,2914,49,Other,Books,43.23,6,0,0.0,259.38,259.38,Debit Card,15,5,False,South,1197.49
2158,05-10-23,4561,45,Male,Clothing,355.12,9,0,0.0,3196.08,3196.08,Debit Card,5,5,False,East,4162.09
2159,03-10-23,3466,34,Male,Home & Garden,76.9,9,10,69.21,692.1,622.89,PayPal,17,4,False,West,2121.52
2160,08-30-23,3737,6,Male,Sports,6.43,4,0,0.0,25.72,25.72,Credit Card,28,5,False,North,43.28
2161,10-22-24,1849,8,Male,Clothing,56.79,7,5,19.88,397.53,377.65,Mobile Wallet,23,5,False,South,959.75
2162,01-11-24,3109,11,Female,Clothing,68.39,1,15,10.26,68.39,58.13,Mobile Wallet,14,2,False,West,533.88
2163,01-06-24,4216,27,Female,Electronics,36.1,9,10,32.49,324.9,292.41,Mobile Wallet,15,4,False,West,1431.27
2164,01-28-24,3263,29,Other,Books,4.1,1,0,0.0,4.1,4.1,Credit Card,26,5,False,West,376.86
2165,08-03-24,1002,12,Male,Beauty,1.77,9,10,1.59,15.93,14.34,Credit Card,8,5,True,South,569.76
2166,02-03-23,1159,50,Other,Clothing,138.88,6,10,83.33,833.28,749.95,PayPal,4,4,False,East,1269.17
2167,09-11-24,4810,16,Female,Home & Garden,14.89,7,10,10.42,104.23,93.81,PayPal,7,3,False,East,1549.16
2168,06-07-23,1780,14,Male,Sports,23.82,4,0,0.0,95.28,95.28,Mobile Wallet,7,2,False,West,253.18
2169,11-26-24,4191,36,Male,Home & Garden,79.31,9,20,142.76,713.79,571.03,Credit Card,22,3,False,West,3844.59
2170,04-05-24,1892,49,Female,Clothing,58.44,6,0,0.0,350.64,350.64,PayPal,5,3,False,North,375.63
2171,01-15-24,3030,65,Male,Clothing,172.99,6,0,0.0,1037.94,1037.94,Debit Card,10,4,False,South,1649.38
2172,01-16-24,4160,43,Male,Electronics,4.87,6,0,0.0,29.22,29.22,Credit Card,20,3,False,North,322.5
2173,03-30-24,3376,58,Female,Home & Garden,61.37,4,0,0.0,245.48,245.48,Debit Card,5,2,False,South,985.1
2174,03-20-23,1579,16,Other,Electronics,4.29,7,0,0.0,30.03,30.03,PayPal,23,5,False,West,831.68
2175,08-10-24,2933,67,Other,Beauty,0.01,2,10,0.0,0.02,0.02,Debit Card,24,3,False,South,0.02
2176,05-21-23,2380,7,Male,Home & Garden,6.4,2,10,1.28,12.8,11.52,PayPal,4,4,False,West,1023.57
2177,06-26-24,4681,27,Female,Books,47.95,6,0,0.0,287.7,287.7,Mobile Wallet,21,3,False,West,2158.03
2178,01-11-24,2290,43,Other,Beauty,56.38,9,15,76.11,507.42,431.31,Mobile Wallet,11,4,False,East,431.31
2179,02-12-24,2640,10,Other,Books,28.84,3,15,12.98,86.52,73.54,Mobile Wallet,6,3,False,West,515.11
2180,11-18-23,1951,21,Male,Home & Garden,2.36,7,20,3.3,16.52,13.22,Credit Card,15,2,False,West,238.77
2181,10-27-24,4394,18,Other,Electronics,50.26,9,15,67.85,452.34,384.49,Credit Card,11,5,False,West,430.07
2182,10-13-23,3682,30,Female,Books,4.49,9,5,2.02,40.41,38.39,Mobile Wallet,25,4,False,East,38.39
2183,09-13-23,1987,56,Other,Clothing,7.64,3,5,1.15,22.92,21.77,Credit Card,26,4,False,South,1477.23
2184,04-27-23,4612,35,Female,Sports,35.93,1,15,5.39,35.93,30.54,PayPal,22,3,False,South,343.02
2185,01-27-23,4720,28,Female,Electronics,20.8,2,0,0.0,41.6,41.6,Debit Card,7,4,False,South,192.97
2186,07-10-23,2218,-8,Male,Beauty,31.25,8,15,37.5,250.0,212.5,PayPal,24,5,False,West,1302.89
2187,05-26-24,1920,42,Other,Beauty,50.4,7,5,17.64,352.8,335.16,Mobile Wallet,19,4,False,North,1738.92
2188,06-14-24,3785,46,Male,Home & Garden,8.72,1,15,1.31,8.72,7.41,Debit Card,5,4,False,South,1236.31
2189,02-01-24,2355,9,Other,Beauty,111.79,3,10,33.54,335.37,301.83,PayPal,4,3,False,East,787.18
2190,07-29-24,1169,33,Male,Sports,40.99,8,20,65.58,327.92,262.34,Debit Card,1,4,True,South,262.34
2191,05-01-23,1520,37,Male,Sports,1.12,7,10,0.78,7.84,7.06,Credit Card,16,5,False,West,1558.53
2192,09-26-23,2486,49,Male,Clothing,49.5,5,10,24.75,247.5,222.75,Debit Card,12,2,False,East,357.19
2193,09-24-23,1039,24,Other,Beauty,31.1,3,20,18.66,93.3,74.64,Debit Card,20,4,False,West,1129.95
2194,12-21-24,2560,21,Male,Electronics,60.47,7,0,0.0,423.29,423.29,Mobile Wallet,18,4,False,North,1202.68
2195,04-01-24,4332,28,Female,Sports,76.63,5,20,76.63,383.15,306.52,Credit Card,20,2,False,North,454.81
2196,08-08-23,2418,54,Other,Electronics,139.72,1,0,0.0,139.72,139.72,PayPal,2,5,False,North,298.32
2197,09-18-24,1954,50,Female,Clothing,320.22,5,5,80.06,1601.1,1521.04,Mobile Wallet,13,3,False,North,2102.9
2198,10-20-23,4297,34,Male,Home & Garden,39.88,3,15,17.95,119.64,101.69,Debit Card,12,4,False,South,589.56
2199,12-11-24,1983,50,Male,Sports,41.22,2,5,4.12,82.44,78.32,PayPal,4,4,False,East,441.07
2200,05-17-24,4195,0,Female,Sports,1.14,3,5,0.17,3.42,3.25,Debit Card,4,3,False,West,360.65
2201,07-24-23,1974,46,Male,Sports,100.19,4,5,20.04,400.76,380.72,Debit Card,13,4,False,West,1352.15
2202,05-06-23,1037,18,Other,Beauty,1.46,1,15,0.22,1.46,1.24,PayPal,27,5,False,West,1.24
2203,05-19-23,3375,61,Female,Electronics,50.07,4,0,0.0,200.28,200.28,Debit Card,3,5,False,East,746.08
2204,03-17-23,2274,19,Other,Sports,5.19,9,20,9.34,46.71,37.37,Debit Card,21,5,False,North,301.68
2205,04-07-24,4972,22,Other,Electronics,16.83,1,0,0.0,16.83,16.83,PayPal,25,4,False,East,1021.68
2206,06-26-23,2199,43,Other,Beauty,7.56,7,0,0.0,52.92,52.92,PayPal,17,5,True,North,52.92
2207,12-31-24,2625,44,Male,Books,7.39,8,10,5.91,59.12,53.21,Mobile Wallet,7,4,False,East,2288.82
2208,03-31-24,1913,28,Male,Books,3.88,9,15,5.24,34.92,29.68,PayPal,26,5,True,North,877.07
2209,03-31-23,1453,40,Female,Electronics,19.13,7,0,0.0,133.91,133.91,Mobile Wallet,13,4,False,East,133.91
2210,11-29-24,1036,42,Female,Beauty,27.55,9,0,0.0,247.95,247.95,PayPal,15,4,False,South,1892.97
2211,11-24-23,4387,40,Other,Books,31.23,3,5,4.68,93.69,89.01,Mobile Wallet,14,4,False,South,1072.26
2212,11-14-24,2711,28,Male,Clothing,28.96,1,10,2.9,28.96,26.06,Mobile Wallet,16,4,False,South,375.37
2213,12-22-23,4020,42,Male,Clothing,37.08,2,20,14.83,74.16,59.33,Debit Card,17,3,False,South,621.37
2214,12-27-24,1795,56,Male,Books,98.23,1,10,9.82,98.23,88.41,Credit Card,26,3,False,North,267.65
2215,03-08-23,1972,16,Female,Home & Garden,49.96,2,5,5.0,99.92,94.92,PayPal,16,4,True,East,654.81
2216,07-17-24,1592,22,Male,Electronics,0.87,9,5,0.39,7.83,7.44,PayPal,28,5,False,East,393.17
2217,07-09-24,2137,35,Other,Books,9.49,5,5,2.37,47.45,45.08,Debit Card,16,3,False,West,614.37
2218,10-25-23,4111,19,Other,Electronics,21.46,4,15,12.88,85.84,72.96,Credit Card,28,4,False,West,681.6
2219,11-04-23,2324,7,Other,Beauty,148.84,2,5,14.88,297.68,282.8,Credit Card,1,5,False,South,609.9
2220,06-11-23,3271,51,Male,Books,4.06,3,0,0.0,12.18,12.18,PayPal,14,2,False,West,199.37
2221,12-29-24,1317,1,Other,Clothing,61.91,9,15,83.58,557.19,473.61,PayPal,2,5,False,South,675.37
2222,12-27-24,3396,28,Other,Beauty,1.68,3,5,0.25,5.04,4.79,Mobile Wallet,26,5,False,West,4.79
2223,12-18-24,3162,46,Female,Home & Garden,22.51,8,15,27.01,180.08,153.07,Credit Card,22,4,False,South,153.07
2224,10-15-24,3745,39,Female,Electronics,73.52,1,0,0.0,73.52,73.52,Credit Card,27,3,False,East,1572.13
2225,06-28-23,2346,29,Male,Home & Garden,21.07,5,5,5.27,105.35,100.08,Mobile Wallet,9,2,False,North,244.99
2226,01-06-24,2591,18,Male,Clothing,28.13,2,5,2.81,56.26,53.45,Mobile Wallet,19,3,False,South,690.7
2227,06-04-24,4111,40,Male,Sports,117.85,4,0,0.0,471.4,471.4,PayPal,5,5,False,West,681.6
2228,08-18-23,2889,20,Male,Sports,3.42,2,5,0.34,6.84,6.5,Credit Card,24,5,False,West,417.59
2229,05-05-23,3087,38,Male,Electronics,37.5,3,0,0.0,112.5,112.5,Debit Card,10,5,False,West,112.5
2230,07-25-23,4930,37,Female,Beauty,22.8,5,5,5.7,114.0,108.3,Mobile Wallet,6,4,False,South,123.22
2231,05-23-23,2996,37,Female,Clothing,165.95,2,5,16.6,331.9,315.3,Credit Card,3,5,False,East,491.53
2232,08-31-23,2772,25,Female,Electronics,78.92,9,10,71.03,710.28,639.25,Credit Card,2,5,False,North,1776.28
2233,05-20-24,2312,65,Other,Beauty,6.51,8,15,7.81,52.08,44.27,Credit Card,29,5,False,West,531.76
2234,01-27-23,2285,40,Other,Electronics,131.15,5,20,131.15,655.75,524.6,Credit Card,19,1,False,West,524.6
2235,01-05-24,1215,30,Female,Electronics,11.86,1,10,1.19,11.86,10.67,Mobile Wallet,6,3,False,South,945.74
2236,07-21-24,4218,38,Female,Home & Garden,4.43,5,10,2.22,22.15,19.93,Debit Card,21,4,True,North,500.39
2237,08-09-24,3383,23,Male,Books,39.0,4,15,23.4,156.0,132.6,Debit Card,24,4,False,South,222.35
2238,01-13-24,4239,29,Female,Clothing,66.71,9,10,60.04,600.39,540.35,Mobile Wallet,10,4,False,East,567.81
2239,04-23-24,3139,70,Male,Home & Garden,62.95,2,0,0.0,125.9,125.9,Credit Card,18,5,False,North,1303.35
2240,07-18-24,3400,23,Female,Beauty,38.18,7,10,26.73,267.26,240.53,Mobile Wallet,14,5,False,East,413.3
2241,05-13-23,3618,33,Male,Books,33.94,2,20,13.58,67.88,54.3,Mobile Wallet,28,5,False,South,781.2
2242,09-18-24,4642,28,Female,Electronics,174.57,3,0,0.0,523.71,523.71,Credit Card,2,4,False,East,1249.45
2243,03-30-23,3863,19,Male,Sports,85.9,3,15,38.66,257.7,219.04,Mobile Wallet,4,4,False,South,323.35
2244,03-09-23,2704,41,Other,Home & Garden,59.97,8,15,71.96,479.76,407.8,Mobile Wallet,29,2,False,West,946.29
2245,11-13-23,3828,35,Other,Clothing,10.86,2,15,3.26,21.72,18.46,Credit Card,15,4,False,West,1858.8
2246,02-12-24,1362,48,Male,Clothing,85.68,1,0,0.0,85.68,85.68,Debit Card,25,3,False,West,333.75
2247,05-05-24,3604,47,Male,Books,69.27,6,15,62.34,415.62,353.28,Mobile Wallet,21,4,False,South,1098.03
2248,06-22-24,4416,48,Other,Home & Garden,241.58,6,15,217.42,1449.48,1232.06,PayPal,23,3,False,South,2019.06
2249,02-25-24,2716,21,Female,Electronics,7.14,1,20,1.43,7.14,5.71,Credit Card,23,4,False,South,618.34
2250,02-24-24,2193,44,Male,Books,62.82,5,5,15.7,314.1,298.4,PayPal,6,1,False,East,298.4
2251,08-11-24,1355,44,Female,Beauty,193.36,9,5,87.01,1740.24,1653.23,Mobile Wallet,28,1,False,West,2353.92
2252,03-17-23,1190,19,Other,Clothing,31.05,5,5,7.76,155.25,147.49,Debit Card,6,5,False,South,1498.69
2253,05-09-23,4738,30,Other,Beauty,66.1,7,15,69.4,462.7,393.3,Mobile Wallet,9,5,True,West,393.3
2254,11-21-23,3469,13,Male,Home & Garden,185.19,6,0,0.0,1111.14,1111.14,Credit Card,20,4,False,West,2655.03
2255,10-19-24,1699,45,Female,Sports,39.65,4,15,23.79,158.6,134.81,Debit Card,18,4,False,South,1051.95
2256,03-17-23,3054,44,Other,Beauty,60.04,2,5,6.0,120.08,114.08,Mobile Wallet,23,5,False,South,612.37
2257,04-05-24,3180,56,Female,Electronics,1.01,5,20,1.01,5.05,4.04,Credit Card,22,5,False,East,59.85
2258,04-22-24,4818,31,Other,Clothing,36.66,9,15,49.49,329.94,280.45,PayPal,4,5,False,East,379.55
2259,11-27-24,1556,41,Male,Home & Garden,14.77,3,15,6.65,44.31,37.66,Mobile Wallet,1,3,False,West,551.6
2260,06-13-24,1825,49,Female,Sports,7.03,3,15,3.16,21.09,17.93,PayPal,4,5,False,South,78.04
2261,12-19-23,3808,23,Female,Clothing,61.65,7,0,0.0,431.55,431.55,Credit Card,22,5,False,South,944.15
2262,05-12-23,2054,21,Male,Sports,1.99,2,20,0.8,3.98,3.18,Credit Card,27,1,True,South,29.66
2263,07-18-24,3582,24,Male,Clothing,117.62,8,20,188.19,940.96,752.77,PayPal,3,4,False,West,753.91
2264,10-17-24,1425,29,Male,Books,36.47,7,20,51.06,255.29,204.23,Debit Card,13,4,False,South,267.6
2265,08-24-24,4465,21,Male,Books,52.24,8,20,83.58,417.92,334.34,Mobile Wallet,15,5,False,East,1214.6
2266,07-06-23,3719,24,Other,Books,14.61,6,5,4.38,87.66,83.28,Credit Card,29,1,True,North,852.45
2267,05-13-23,3410,48,Female,Home & Garden,10.06,5,15,7.54,50.3,42.76,Debit Card,1,4,False,North,2149.04
2268,03-19-24,4508,33,Other,Books,13.97,4,20,11.18,55.88,44.7,Credit Card,28,5,False,East,1013.74
2269,05-29-24,4741,39,Male,Home & Garden,13.22,8,10,10.58,105.76,95.18,Credit Card,16,2,True,North,425.95
2270,02-26-23,2574,26,Other,Electronics,99.94,2,10,19.99,199.88,179.89,Credit Card,2,2,True,East,1699.56
2271,05-08-23,4998,25,Other,Books,77.4,6,5,23.22,464.4,441.18,PayPal,6,5,False,West,528.77
2272,06-14-24,3129,39,Female,Home & Garden,95.78,6,10,57.47,574.68,517.21,PayPal,1,5,False,North,517.21
2273,06-06-23,3403,36,Female,Clothing,66.38,5,10,33.19,331.9,298.71,Credit Card,22,5,False,West,786.46
2274,11-08-23,4329,46,Female,Home & Garden,51.58,2,10,10.32,103.16,92.84,Mobile Wallet,17,4,False,West,1783.04
2275,06-18-23,4789,54,Male,Beauty,37.53,5,5,9.38,187.65,178.27,Debit Card,17,5,False,East,378.58
2276,06-15-23,1588,24,Male,Home & Garden,15.43,3,15,6.94,46.29,39.35,Credit Card,22,5,False,West,119.93
2277,11-27-23,3012,47,Female,Beauty,61.1,7,5,21.38,427.7,406.32,Debit Card,29,5,False,North,408.1
2278,12-27-24,2547,18,Other,Clothing,7.34,7,0,0.0,51.38,51.38,Credit Card,1,4,True,North,405.6
2279,08-19-23,1294,66,Female,Home & Garden,35.78,8,0,0.0,286.24,286.24,Debit Card,16,4,False,East,1754.84
2280,12-21-23,2985,23,Male,Clothing,10.86,9,10,9.77,97.74,87.97,Mobile Wallet,28,2,False,West,1265.88
2281,06-15-24,2247,45,Other,Beauty,35.14,1,10,3.51,35.14,31.63,Debit Card,9,3,False,South,734.02
2282,10-18-23,2548,18,Male,Sports,17.4,4,15,10.44,69.6,59.16,Credit Card,2,5,False,West,620.44
2283,03-22-23,4117,32,Female,Books,2.75,6,10,1.65,16.5,14.85,Mobile Wallet,25,1,False,North,455.95
2284,09-14-23,2690,58,Female,Beauty,35.03,7,0,0.0,245.21,245.21,Credit Card,21,1,False,North,619.72
2285,07-21-23,2136,22,Other,Electronics,10.03,5,10,5.01,50.15,45.14,Credit Card,5,4,False,North,1425.18
2286,10-12-24,2256,68,Female,Home & Garden,8.79,6,15,7.91,52.74,44.83,PayPal,26,3,False,West,585.12
2287,07-18-24,3064,34,Male,Clothing,24.26,1,0,0.0,24.26,24.26,Debit Card,8,3,False,South,539.31
2288,10-09-23,1359,49,Male,Books,22.45,5,10,11.22,112.25,101.03,Credit Card,1,4,False,North,2243.39
2289,05-09-23,4294,41,Male,Home & Garden,100.85,2,15,30.26,201.7,171.44,Mobile Wallet,9,4,False,West,970.49
2290,10-02-24,3913,41,Other,Books,41.58,2,15,12.47,83.16,70.69,Mobile Wallet,14,3,False,East,875.21
2291,11-07-23,1699,13,Male,Sports,96.4,1,0,0.0,96.4,96.4,Mobile Wallet,17,4,False,West,1051.95
2292,09-21-24,1447,27,Female,Home & Garden,7.94,9,0,0.0,71.46,71.46,PayPal,5,4,False,North,71.46
2293,06-30-24,3903,52,Other,Clothing,22.1,4,0,0.0,88.4,88.4,Credit Card,8,2,False,North,466.4
2294,04-06-23,3412,29,Male,Sports,40.52,4,15,24.31,162.08,137.77,Mobile Wallet,17,5,False,North,137.77
2295,05-29-24,1674,37,Male,Home & Garden,8.31,9,0,0.0,74.79,74.79,PayPal,21,3,False,North,104.66
2296,10-18-24,2007,11,Female,Books,6.85,5,0,0.0,34.25,34.25,Mobile Wallet,29,5,False,North,1127.3
2297,06-22-23,2349,26,Female,Sports,54.15,4,15,32.49,216.6,184.11,PayPal,12,4,False,West,282.57
2298,08-29-24,3514,51,Other,Clothing,53.04,7,15,55.69,371.28,315.59,Debit Card,19,3,False,West,1871.74
2299,08-17-24,3461,15,Male,Home & Garden,13.34,5,0,0.0,66.7,66.7,Credit Card,8,1,False,South,1936.15
2300,06-07-23,4526,45,Male,Books,12.88,8,0,0.0,103.04,103.04,Mobile Wallet,29,5,False,West,137.08
2301,06-25-23,1585,37,Female,Books,68.41,3,0,0.0,205.23,205.23,PayPal,19,4,False,North,759.48
2302,11-05-24,2256,31,Other,Beauty,6.22,8,15,7.46,49.76,42.3,Credit Card,12,4,False,West,585.12
2303,10-01-24,2247,30,Female,Sports,128.37,6,20,154.04,770.22,616.18,Debit Card,8,5,False,West,734.02
2304,09-11-24,1993,27,Female,Home & Garden,143.89,9,5,64.75,1295.01,1230.26,PayPal,11,1,False,South,1411.25
2305,12-12-23,4902,28,Other,Beauty,102.39,6,10,61.43,614.34,552.91,Mobile Wallet,11,5,False,North,990.36
2306,07-31-24,2435,48,Male,Books,11.83,4,5,2.37,47.32,44.95,Credit Card,15,4,False,South,892.97
2307,02-12-23,1571,28,Male,Sports,0.85,2,15,0.26,1.7,1.44,Debit Card,2,4,False,North,1902.34
2308,01-30-23,3382,62,Male,Electronics,137.99,3,20,82.79,413.97,331.18,Debit Card,26,5,False,North,505.47
2309,03-25-23,2245,39,Other,Books,21.08,7,15,22.13,147.56,125.43,PayPal,3,4,False,East,137.84
2310,02-16-23,3084,26,Other,Sports,18.58,5,0,0.0,92.9,92.9,Debit Card,29,2,False,West,92.9
2311,10-18-24,1988,49,Other,Electronics,15.17,7,10,10.62,106.19,95.57,Mobile Wallet,1,5,False,North,157.52
2312,08-13-24,1277,44,Other,Sports,14.02,7,5,4.91,98.14,93.23,PayPal,1,5,False,East,496.8
2313,09-29-23,2219,10,Other,Books,66.32,6,15,59.69,397.92,338.23,Debit Card,4,4,False,South,883.79
2314,10-28-24,3963,19,Female,Electronics,119.24,2,20,47.7,238.48,190.78,Credit Card,21,4,True,West,1350.6
2315,08-04-23,2887,33,Male,Sports,77.1,5,0,0.0,385.5,385.5,Mobile Wallet,19,3,False,North,1389.3
2316,08-08-24,1483,11,Other,Home & Garden,56.06,6,20,67.27,336.36,269.09,Credit Card,18,5,False,East,355.76
2317,03-02-24,2265,66,Male,Electronics,16.97,8,10,13.58,135.76,122.18,Debit Card,1,5,False,South,122.18
2318,09-24-24,4395,47,Other,Sports,39.59,1,20,7.92,39.59,31.67,Mobile Wallet,19,5,False,South,220.35
2319,10-16-24,1730,34,Male,Home & Garden,13.52,7,20,18.93,94.64,75.71,Credit Card,1,5,False,East,1118.63
2320,02-01-23,3239,29,Female,Electronics,5.91,5,0,0.0,29.55,29.55,Debit Card,26,5,False,West,763.27
2321,05-24-24,2040,26,Male,Sports,6.41,7,20,8.97,44.87,35.9,Mobile Wallet,10,3,False,North,1025.58
2322,10-04-24,3571,5,Male,Books,46.29,3,0,0.0,138.87,138.87,Mobile Wallet,22,4,False,East,336.74
2323,07-12-24,1917,9,Other,Electronics,1.96,4,10,0.78,7.84,7.06,Mobile Wallet,13,4,False,East,239.41
2324,10-24-23,3448,63,Male,Electronics,181.07,2,15,54.32,362.14,307.82,Debit Card,27,4,False,South,545.4
2325,10-19-24,4977,58,Female,Home & Garden,269.81,6,0,0.0,1618.86,1618.86,Debit Card,19,1,False,East,2212.31
2326,11-06-23,1885,26,Female,Beauty,8.09,5,15,6.07,40.45,34.38,Mobile Wallet,28,4,False,West,623.66
2327,05-09-24,3752,48,Female,Beauty,27.87,1,5,1.39,27.87,26.48,Mobile Wallet,20,2,False,South,26.48
2328,09-08-23,1021,42,Other,Sports,73.07,1,20,14.61,73.07,58.46,Mobile Wallet,8,5,False,East,1046.95
2329,12-02-24,1473,44,Other,Books,155.13,8,15,186.16,1241.04,1054.88,Debit Card,26,5,False,East,1438.88
2330,02-20-24,4191,13,Other,Home & Garden,110.97,8,20,177.55,887.76,710.21,PayPal,5,3,True,West,3844.59
2331,11-01-23,3257,7,Other,Electronics,14.7,6,0,0.0,88.2,88.2,Credit Card,11,4,False,North,706.3
2332,04-09-24,3353,52,Other,Beauty,4.45,9,20,8.01,40.05,32.04,Credit Card,21,5,True,North,115.8
2333,03-16-23,4341,5,Female,Home & Garden,17.04,1,10,1.7,17.04,15.34,Credit Card,8,4,False,North,686.14
2334,12-06-24,1703,32,Male,Home & Garden,28.74,8,15,34.49,229.92,195.43,PayPal,26,3,False,South,1808.67
2335,03-03-23,1686,29,Female,Home & Garden,22.31,2,20,8.92,44.62,35.7,Debit Card,26,5,True,North,35.7
2336,06-11-23,1284,28,Other,Electronics,74.33,8,15,89.2,594.64,505.44,Mobile Wallet,28,5,True,North,1907.1
2337,03-26-24,1715,39,Female,Clothing,14.91,3,15,6.71,44.73,38.02,Mobile Wallet,14,4,False,South,66.98
2338,03-01-24,4747,24,Male,Home & Garden,97.82,6,10,58.69,586.92,528.23,PayPal,12,5,False,East,2607.07
2339,05-10-24,1762,40,Other,Clothing,12.79,7,0,0.0,89.53,89.53,Credit Card,11,5,False,South,835.2
2340,04-20-24,2250,37,Female,Beauty,22.42,3,20,13.45,67.26,53.81,Debit Card,13,5,False,North,165.41
2341,07-28-23,1947,66,Female,Books,29.69,2,5,2.97,59.38,56.41,Debit Card,10,3,False,South,505.95
2342,12-15-23,3428,14,Male,Beauty,17.21,1,15,2.58,17.21,14.63,Debit Card,20,3,False,South,1663.21
2343,09-13-24,3507,35,Other,Books,72.7,5,0,0.0,363.5,363.5,Mobile Wallet,29,5,False,North,859.77
2344,05-28-23,2030,41,Other,Books,26.34,1,5,1.32,26.34,25.02,Credit Card,8,5,True,East,751.2
2345,11-17-23,1028,31,Male,Beauty,109.03,1,15,16.35,109.03,92.68,Credit Card,10,4,False,North,468.68
2346,11-23-23,1906,14,Male,Sports,165.64,5,5,41.41,828.2,786.79,PayPal,21,4,False,South,1057.63
2347,12-20-23,4104,53,Male,Electronics,98.24,3,20,58.94,294.72,235.78,Credit Card,6,5,False,North,793.62
2348,02-13-24,4717,40,Male,Clothing,36.97,3,20,22.18,110.91,88.73,Mobile Wallet,1,3,False,East,972.41
2349,05-14-23,3926,15,Other,Sports,35.65,7,15,37.43,249.55,212.12,Mobile Wallet,9,5,False,West,739.32
2350,01-15-24,3126,41,Other,Clothing,12.16,3,15,5.47,36.48,31.01,Debit Card,4,5,False,South,640.74
2351,06-11-24,4999,60,Female,Electronics,44.86,2,20,17.94,89.72,71.78,Debit Card,1,5,False,East,441.36
2352,07-29-24,3994,34,Female,Home & Garden,152.59,3,0,0.0,457.77,457.77,Credit Card,23,4,False,North,1762.42
2353,04-19-23,3506,34,Female,Beauty,4.2,4,5,0.84,16.8,15.96,Debit Card,10,4,True,North,505.98
2354,11-23-23,1569,58,Other,Sports,69.81,9,15,94.24,628.29,534.05,Debit Card,20,5,False,West,1229.75
2355,09-05-23,3006,20,Other,Electronics,101.83,2,15,30.55,203.66,173.11,PayPal,21,4,False,South,535.57
2356,04-22-24,4609,60,Other,Beauty,216.01,6,10,129.61,1296.06,1166.45,Debit Card,27,4,False,North,1823.13
2357,05-06-23,4553,49,Female,Sports,20.38,5,5,5.1,101.9,96.8,Debit Card,7,4,False,East,412.22
2358,10-01-23,2453,21,Male,Books,21.97,6,20,26.36,131.82,105.46,Credit Card,23,2,False,South,105.46
2359,04-05-24,1737,24,Male,Sports,13.05,5,15,9.79,65.25,55.46,Credit Card,25,5,True,West,62.55
2360,09-11-23,4356,27,Male,Home & Garden,77.81,6,15,70.03,466.86,396.83,Debit Card,25,5,False,East,861.11
2361,05-25-23,1515,7,Male,Home & Garden,7.54,4,20,6.03,30.16,24.13,PayPal,7,3,False,West,1269.67
2362,04-10-23,3000,38,Male,Clothing,15.58,8,5,6.23,124.64,118.41,Mobile Wallet,28,5,False,East,209.5
2363,02-21-23,4170,21,Other,Sports,17.5,9,0,0.0,157.5,157.5,Mobile Wallet,26,5,False,South,1449.09
2364,10-25-23,3444,39,Female,Books,23.49,7,20,32.89,164.43,131.54,Mobile Wallet,25,4,False,East,707.64
2365,01-29-24,4560,15,Male,Home & Garden,27.38,1,0,0.0,27.38,27.38,PayPal,5,4,False,South,649.98
2366,09-22-24,1038,48,Male,Clothing,40.94,5,15,30.7,204.7,174.0,Debit Card,2,4,False,South,824.67
2367,03-04-24,4342,46,Male,Books,148.19,7,0,0.0,1037.33,1037.33,Mobile Wallet,9,4,False,East,1473.39
2368,09-12-23,1886,24,Other,Books,14.2,5,0,0.0,71.0,71.0,Debit Card,6,4,False,East,875.18
2369,06-13-23,3844,40,Male,Books,75.53,5,20,75.53,377.65,302.12,Debit Card,22,4,False,South,807.03
2370,12-02-23,3204,36,Female,Electronics,56.41,5,15,42.31,282.05,239.74,Debit Card,9,3,False,North,947.73
2371,08-14-24,2098,57,Other,Home & Garden,6.17,5,5,1.54,30.85,29.31,Mobile Wallet,15,5,False,North,1495.52
2372,11-17-23,3931,19,Other,Electronics,83.14,5,10,41.57,415.7,374.13,PayPal,13,5,True,East,490.08
2373,07-14-23,2823,32,Other,Electronics,4.75,1,0,0.0,4.75,4.75,PayPal,15,5,False,North,629.58
2374,06-13-23,4201,25,Male,Home & Garden,67.15,6,15,60.44,402.9,342.46,PayPal,1,2,False,North,1797.38
2375,05-25-24,2710,35,Male,Sports,62.9,6,10,37.74,377.4,339.66,PayPal,15,2,False,South,3861.17
2376,06-11-24,1973,42,Male,Beauty,58.46,8,5,23.38,467.68,444.3,Debit Card,18,4,False,South,1329.81
2377,04-23-24,4155,25,Male,Clothing,16.2,5,10,8.1,81.0,72.9,Mobile Wallet,11,3,False,North,231.04
2378,05-25-24,4093,29,Female,Beauty,42.59,2,5,4.26,85.18,80.92,PayPal,3,5,False,West,141.68
2379,11-12-23,4530,49,Other,Beauty,71.69,7,10,50.18,501.83,451.65,PayPal,1,3,False,East,1279.59
2380,05-24-24,2562,55,Male,Beauty,50.75,1,5,2.54,50.75,48.21,PayPal,4,4,False,West,48.21
2381,01-24-23,4778,42,Female,Beauty,81.56,5,0,0.0,407.8,407.8,Credit Card,2,5,False,West,2092.57
2382,04-03-23,3896,32,Other,Home & Garden,58.22,5,10,29.11,291.1,261.99,Debit Card,16,4,False,West,2182.11
2383,02-07-24,4453,31,Other,Beauty,16.04,3,5,2.41,48.12,45.71,PayPal,19,4,False,North,2068.77
2384,06-01-24,3795,43,Other,Clothing,8.31,2,15,2.49,16.62,14.13,Debit Card,16,5,False,South,959.03
2385,04-13-24,4511,38,Male,Sports,49.98,4,20,39.98,199.92,159.94,Debit Card,12,5,False,North,344.88
2386,09-04-23,4675,10,Other,Home & Garden,71.31,7,10,49.92,499.17,449.25,Debit Card,8,3,False,West,785.58
2387,08-09-23,1988,43,Male,Beauty,7.68,3,10,2.3,23.04,20.74,Credit Card,27,5,False,North,157.52
2388,08-20-24,1020,22,Female,Books,9.61,6,10,5.77,57.66,51.89,Credit Card,4,4,False,East,58.69
2389,12-28-23,3350,13,Other,Home & Garden,0.61,7,10,0.43,4.27,3.84,PayPal,16,4,False,West,437.85
2390,02-19-23,1868,9,Female,Sports,37.94,2,20,15.18,75.88,60.7,Debit Card,9,3,False,North,586.44
2391,02-21-23,1083,31,Male,Beauty,39.08,3,10,11.72,117.24,105.52,Credit Card,22,5,False,South,180.52
2392,10-16-23,4845,19,Male,Electronics,34.66,9,0,0.0,311.94,311.94,Mobile Wallet,15,2,False,West,1128.75
2393,05-21-24,2682,0,Male,Home & Garden,18.99,1,0,0.0,18.99,18.99,Mobile Wallet,12,4,False,South,1868.4
2394,09-03-24,2976,29,Other,Books,27.91,8,15,33.49,223.28,189.79,Debit Card,17,5,False,East,305.53
2395,10-31-24,4524,27,Other,Home & Garden,72.67,1,20,14.53,72.67,58.14,Mobile Wallet,22,5,False,East,1368.12
2396,11-19-24,2410,32,Female,Electronics,10.03,3,15,4.51,30.09,25.58,PayPal,23,5,False,North,1211.92
2397,04-26-24,2530,25,Male,Home & Garden,11.25,6,0,0.0,67.5,67.5,Mobile Wallet,28,4,False,North,670.63
2398,10-20-23,4328,62,Female,Books,54.98,8,10,43.98,439.84,395.86,Mobile Wallet,15,2,False,East,395.86
2399,07-03-24,1569,42,Male,Sports,100.83,7,10,70.58,705.81,635.23,Mobile Wallet,4,3,False,West,1229.75
2400,01-09-23,4963,27,Male,Books,20.81,3,5,3.12,62.43,59.31,Debit Card,8,1,False,West,950.17
2401,04-21-23,1933,34,Female,Sports,134.96,6,20,161.95,809.76,647.81,Credit Card,28,4,False,West,1132.51
2402,03-17-24,4598,56,Male,Books,2.97,1,5,0.15,2.97,2.82,Mobile Wallet,26,5,False,East,545.25
2403,05-18-23,4233,49,Female,Clothing,6.31,8,20,10.1,50.48,40.38,Mobile Wallet,3,4,False,South,112.28
2404,09-28-23,2980,14,Other,Home & Garden,30.81,9,20,55.46,277.29,221.83,Debit Card,7,4,False,South,221.83
2405,01-10-24,4234,20,Female,Home & Garden,64.27,9,10,57.84,578.43,520.59,PayPal,7,4,False,West,1780.42
2406,02-17-24,2855,23,Female,Electronics,23.17,4,10,9.27,92.68,83.41,PayPal,15,2,True,North,2514.91
2407,01-10-24,4056,28,Male,Clothing,40.46,4,15,24.28,161.84,137.56,Credit Card,20,4,False,North,600.39
2408,02-16-23,1792,26,Female,Electronics,1.45,7,0,0.0,10.15,10.15,Debit Card,17,4,False,East,814.67
2409,02-15-24,1791,35,Other,Home & Garden,30.98,7,0,0.0,216.86,216.86,Credit Card,28,5,False,North,1398.66
2410,02-22-23,4595,46,Other,Electronics,13.89,6,10,8.33,83.34,75.01,Mobile Wallet,10,4,False,East,190.43
2411,08-06-24,2809,48,Other,Sports,36.32,7,0,0.0,254.24,254.24,Credit Card,16,5,False,East,259.12
2412,07-29-24,2294,30,Other,Clothing,37.31,1,20,7.46,37.31,29.85,Credit Card,16,5,False,North,236.36
2413,07-19-23,3539,10,Female,Books,69.95,9,0,0.0,629.55,629.55,Mobile Wallet,26,4,False,North,885.1
2414,01-07-24,3255,19,Other,Sports,38.81,6,15,34.93,232.86,197.93,Credit Card,22,5,False,West,984.03
2415,07-20-24,4610,27,Female,Beauty,47.63,8,0,0.0,381.04,381.04,Credit Card,15,4,False,West,555.99
2416,10-23-23,2607,16,Female,Books,37.71,5,0,0.0,188.55,188.55,Mobile Wallet,26,5,False,North,1719.39
2417,03-17-23,2083,52,Male,Electronics,232.18,7,15,243.79,1625.26,1381.47,Mobile Wallet,28,1,False,West,2687.76
2418,01-31-24,3477,17,Female,Home & Garden,78.42,3,15,35.29,235.26,199.97,Mobile Wallet,28,5,False,West,455.57
2419,05-31-24,1984,44,Female,Sports,70.46,1,10,7.05,70.46,63.41,Credit Card,12,5,False,South,1191.75
2420,04-06-24,2680,9,Male,Clothing,49.34,7,15,51.81,345.38,293.57,Mobile Wallet,7,3,False,West,783.81
2421,07-17-24,4676,44,Other,Books,37.58,5,10,18.79,187.9,169.11,Debit Card,3,2,False,West,496.69
2422,10-14-23,4380,32,Other,Beauty,21.14,1,20,4.23,21.14,16.91,Credit Card,28,1,False,West,494.88
2423,09-30-24,1519,57,Female,Sports,76.62,9,5,34.48,689.58,655.1,Mobile Wallet,21,2,False,South,1317.11
2424,11-27-24,1590,18,Male,Home & Garden,10.51,9,0,0.0,94.59,94.59,Credit Card,24,4,False,West,107.07
2425,09-17-24,2050,26,Female,Clothing,1.86,6,15,1.67,11.16,9.49,Debit Card,23,5,False,South,318.51
2426,05-02-23,2709,29,Female,Clothing,59.89,9,0,0.0,539.01,539.01,Mobile Wallet,2,2,False,West,539.73
2427,05-12-23,4633,32,Other,Books,7.82,7,20,10.95,54.74,43.79,Mobile Wallet,4,2,False,East,303.88
2428,04-10-23,3035,29,Male,Sports,117.08,8,5,46.83,936.64,889.81,PayPal,23,1,True,East,1136.43
2429,02-08-24,3246,30,Female,Sports,73.63,2,15,22.09,147.26,125.17,Debit Card,27,3,False,West,435.27
2430,01-18-24,3434,29,Other,Clothing,46.1,2,10,9.22,92.2,82.98,Debit Card,25,5,False,South,1276.0
2431,12-14-23,1348,3,Female,Electronics,18.84,4,10,7.54,75.36,67.82,PayPal,23,3,False,North,320.16
2432,07-25-24,1959,49,Other,Clothing,50.8,1,15,7.62,50.8,43.18,Debit Card,8,4,False,East,1191.82
2433,01-10-24,2963,77,Male,Home & Garden,32.39,8,15,38.87,259.12,220.25,Mobile Wallet,10,3,False,North,459.33
2434,05-28-23,1692,39,Female,Sports,17.21,5,20,17.21,86.05,68.84,PayPal,12,2,False,North,423.83
2435,07-23-23,2559,17,Male,Books,145.09,7,5,50.78,1015.63,964.85,Credit Card,12,3,False,East,964.85
2436,09-08-24,4899,19,Other,Sports,8.83,2,15,2.65,17.66,15.01,Mobile Wallet,9,3,False,East,541.16
2437,06-05-24,1377,44,Male,Clothing,70.0,5,10,35.0,350.0,315.0,Debit Card,11,2,False,North,376.1
2438,02-16-24,3946,40,Male,Home & Garden,80.48,9,5,36.22,724.32,688.1,PayPal,13,5,True,South,1973.54
2439,05-27-24,3963,30,Male,Electronics,151.61,9,15,204.67,1364.49,1159.82,Credit Card,1,4,False,East,1350.6
2440,02-11-23,4629,46,Female,Sports,39.86,2,5,3.99,79.72,75.73,PayPal,3,4,False,West,1010.19
2441,02-16-23,1526,4,Other,Clothing,38.27,2,20,15.31,76.54,61.23,Mobile Wallet,22,4,False,East,179.07
2442,02-09-23,4224,46,Male,Beauty,126.47,5,15,94.85,632.35,537.5,Mobile Wallet,24,3,True,West,837.56
2443,05-21-23,3781,38,Female,Clothing,80.75,3,15,36.34,242.25,205.91,PayPal,11,2,False,East,278.47
2444,12-31-24,3253,20,Other,Clothing,72.12,1,5,3.61,72.12,68.51,PayPal,15,2,False,West,1611.22
2445,12-08-23,3502,13,Other,Home & Garden,77.83,1,15,11.67,77.83,66.16,Debit Card,7,3,False,West,757.15
2446,04-30-24,4344,36,Other,Clothing,33.98,5,5,8.49,169.9,161.41,Mobile Wallet,28,5,True,South,1520.91
2447,06-15-24,4965,56,Male,Clothing,2.12,3,5,0.32,6.36,6.04,Credit Card,16,3,False,South,14.08
2448,04-12-24,2259,31,Male,Clothing,11.05,9,15,14.92,99.45,84.53,PayPal,6,4,False,North,606.16
2449,06-02-23,2875,22,Male,Sports,51.5,3,10,15.45,154.5,139.05,Credit Card,20,4,False,East,652.6
2450,09-12-24,2763,37,Other,Clothing,25.22,3,20,15.13,75.66,60.53,PayPal,24,4,True,East,197.32
2451,06-11-24,1520,62,Other,Home & Garden,46.67,3,5,7.0,140.01,133.01,Mobile Wallet,10,5,False,East,1558.53
2452,05-24-23,2701,41,Male,Beauty,40.11,1,10,4.01,40.11,36.1,PayPal,4,3,False,South,392.1
2453,12-02-23,2016,43,Male,Sports,28.87,3,5,4.33,86.61,82.28,Debit Card,6,4,False,East,2013.27
2454,09-19-24,4003,53,Other,Beauty,13.38,5,10,6.69,66.9,60.21,Credit Card,12,5,False,East,235.7
2455,11-23-23,4902,42,Other,Clothing,63.46,8,15,76.15,507.68,431.53,PayPal,3,4,False,North,990.36
2456,06-16-23,3773,23,Female,Electronics,119.87,7,20,167.82,839.09,671.27,Mobile Wallet,28,5,False,South,2324.83
2457,02-07-24,2013,8,Female,Beauty,73.48,4,10,29.39,293.92,264.53,PayPal,12,4,False,North,655.6
2458,09-23-24,3548,21,Male,Home & Garden,6.39,4,0,0.0,25.56,25.56,Credit Card,23,5,False,East,88.62
2459,11-03-23,1116,18,Other,Electronics,38.6,4,5,7.72,154.4,146.68,Mobile Wallet,16,4,False,North,1302.17
2460,08-30-24,3433,44,Other,Home & Garden,90.2,8,10,72.16,721.6,649.44,PayPal,12,5,False,East,2363.52
2461,12-11-23,2367,46,Female,Electronics,44.7,8,20,71.52,357.6,286.08,Debit Card,15,4,False,East,1332.5
2462,06-03-24,1583,37,Other,Clothing,28.95,2,20,11.58,57.9,46.32,Debit Card,22,5,False,North,385.9
2463,06-05-24,1394,15,Male,Electronics,16.74,7,20,23.44,117.18,93.74,Debit Card,23,4,False,North,333.01
2464,06-29-24,2087,61,Female,Beauty,20.05,5,10,10.02,100.25,90.23,Mobile Wallet,21,5,True,West,90.23
2465,05-16-24,4788,28,Other,Electronics,13.86,2,10,2.77,27.72,24.95,PayPal,21,5,False,East,24.95
2466,12-26-24,3768,44,Other,Home & Garden,10.89,3,15,4.9,32.67,27.77,Mobile Wallet,18,5,False,West,696.94
2467,07-30-24,1071,35,Male,Clothing,44.44,7,0,0.0,311.08,311.08,Debit Card,16,1,False,South,1120.35
2468,11-03-23,4860,38,Other,Home & Garden,35.6,6,10,21.36,213.6,192.24,Mobile Wallet,6,3,False,West,224.8
2469,05-01-24,1273,43,Female,Clothing,66.37,6,15,59.73,398.22,338.49,PayPal,17,5,True,South,939.46
2470,01-18-23,3013,24,Female,Beauty,18.4,7,5,6.44,128.8,122.36,Debit Card,23,4,False,West,122.36
2471,01-13-24,2343,54,Other,Books,30.89,6,0,0.0,185.34,185.34,Mobile Wallet,3,5,False,West,750.71
2472,12-06-23,1337,11,Other,Sports,57.03,2,20,22.81,114.06,91.25,Credit Card,18,5,False,West,2592.33
2473,11-20-24,2389,19,Other,Beauty,165.16,8,0,0.0,1321.28,1321.28,Debit Card,11,3,False,North,1575.66
2474,04-23-23,4566,54,Other,Beauty,21.45,7,5,7.51,150.15,142.64,Credit Card,23,4,False,South,329.72
2475,03-02-24,1606,43,Female,Sports,17.71,6,10,10.63,106.26,95.63,Debit Card,25,3,False,West,266.4
2476,08-20-24,1165,73,Male,Home & Garden,29.83,5,10,14.92,149.15,134.23,PayPal,17,3,False,West,1468.22
2477,11-12-23,2567,36,Female,Beauty,64.34,6,15,57.91,386.04,328.13,Mobile Wallet,6,5,False,South,1230.31
2478,12-05-24,3058,60,Other,Clothing,162.92,3,10,48.88,488.76,439.88,Credit Card,24,3,True,West,480.07
2479,10-06-24,2324,7,Other,Electronics,38.45,2,10,7.69,76.9,69.21,Credit Card,18,4,False,East,609.9
2480,01-28-23,1728,13,Female,Beauty,83.68,9,0,0.0,753.12,753.12,Mobile Wallet,5,5,True,North,1744.79
2481,09-03-24,3848,48,Female,Sports,31.22,1,5,1.56,31.22,29.66,PayPal,16,4,False,North,265.36
2482,04-30-24,3043,8,Other,Beauty,2.03,2,20,0.81,4.06,3.25,Credit Card,29,5,True,North,267.94
2483,09-29-23,1101,32,Female,Home & Garden,112.32,1,20,22.46,112.32,89.86,Mobile Wallet,29,4,False,West,401.68
2484,11-02-24,4496,52,Other,Home & Garden,17.12,8,15,20.54,136.96,116.42,Credit Card,28,3,False,North,157.82
2485,08-15-24,2415,42,Female,Home & Garden,7.46,4,5,1.49,29.84,28.35,PayPal,20,4,False,East,1003.16
2486,08-14-24,1778,35,Other,Clothing,278.13,6,0,0.0,1668.78,1668.78,Credit Card,10,2,False,East,2028.64
2487,08-22-23,1213,28,Female,Beauty,21.34,5,20,21.34,106.7,85.36,Credit Card,28,5,False,South,161.37
2488,02-22-23,4762,38,Other,Home & Garden,7.34,8,15,8.81,58.72,49.91,PayPal,16,4,False,West,89.8
2489,08-20-24,2111,43,Male,Books,18.67,7,10,13.07,130.69,117.62,Credit Card,3,5,False,North,2569.22
2490,05-06-24,2576,25,Male,Electronics,36.06,1,10,3.61,36.06,32.45,Mobile Wallet,10,4,False,East,343.58
2491,06-24-23,3448,40,Female,Home & Garden,4.6,8,0,0.0,36.8,36.8,PayPal,24,5,False,East,545.4
2492,06-20-24,3635,51,Male,Clothing,21.74,4,20,17.39,86.96,69.57,Credit Card,18,3,False,West,568.48
2493,10-06-24,3936,31,Other,Electronics,55.26,7,10,38.68,386.82,348.14,PayPal,16,5,False,North,635.81
2494,09-26-24,4117,36,Female,Electronics,123.81,3,15,55.71,371.43,315.72,Debit Card,17,2,False,South,455.95
2495,01-25-24,2695,42,Female,Sports,25.33,2,15,7.6,50.66,43.06,Mobile Wallet,17,4,False,South,731.86
2496,06-01-23,4534,43,Other,Home & Garden,41.57,1,20,8.31,41.57,33.26,Credit Card,10,5,False,West,627.01
2497,11-28-24,1591,48,Other,Home & Garden,50.54,5,0,0.0,252.7,252.7,Mobile Wallet,5,5,False,East,252.7
2498,09-06-23,2333,19,Other,Beauty,3.67,3,15,1.65,11.01,9.36,Credit Card,25,5,False,East,164.98
2499,02-02-23,2109,27,Female,Clothing,20.94,3,5,3.14,62.82,59.68,Debit Card,4,4,False,West,64.07
2500,08-09-24,3139,27,Other,Books,57.64,8,15,69.17,461.12,391.95,Debit Card,15,5,False,West,1303.35
2501,12-18-24,4731,21,Male,Beauty,66.53,1,0,0.0,66.53,66.53,Mobile Wallet,16,4,False,West,1352.1
2502,04-23-23,3720,8,Female,Books,22.0,2,15,6.6,44.0,37.4,Mobile Wallet,23,4,False,North,120.87
2503,07-15-23,1713,-13,Other,Sports,0.34,1,10,0.03,0.34,0.31,PayPal,18,5,False,North,515.02
2504,01-20-23,1935,52,Female,Books,0.34,7,0,0.0,2.38,2.38,Credit Card,19,5,False,South,1746.6
2505,03-27-24,2951,11,Male,Clothing,38.62,4,10,15.45,154.48,139.03,Credit Card,10,5,False,West,302.19
2506,11-18-23,1241,58,Male,Sports,40.09,3,10,12.03,120.27,108.24,Mobile Wallet,11,5,False,West,2120.47
2507,03-04-24,3043,46,Other,Home & Garden,40.56,3,20,24.34,121.68,97.34,PayPal,9,3,False,East,267.94
2508,06-05-23,4936,28,Female,Books,63.96,3,0,0.0,191.88,191.88,Debit Card,5,5,False,South,191.88
2509,02-27-24,1001,44,Other,Clothing,127.09,2,10,25.42,254.18,228.76,Credit Card,6,3,False,South,765.88
2510,12-08-24,3272,41,Female,Clothing,231.12,5,20,231.12,1155.6,924.48,Debit Card,3,4,False,West,924.48
2511,07-28-23,3848,18,Other,Home & Garden,60.38,1,20,12.08,60.38,48.3,PayPal,13,5,False,South,265.36
2512,02-25-24,2768,34,Other,Clothing,36.08,5,10,18.04,180.4,162.36,Credit Card,6,5,False,South,598.97
2513,05-28-24,2949,20,Female,Sports,7.6,8,10,6.08,60.8,54.72,PayPal,11,3,False,East,54.72
2514,09-18-24,3636,44,Female,Sports,24.24,7,5,8.48,169.68,161.2,PayPal,29,5,False,South,426.6
2515,04-27-24,3163,24,Male,Beauty,42.48,3,0,0.0,127.44,127.44,Credit Card,16,2,False,West,327.19
2516,03-05-23,4737,33,Male,Electronics,428.03,9,20,770.45,3852.27,3081.82,Debit Card,11,1,False,East,3462.92
2517,12-23-24,1917,32,Female,Home & Garden,6.79,7,0,0.0,47.53,47.53,Debit Card,10,5,False,West,239.41
2518,05-22-23,4174,36,Male,Clothing,78.77,1,20,15.75,78.77,63.02,PayPal,16,5,True,East,137.64
2519,06-15-24,3241,59,Male,Books,342.48,6,15,308.23,2054.88,1746.65,Mobile Wallet,24,5,False,North,2956.18
2520,08-01-23,4237,31,Female,Beauty,81.81,4,15,49.09,327.24,278.15,PayPal,14,5,False,West,814.99
2521,07-28-24,3918,53,Female,Sports,72.87,6,20,87.44,437.22,349.78,Debit Card,16,2,False,South,410.2
2522,11-29-23,1089,42,Female,Home & Garden,14.97,3,5,2.25,44.91,42.66,PayPal,26,2,False,South,2351.82
2523,11-09-24,2709,56,Other,Home & Garden,0.17,5,15,0.13,0.85,0.72,PayPal,17,5,False,East,539.73
2524,05-04-24,3169,29,Female,Sports,12.81,3,0,0.0,38.43,38.43,Credit Card,26,5,True,South,1007.65
2525,06-22-24,1142,45,Female,Electronics,77.98,7,10,54.59,545.86,491.27,PayPal,24,5,False,South,1207.51
2526,01-21-24,4041,34,Female,Home & Garden,5.67,5,0,0.0,28.35,28.35,Mobile Wallet,8,5,True,South,77.02
2527,11-18-23,1105,-9,Male,Clothing,17.56,4,0,0.0,70.24,70.24,Mobile Wallet,23,5,True,North,223.62
2528,06-27-23,1886,18,Female,Books,41.33,7,0,0.0,289.31,289.31,Mobile Wallet,4,5,False,West,875.18
2529,04-15-24,1427,43,Male,Books,43.35,7,20,60.69,303.45,242.76,Mobile Wallet,17,4,False,East,251.62
2530,06-29-24,2328,42,Other,Sports,39.15,9,20,70.47,352.35,281.88,PayPal,10,2,False,East,281.88
2531,12-17-23,2895,15,Female,Home & Garden,197.86,3,0,0.0,593.58,593.58,Mobile Wallet,2,5,False,West,1419.48
2532,07-13-24,2994,38,Female,Books,0.62,8,10,0.5,4.96,4.46,Mobile Wallet,12,5,False,North,986.44
2533,12-29-23,1316,42,Male,Home & Garden,33.43,7,5,11.7,234.01,222.31,Credit Card,29,4,False,West,222.31
2534,11-23-24,2986,34,Other,Sports,35.1,9,5,15.8,315.9,300.1,Debit Card,26,2,False,East,1096.52
2535,11-28-24,1634,45,Female,Electronics,17.36,2,15,5.21,34.72,29.51,Credit Card,19,2,False,South,87.03
2536,10-20-24,2925,43,Other,Books,37.23,6,15,33.51,223.38,189.87,Mobile Wallet,21,2,False,South,444.74
2537,12-10-24,3056,34,Other,Clothing,55.93,5,10,27.96,279.65,251.69,Debit Card,19,5,False,South,746.11
2538,09-28-23,3821,27,Female,Beauty,55.85,3,0,0.0,167.55,167.55,Credit Card,29,4,False,North,437.26
2539,09-16-24,4144,50,Other,Sports,4.6,7,20,6.44,32.2,25.76,PayPal,8,4,False,North,993.31
2540,05-10-24,4430,41,Other,Beauty,81.09,5,15,60.82,405.45,344.63,Debit Card,6,4,True,North,1858.03
2541,07-16-23,3270,14,Female,Electronics,133.47,6,0,0.0,800.82,800.82,Credit Card,19,3,False,South,800.82
2542,09-10-23,2439,38,Male,Clothing,6.6,4,5,1.32,26.4,25.08,Credit Card,18,5,False,East,550.43
2543,10-13-23,1552,17,Female,Beauty,26.95,7,10,18.86,188.65,169.79,Mobile Wallet,14,4,False,North,402.96
2544,07-25-24,4441,20,Other,Clothing,35.85,7,20,50.19,250.95,200.76,Debit Card,3,5,False,West,421.5
2545,11-02-23,1715,25,Female,Books,7.24,5,20,7.24,36.2,28.96,Mobile Wallet,18,4,False,South,66.98
2546,08-19-23,2287,35,Male,Home & Garden,35.0,7,15,36.75,245.0,208.25,Debit Card,28,2,False,South,317.99
2547,11-01-23,4911,40,Other,Sports,11.59,7,0,0.0,81.13,81.13,Mobile Wallet,19,3,False,South,652.76
2548,10-23-23,2713,28,Other,Clothing,136.95,8,20,219.12,1095.6,876.48,Debit Card,25,5,False,South,876.48
2549,12-22-24,2883,29,Male,Books,29.75,1,5,1.49,29.75,28.26,Debit Card,15,3,True,East,53.46
2550,08-01-23,4389,27,Male,Electronics,263.94,4,5,52.79,1055.76,1002.97,Credit Card,16,2,False,South,1241.15
2551,12-07-24,2107,50,Other,Clothing,2.38,1,10,0.24,2.38,2.14,Mobile Wallet,17,3,False,South,649.66
2552,12-22-24,2341,-7,Male,Electronics,6.82,3,10,2.05,20.46,18.41,Debit Card,3,5,False,East,349.16
2553,05-15-24,1110,30,Female,Sports,29.28,8,5,11.71,234.24,222.53,Debit Card,23,4,True,West,354.62
2554,11-21-23,1250,58,Male,Books,103.72,7,5,36.3,726.04,689.74,Debit Card,18,4,False,West,1551.61
2555,05-06-24,3430,42,Female,Electronics,40.51,3,0,0.0,121.53,121.53,PayPal,13,4,False,East,411.78
2556,12-24-23,3054,54,Other,Home & Garden,65.9,4,20,52.72,263.6,210.88,Debit Card,12,5,False,South,612.37
2557,07-27-24,1458,4,Other,Beauty,27.54,2,0,0.0,55.08,55.08,PayPal,19,5,False,North,109.57
2558,10-08-23,2107,16,Other,Electronics,2.07,2,10,0.41,4.14,3.73,Debit Card,22,4,False,North,649.66
2559,10-22-23,1207,42,Other,Electronics,52.18,5,10,26.09,260.9,234.81,Debit Card,28,5,False,South,1076.31
2560,05-05-23,1899,58,Other,Books,50.26,2,10,10.05,100.52,90.47,Credit Card,2,3,False,East,582.88
2561,08-10-24,4461,17,Male,Books,3.71,7,20,5.19,25.97,20.78,Credit Card,1,4,False,South,877.95
2562,11-23-24,4385,29,Male,Clothing,9.37,1,15,1.41,9.37,7.96,Credit Card,10,5,False,South,1365.6
2563,07-10-24,1021,41,Other,Beauty,32.33,9,10,29.1,290.97,261.87,Credit Card,18,3,False,East,1046.95
2564,01-24-24,1409,13,Male,Electronics,29.59,1,10,2.96,29.59,26.63,Mobile Wallet,27,3,False,East,65.96
2565,02-09-24,1894,42,Male,Electronics,69.8,1,0,0.0,69.8,69.8,Debit Card,12,5,False,North,1849.0
2566,12-20-23,1514,-5,Other,Books,24.5,9,0,0.0,220.5,220.5,PayPal,13,3,True,North,1420.15
2567,05-30-23,4198,42,Male,Home & Garden,54.43,7,15,57.15,381.01,323.86,Debit Card,4,2,False,South,1525.73
2568,10-25-23,1808,20,Other,Books,60.94,4,15,36.56,243.76,207.2,Debit Card,21,5,False,East,257.3
2569,02-13-23,4771,28,Other,Home & Garden,51.78,3,15,23.3,155.34,132.04,Debit Card,1,3,False,West,813.49
2570,10-22-23,1873,44,Other,Beauty,45.33,5,15,34.0,226.65,192.65,Credit Card,4,4,False,South,285.24
2571,03-22-23,1013,41,Other,Books,81.91,2,0,0.0,163.82,163.82,Debit Card,21,2,False,West,185.74
2572,12-21-23,1970,34,Male,Beauty,53.52,6,10,32.11,321.12,289.01,Debit Card,20,2,False,South,293.81
2573,03-28-24,4025,49,Male,Sports,89.84,6,0,0.0,539.04,539.04,Mobile Wallet,18,4,False,East,578.24
2574,11-02-24,4061,9,Female,Electronics,50.62,1,5,2.53,50.62,48.09,Mobile Wallet,17,4,False,North,357.77
2575,09-20-23,4083,38,Female,Beauty,8.66,9,5,3.9,77.94,74.04,PayPal,20,4,False,South,301.85
2576,05-05-24,3134,23,Other,Home & Garden,18.51,1,10,1.85,18.51,16.66,Mobile Wallet,14,5,False,East,266.34
2577,08-08-23,4595,48,Female,Sports,20.05,6,15,18.05,120.3,102.25,Credit Card,2,4,False,North,190.43
2578,07-26-23,3956,45,Male,Home & Garden,4.93,7,10,3.45,34.51,31.06,Mobile Wallet,14,5,False,North,780.97
2579,07-05-24,2560,45,Male,Clothing,58.93,8,5,23.57,471.44,447.87,PayPal,10,2,False,East,1202.68
2580,10-05-23,2324,59,Female,Clothing,45.21,2,10,9.04,90.42,81.38,PayPal,25,5,False,East,609.9
2581,07-29-24,2266,51,Female,Electronics,44.55,8,15,53.46,356.4,302.94,Mobile Wallet,20,5,False,East,302.94
2582,12-13-24,3169,32,Male,Sports,32.55,2,0,0.0,65.1,65.1,Debit Card,3,4,True,West,1007.65
2583,10-06-23,4218,34,Female,Sports,39.17,2,15,11.75,78.34,66.59,PayPal,15,3,False,West,500.39
2584,05-21-23,4638,44,Male,Clothing,0.41,9,0,0.0,3.69,3.69,Mobile Wallet,7,4,False,South,726.0
2585,04-22-23,1749,37,Male,Electronics,5.06,7,5,1.77,35.42,33.65,Mobile Wallet,27,3,False,South,33.65
2586,09-22-24,4427,45,Female,Beauty,57.5,8,20,92.0,460.0,368.0,Mobile Wallet,15,5,True,East,929.41
2587,08-23-24,1684,1,Female,Clothing,15.15,1,10,1.52,15.15,13.63,PayPal,19,4,False,South,3778.81
2588,09-03-23,2927,63,Other,Sports,5.71,6,20,6.85,34.26,27.41,Debit Card,26,4,False,South,108.11
2589,09-06-23,4804,35,Other,Home & Garden,19.92,1,15,2.99,19.92,16.93,Credit Card,12,3,False,West,214.78
2590,02-21-23,4702,10,Other,Sports,14.68,5,0,0.0,73.4,73.4,Mobile Wallet,24,3,False,East,1734.64
2591,11-16-24,3356,21,Other,Electronics,1.49,2,15,0.45,2.98,2.53,Debit Card,21,5,False,South,2.53
2592,06-27-24,1694,3,Other,Sports,26.43,9,15,35.68,237.87,202.19,Credit Card,4,4,False,East,565.33
2593,08-20-23,3335,18,Male,Books,1.37,3,5,0.21,4.11,3.9,Mobile Wallet,1,4,False,South,10.74
2594,10-15-24,1306,32,Female,Sports,0.02,7,15,0.02,0.14,0.12,PayPal,5,3,False,West,206.45
2595,08-27-23,4883,57,Male,Books,78.62,2,10,15.72,157.24,141.52,Credit Card,9,3,False,East,217.62
2596,02-23-23,4665,41,Other,Clothing,18.91,4,5,3.78,75.64,71.86,Debit Card,8,1,True,South,216.69
2597,04-13-23,2989,38,Other,Beauty,41.92,3,20,25.15,125.76,100.61,Credit Card,14,5,False,North,333.16
2598,02-28-24,3961,17,Female,Books,17.67,1,15,2.65,17.67,15.02,Debit Card,14,5,False,West,218.32
2599,12-05-23,4794,22,Male,Sports,132.98,6,20,159.58,797.88,638.3,Debit Card,4,5,False,North,638.3
2600,04-28-24,1661,23,Other,Beauty,65.32,5,10,32.66,326.6,293.94,Debit Card,25,4,False,East,2323.02
2601,04-13-23,1548,24,Other,Beauty,23.04,6,10,13.82,138.24,124.42,Mobile Wallet,7,5,False,West,572.1
2602,11-28-24,4423,29,Other,Sports,11.83,1,10,1.18,11.83,10.65,Credit Card,2,3,False,West,757.06
2603,05-21-23,1311,30,Other,Sports,7.41,8,20,11.86,59.28,47.42,PayPal,11,4,False,South,47.42
2604,01-06-23,3920,29,Male,Electronics,71.86,4,20,57.49,287.44,229.95,Mobile Wallet,7,3,False,East,701.07
2605,07-17-24,2082,24,Male,Clothing,30.17,7,0,0.0,211.19,211.19,PayPal,20,5,True,North,1245.16
2606,06-11-23,4714,37,Other,Books,13.2,8,5,5.28,105.6,100.32,PayPal,29,4,False,North,436.78
2607,02-21-24,3971,30,Male,Home & Garden,126.05,3,15,56.72,378.15,321.43,Credit Card,21,4,False,North,518.45
2608,10-30-24,2737,11,Other,Books,24.72,4,5,4.94,98.88,93.94,Mobile Wallet,17,5,False,West,93.94
2609,05-02-24,1754,35,Female,Sports,39.21,9,10,35.29,352.89,317.6,Credit Card,27,5,True,North,446.23
2610,05-03-24,1034,33,Female,Home & Garden,97.53,9,15,131.67,877.77,746.1,Mobile Wallet,15,5,False,West,1022.57
2611,10-28-24,1444,11,Female,Home & Garden,89.6,7,0,0.0,627.2,627.2,Mobile Wallet,4,4,False,North,745.28
2612,07-24-23,3140,26,Male,Books,50.8,3,5,7.62,152.4,144.78,Credit Card,2,4,True,South,1588.24
2613,10-22-23,2982,43,Other,Books,109.74,4,10,43.9,438.96,395.06,Mobile Wallet,9,5,False,East,1136.08
2614,11-25-23,2230,17,Female,Books,151.93,7,15,159.53,1063.51,903.98,Credit Card,28,4,False,East,1573.65
2615,10-20-23,1352,16,Female,Books,136.76,6,15,123.08,820.56,697.48,Debit Card,12,4,True,South,782.55
2616,10-23-24,1902,30,Male,Clothing,21.46,6,10,12.88,128.76,115.88,Debit Card,24,4,False,South,125.24
2617,03-02-23,2355,44,Male,Electronics,25.31,4,20,20.25,101.24,80.99,PayPal,19,5,False,West,787.18
2618,04-02-23,4888,62,Female,Electronics,13.76,8,5,5.5,110.08,104.58,Credit Card,23,4,False,East,1092.67
2619,10-29-24,3909,44,Other,Books,90.65,9,15,122.38,815.85,693.47,PayPal,23,5,False,North,1116.25
2620,08-10-24,2748,51,Other,Electronics,6.5,7,20,9.1,45.5,36.4,Mobile Wallet,29,3,False,South,366.48
2621,08-26-23,1158,40,Other,Books,21.93,8,0,0.0,175.44,175.44,Debit Card,22,3,False,South,185.87
2622,07-01-24,2977,24,Female,Books,0.49,2,15,0.15,0.98,0.83,Credit Card,19,4,False,West,52.04
2623,02-08-23,1956,44,Male,Books,45.15,4,15,27.09,180.6,153.51,PayPal,25,4,True,West,2448.54
2624,06-29-23,3071,33,Other,Beauty,53.7,3,0,0.0,161.1,161.1,Mobile Wallet,25,1,False,East,161.1
2625,03-03-24,1403,40,Female,Clothing,14.32,6,0,0.0,85.92,85.92,Mobile Wallet,22,5,False,North,200.01
2626,06-30-23,3852,20,Female,Sports,66.73,2,15,20.02,133.46,113.44,Credit Card,3,5,False,South,350.44
2627,02-07-23,1515,41,Male,Electronics,24.03,7,10,16.82,168.21,151.39,Mobile Wallet,20,5,False,South,1269.67
2628,02-11-24,3779,33,Other,Electronics,18.68,8,0,0.0,149.44,149.44,PayPal,5,4,False,West,1500.83
2629,05-22-24,2387,38,Female,Clothing,156.37,4,20,125.1,625.48,500.38,Credit Card,9,4,False,North,1508.4
2630,07-10-23,4453,33,Other,Clothing,44.42,8,0,0.0,355.36,355.36,PayPal,19,5,False,South,2068.77
2631,10-24-23,3579,30,Other,Books,14.54,8,15,17.45,116.32,98.87,Credit Card,9,3,True,East,303.02
2632,02-08-23,1955,42,Other,Books,204.44,3,15,92.0,613.32,521.32,PayPal,21,5,False,West,1955.32
2633,01-10-23,3199,28,Female,Beauty,24.51,1,5,1.23,24.51,23.28,Mobile Wallet,22,5,False,West,254.16
2634,11-02-23,4633,11,Other,Beauty,52.18,3,20,31.31,156.54,125.23,Debit Card,18,4,False,East,303.88
2635,08-04-24,2712,6,Male,Sports,64.34,1,5,3.22,64.34,61.12,Mobile Wallet,16,4,False,West,1266.49
2636,09-09-24,3994,37,Female,Electronics,27.43,2,0,0.0,54.86,54.86,Mobile Wallet,2,5,False,West,1762.42
2637,04-20-23,1607,28,Female,Clothing,38.38,8,5,15.35,307.04,291.69,PayPal,28,4,False,North,754.16
2638,12-10-23,4688,9,Other,Sports,13.71,4,15,8.23,54.84,46.61,PayPal,12,5,False,East,46.61
2639,10-19-23,3467,36,Other,Electronics,31.35,9,10,28.22,282.15,253.93,Debit Card,18,5,False,South,730.8
2640,04-10-24,2273,33,Other,Sports,18.61,7,0,0.0,130.27,130.27,Debit Card,23,5,False,West,509.82
2641,10-18-24,4188,27,Female,Sports,39.64,3,15,17.84,118.92,101.08,PayPal,29,5,False,East,323.39
2642,07-10-24,3913,38,Male,Books,55.42,1,0,0.0,55.42,55.42,Mobile Wallet,27,5,False,North,875.21
2643,06-20-24,2535,54,Male,Sports,47.6,1,5,2.38,47.6,45.22,Credit Card,11,5,False,East,276.43
2644,05-20-24,4811,54,Female,Books,74.97,1,5,3.75,74.97,71.22,Debit Card,22,3,True,South,457.3
2645,05-18-23,3625,37,Male,Electronics,2.12,3,0,0.0,6.36,6.36,Mobile Wallet,23,5,False,South,263.63
2646,05-31-24,3382,33,Other,Beauty,4.09,5,0,0.0,20.45,20.45,Credit Card,29,3,False,West,505.47
2647,04-24-24,2441,37,Female,Electronics,11.49,8,5,4.6,91.92,87.32,Mobile Wallet,3,4,True,East,87.32
2648,10-07-23,3979,39,Male,Books,212.73,8,0,0.0,1701.84,1701.84,Debit Card,20,5,True,West,2937.54
2649,07-17-23,2797,30,Female,Beauty,80.54,2,5,8.05,161.08,153.03,PayPal,27,5,False,North,161.85
2650,04-26-23,1294,37,Male,Home & Garden,128.93,9,0,0.0,1160.37,1160.37,PayPal,22,4,False,North,1754.84
2651,12-05-23,1754,11,Female,Beauty,15.88,9,10,14.29,142.92,128.63,Debit Card,3,3,False,West,446.23
2652,06-16-23,2394,36,Male,Sports,42.65,7,0,0.0,298.55,298.55,PayPal,15,4,False,East,414.89
2653,04-14-24,1185,42,Female,Electronics,40.47,5,0,0.0,202.35,202.35,Credit Card,12,3,False,North,202.35
2654,10-25-24,2269,27,Female,Sports,42.14,5,15,31.6,210.7,179.1,Mobile Wallet,1,3,False,South,641.25
2655,09-21-23,1636,33,Female,Beauty,63.22,8,10,50.58,505.76,455.18,PayPal,22,4,False,West,692.49
2656,07-10-23,2291,18,Female,Home & Garden,25.04,8,5,10.02,200.32,190.3,PayPal,26,5,False,North,1521.71
2657,01-15-23,4714,16,Female,Sports,56.54,5,5,14.14,282.7,268.56,PayPal,11,4,False,East,436.78
2658,12-12-23,4308,38,Other,Home & Garden,77.66,6,20,93.19,465.96,372.77,Debit Card,26,4,False,South,2068.86
2659,10-30-23,1529,24,Female,Clothing,17.06,6,10,10.24,102.36,92.12,Debit Card,2,5,False,West,265.92
2660,08-04-24,4623,8,Female,Home & Garden,145.7,6,10,87.42,874.2,786.78,PayPal,29,5,False,South,825.97
2661,11-21-24,3068,18,Female,Electronics,36.5,5,0,0.0,182.5,182.5,Debit Card,23,4,False,West,2143.21
2662,07-17-23,3958,20,Male,Beauty,65.98,9,15,89.07,593.82,504.75,Mobile Wallet,29,4,False,West,1402.83
2663,06-29-23,4808,46,Female,Books,65.27,1,5,3.26,65.27,62.01,Credit Card,21,5,False,East,883.4
2664,09-17-24,3914,37,Other,Books,41.65,3,5,6.25,124.95,118.7,Mobile Wallet,14,3,False,North,844.15
2665,10-16-24,1793,21,Female,Sports,19.48,7,15,20.45,136.36,115.91,Mobile Wallet,1,5,True,North,245.29
2666,02-20-24,4591,26,Male,Beauty,54.97,9,15,74.21,494.73,420.52,Credit Card,25,1,True,West,1650.7
2667,03-13-24,3147,54,Male,Clothing,4.57,2,10,0.91,9.14,8.23,Credit Card,18,1,False,South,8.23
2668,06-11-24,3799,49,Female,Sports,199.32,4,15,119.59,797.28,677.69,Mobile Wallet,18,5,False,South,1590.58
2669,12-02-23,1477,18,Female,Home & Garden,10.17,8,15,12.2,81.36,69.16,Credit Card,15,4,False,East,145.88
2670,03-30-23,2622,52,Female,Books,16.11,5,0,0.0,80.55,80.55,Mobile Wallet,26,4,False,North,2308.04
2671,02-15-24,4369,33,Female,Home & Garden,154.44,8,10,123.55,1235.52,1111.97,PayPal,26,5,False,South,2282.98
2672,11-16-24,1939,46,Male,Books,10.32,2,20,4.13,20.64,16.51,Debit Card,4,5,False,North,227.07
2673,04-08-23,1525,32,Female,Books,9.32,8,20,14.91,74.56,59.65,Credit Card,2,1,False,East,386.38
2674,07-09-23,3381,52,Male,Books,81.62,6,5,24.49,489.72,465.23,PayPal,15,1,False,West,1316.16
2675,05-24-23,1001,17,Male,Beauty,14.47,5,15,10.85,72.35,61.5,Credit Card,13,5,True,South,765.88
2676,05-03-24,1374,31,Other,Electronics,4.98,2,0,0.0,9.96,9.96,Debit Card,10,4,False,East,1233.1
2677,11-28-23,3340,53,Male,Beauty,12.85,7,15,13.49,89.95,76.46,Debit Card,15,5,False,North,76.46
2678,09-12-23,3884,0,Female,Home & Garden,109.63,1,5,5.48,109.63,104.15,Debit Card,6,5,False,North,1247.1
2679,01-07-23,4052,34,Female,Beauty,16.45,6,15,14.8,98.7,83.9,Credit Card,29,4,False,West,248.93
2680,09-25-23,1552,29,Female,Sports,59.38,3,20,35.63,178.14,142.51,Mobile Wallet,21,3,False,West,402.96
2681,01-28-24,3365,45,Female,Clothing,25.14,6,10,15.08,150.84,135.76,Credit Card,10,4,False,South,441.31
2682,08-30-23,2525,51,Other,Sports,15.2,1,15,2.28,15.2,12.92,Credit Card,26,5,False,South,272.24
2683,04-02-24,2851,45,Other,Beauty,7.78,1,20,1.56,7.78,6.22,PayPal,3,3,False,East,387.36
2684,10-01-23,1380,38,Other,Home & Garden,179.12,2,20,71.65,358.24,286.59,PayPal,13,5,False,South,781.31
2685,12-04-23,2646,35,Other,Clothing,36.81,7,5,12.88,257.67,244.79,Mobile Wallet,18,3,False,West,602.37
2686,11-06-23,1013,29,Male,Sports,6.09,4,10,2.44,24.36,21.92,Debit Card,6,4,False,North,185.74
2687,08-19-24,1503,38,Other,Clothing,11.08,4,5,2.22,44.32,42.1,Debit Card,14,2,False,West,42.1
2688,08-09-24,3278,56,Male,Home & Garden,26.15,4,0,0.0,104.6,104.6,Credit Card,18,4,False,South,618.06
2689,01-12-23,3008,22,Female,Books,39.28,5,10,19.64,196.4,176.76,Debit Card,11,5,False,North,911.75
2690,09-25-23,4155,28,Male,Home & Garden,10.03,2,0,0.0,20.06,20.06,Mobile Wallet,20,4,False,West,231.04
2691,10-31-24,1129,33,Male,Electronics,16.27,7,10,11.39,113.89,102.5,Debit Card,15,4,False,South,920.71
2692,01-04-24,4814,50,Other,Clothing,76.56,3,20,45.94,229.68,183.74,PayPal,21,4,False,West,421.26
2693,12-10-24,1837,38,Female,Home & Garden,27.02,3,0,0.0,81.06,81.06,Debit Card,13,3,False,West,224.31
2694,08-30-23,4216,49,Female,Books,0.07,2,10,0.01,0.14,0.13,Credit Card,16,5,False,West,1431.27
2695,03-05-23,3938,50,Other,Books,2.77,6,10,1.66,16.62,14.96,PayPal,27,5,False,West,498.47
2696,11-14-24,4928,43,Male,Home & Garden,28.93,4,0,0.0,115.72,115.72,Mobile Wallet,24,4,False,West,402.2
2697,05-02-23,3040,19,Other,Sports,3.1,4,10,1.24,12.4,11.16,Credit Card,12,4,False,West,269.65
2698,04-21-24,1027,59,Male,Home & Garden,9.55,8,5,3.82,76.4,72.58,Credit Card,1,5,False,West,293.37
2699,11-11-23,3113,56,Other,Books,65.07,2,5,6.51,130.14,123.63,PayPal,23,4,False,West,342.29
2700,06-13-23,4234,35,Other,Home & Garden,32.73,7,0,0.0,229.11,229.11,Credit Card,14,5,False,East,1780.42
2701,02-20-24,2252,14,Female,Electronics,32.93,2,20,13.17,65.86,52.69,Debit Card,22,4,False,West,2658.98
2702,12-03-24,1260,11,Female,Sports,45.59,6,15,41.03,273.54,232.51,Debit Card,3,5,False,West,262.12
2703,05-29-24,3046,38,Female,Home & Garden,77.68,5,0,0.0,388.4,388.4,PayPal,10,4,False,East,1539.63
2704,12-21-24,2472,24,Other,Books,8.63,8,0,0.0,69.04,69.04,Debit Card,26,4,False,North,81.25
2705,11-15-23,2447,9,Female,Home & Garden,9.5,6,0,0.0,57.0,57.0,Credit Card,10,2,False,East,1218.03
2706,12-07-24,1459,11,Female,Home & Garden,6.47,7,0,0.0,45.29,45.29,PayPal,1,5,False,South,821.03
2707,05-01-23,4747,27,Other,Clothing,138.1,6,5,41.43,828.6,787.17,PayPal,18,5,False,North,2607.07
2708,10-16-24,1300,37,Female,Home & Garden,43.05,8,0,0.0,344.4,344.4,Mobile Wallet,17,3,False,South,1208.2
2709,10-30-23,3966,56,Male,Electronics,4.86,2,20,1.94,9.72,7.78,Credit Card,19,5,False,North,682.05
2710,01-12-24,4374,42,Female,Books,12.46,7,15,13.08,87.22,74.14,Credit Card,1,5,False,West,624.01
2711,09-21-24,3334,29,Male,Beauty,64.66,5,15,48.5,323.3,274.8,Mobile Wallet,26,4,False,North,3436.42
2712,08-15-23,4466,40,Female,Clothing,1.47,9,20,2.65,13.23,10.58,Mobile Wallet,5,5,False,West,10.58
2713,08-13-23,4081,39,Other,Beauty,64.67,9,0,0.0,582.03,582.03,Credit Card,26,4,False,North,3037.37
2714,05-17-23,4778,46,Other,Home & Garden,121.22,8,15,145.46,969.76,824.3,Mobile Wallet,6,2,False,West,2092.57
2715,05-04-24,1629,34,Female,Sports,2.9,8,5,1.16,23.2,22.04,PayPal,1,5,False,East,818.67
2716,06-06-23,1269,50,Male,Electronics,10.32,4,15,6.19,41.28,35.09,PayPal,17,5,False,East,232.59
2717,04-10-24,3639,47,Female,Electronics,0.12,8,20,0.19,0.96,0.77,Credit Card,12,2,False,East,211.1
2718,09-12-24,2993,36,Other,Electronics,5.77,2,15,1.73,11.54,9.81,PayPal,4,5,False,North,700.88
2719,01-18-24,2628,33,Female,Clothing,47.98,5,20,47.98,239.9,191.92,Credit Card,4,5,False,West,527.43
2720,03-01-24,2801,48,Other,Home & Garden,2.29,4,0,0.0,9.16,9.16,Mobile Wallet,24,5,False,West,1239.01
2721,12-19-24,3891,24,Male,Electronics,27.74,5,15,20.8,138.7,117.9,Debit Card,10,2,False,West,402.69
2722,07-16-24,1861,12,Male,Home & Garden,35.0,5,20,35.0,175.0,140.0,PayPal,23,5,False,East,1902.12
2723,04-27-24,4432,12,Other,Sports,118.56,5,5,29.64,592.8,563.16,PayPal,23,3,False,East,1650.1
2724,07-04-24,2280,23,Male,Home & Garden,32.15,7,5,11.25,225.05,213.8,Mobile Wallet,25,4,False,North,393.44
2725,11-11-24,3180,44,Other,Beauty,7.69,1,10,0.77,7.69,6.92,PayPal,8,3,False,East,59.85
2726,08-12-23,4347,28,Other,Home & Garden,17.07,2,15,5.12,34.14,29.02,Credit Card,12,4,False,North,147.46
2727,09-11-23,2799,38,Other,Home & Garden,55.77,7,0,0.0,390.39,390.39,PayPal,29,2,False,East,1568.57
2728,11-27-24,2706,27,Female,Books,5.95,1,10,0.6,5.95,5.35,Mobile Wallet,27,4,False,North,102.87
2729,09-02-24,4019,27,Male,Beauty,13.18,9,15,17.79,118.62,100.83,Credit Card,27,2,True,North,106.83
2730,03-25-23,3560,19,Female,Clothing,273.36,3,5,41.0,820.08,779.08,PayPal,28,4,False,North,1088.54
2731,06-22-24,3360,33,Female,Home & Garden,0.28,6,0,0.0,1.68,1.68,PayPal,12,3,False,East,90.78
2732,04-02-24,1575,32,Male,Electronics,8.25,4,5,1.65,33.0,31.35,PayPal,28,4,False,North,295.83
2733,06-24-24,3933,41,Female,Books,92.79,3,15,41.76,278.37,236.61,PayPal,3,4,False,North,1246.98
2734,12-21-24,3003,39,Other,Home & Garden,5.34,8,0,0.0,42.72,42.72,Debit Card,16,3,False,South,502.21
2735,01-06-24,2307,32,Female,Books,1.71,2,0,0.0,3.42,3.42,Debit Card,4,2,False,South,78.63
2736,03-21-23,4192,12,Other,Clothing,6.47,3,10,1.94,19.41,17.47,Mobile Wallet,24,5,False,North,207.14
2737,07-31-24,4178,51,Male,Books,59.14,8,0,0.0,473.12,473.12,Debit Card,5,5,False,North,950.51
2738,04-25-23,2956,33,Female,Electronics,248.89,3,15,112.0,746.67,634.67,Mobile Wallet,29,1,False,East,1331.95
2739,03-05-23,3734,36,Male,Home & Garden,44.66,8,20,71.46,357.28,285.82,Credit Card,15,5,False,West,409.96
2740,07-14-24,3020,59,Other,Electronics,6.64,7,20,9.3,46.48,37.18,Debit Card,21,5,False,East,1165.56
2741,06-01-24,4275,48,Female,Sports,10.15,2,0,0.0,20.3,20.3,Credit Card,24,3,False,North,534.81
2742,07-27-23,3212,41,Other,Books,38.58,1,20,7.72,38.58,30.86,Debit Card,8,5,False,East,1356.24
2743,08-09-24,3352,34,Other,Books,62.88,1,15,9.43,62.88,53.45,Mobile Wallet,29,5,False,East,2555.84
2744,07-03-24,4568,34,Other,Books,54.37,2,10,10.87,108.74,97.87,Credit Card,22,4,False,North,604.02
2745,06-03-23,2655,38,Male,Beauty,42.75,7,5,14.96,299.25,284.29,PayPal,25,5,False,East,355.15
2746,06-18-23,2579,41,Male,Clothing,214.41,9,5,96.48,1929.69,1833.21,PayPal,20,1,False,West,2448.24
2747,12-02-23,2847,60,Male,Beauty,11.03,7,15,11.58,77.21,65.63,Debit Card,10,5,False,South,1397.43
2748,06-16-24,3203,72,Female,Electronics,9.49,3,10,2.85,28.47,25.62,Credit Card,1,2,False,West,155.02
2749,03-28-24,2390,39,Other,Sports,97.97,8,15,117.56,783.76,666.2,Mobile Wallet,10,5,False,East,1481.68
2750,04-30-23,2742,2,Male,Clothing,17.18,8,0,0.0,137.44,137.44,Mobile Wallet,18,4,False,East,297.5
2751,11-27-24,2925,20,Other,Clothing,20.21,9,10,18.19,181.89,163.7,PayPal,17,1,False,West,444.74
2752,07-30-23,1619,62,Male,Home & Garden,39.78,9,20,71.6,358.02,286.42,PayPal,4,5,False,North,1248.62
2753,08-20-24,2274,45,Other,Sports,24.0,9,0,0.0,216.0,216.0,Debit Card,25,2,False,East,301.68
2754,05-15-24,1956,41,Male,Books,16.96,4,20,13.57,67.84,54.27,Mobile Wallet,27,5,False,West,2448.54
2755,04-04-23,2939,32,Male,Beauty,124.55,4,0,0.0,498.2,498.2,Credit Card,22,4,False,South,852.01
2756,06-06-24,4953,17,Male,Books,6.92,2,0,0.0,13.84,13.84,PayPal,13,5,False,North,493.51
2757,04-01-24,3381,60,Male,Home & Garden,25.9,8,0,0.0,207.2,207.2,Credit Card,22,3,True,South,1316.16
2758,02-26-23,4713,22,Other,Beauty,0.15,2,0,0.0,0.3,0.3,Mobile Wallet,6,4,True,East,554.3
2759,04-09-24,1968,45,Male,Books,82.37,3,10,24.71,247.11,222.4,Credit Card,1,5,False,West,553.31
2760,05-16-23,3558,15,Male,Electronics,9.22,9,10,8.3,82.98,74.68,Mobile Wallet,1,4,False,North,301.15
2761,06-09-24,2316,31,Male,Books,74.14,2,0,0.0,148.28,148.28,Mobile Wallet,3,4,False,North,850.93
2762,03-01-24,2043,49,Other,Beauty,8.04,1,15,1.21,8.04,6.83,Credit Card,5,3,False,North,2123.55
2763,04-12-24,1281,31,Male,Electronics,26.96,5,0,0.0,134.8,134.8,Credit Card,18,3,False,South,134.8
2764,07-31-24,3844,29,Other,Home & Garden,65.13,7,0,0.0,455.91,455.91,Credit Card,27,5,False,North,807.03
2765,03-01-23,4072,35,Female,Home & Garden,15.79,4,15,9.47,63.16,53.69,Mobile Wallet,12,5,False,West,1312.35
2766,07-26-24,3166,14,Other,Electronics,18.84,4,15,11.3,75.36,64.06,Debit Card,1,4,False,East,148.43
2767,04-18-24,2058,12,Female,Beauty,55.03,3,0,0.0,165.09,165.09,Mobile Wallet,9,3,True,West,393.55
2768,11-19-24,1197,45,Male,Beauty,10.39,6,5,3.12,62.34,59.22,Mobile Wallet,27,4,False,North,771.29
2769,11-12-23,3532,28,Male,Books,151.6,8,5,60.64,1212.8,1152.16,Debit Card,17,5,False,North,2114.83
2770,01-23-23,4828,45,Other,Home & Garden,10.46,2,15,3.14,20.92,17.78,PayPal,29,2,False,West,50.17
2771,02-10-24,2082,51,Male,Home & Garden,69.31,6,0,0.0,415.86,415.86,Credit Card,13,4,False,East,1245.16
2772,09-18-23,3884,52,Male,Electronics,81.13,8,20,129.81,649.04,519.23,Credit Card,14,3,False,West,1247.1
2773,01-04-23,2184,10,Other,Home & Garden,23.45,1,20,4.69,23.45,18.76,PayPal,27,5,False,North,2317.61
2774,08-12-23,2008,24,Male,Books,8.49,4,0,0.0,33.96,33.96,Credit Card,11,5,False,North,831.64
2775,08-15-24,3738,43,Female,Home & Garden,9.07,1,0,0.0,9.07,9.07,Mobile Wallet,11,3,True,South,182.12
2776,03-16-23,2229,43,Female,Electronics,211.51,4,0,0.0,846.04,846.04,PayPal,4,1,False,East,981.18
2777,02-16-23,2035,68,Male,Books,64.62,9,20,116.32,581.58,465.26,Debit Card,9,3,False,East,1111.47
2778,03-09-24,1489,21,Male,Sports,29.9,6,20,35.88,179.4,143.52,Mobile Wallet,26,3,True,North,337.02
2779,12-19-23,1275,52,Female,Electronics,14.88,6,15,13.39,89.28,75.89,Mobile Wallet,18,4,False,South,308.64
2780,12-18-24,3740,40,Male,Sports,0.95,5,10,0.48,4.75,4.27,Mobile Wallet,26,3,False,South,13.68
2781,03-07-23,3289,10,Female,Home & Garden,55.5,3,15,24.98,166.5,141.52,Mobile Wallet,19,4,False,South,289.48
2782,07-08-24,2239,26,Other,Books,157.23,2,15,47.17,314.46,267.29,Credit Card,4,5,False,South,546.57
2783,03-03-23,2274,38,Female,Home & Garden,5.65,9,5,2.54,50.85,48.31,Mobile Wallet,12,5,False,West,301.68
2784,03-12-23,4882,9,Male,Books,70.22,9,15,94.8,631.98,537.18,Credit Card,18,3,False,South,980.43
2785,04-28-24,1125,3,Male,Clothing,8.32,7,15,8.74,58.24,49.5,Credit Card,18,3,False,East,774.04
2786,02-02-23,1216,8,Female,Home & Garden,78.54,2,15,23.56,157.08,133.52,Credit Card,28,3,True,West,1017.07
2787,10-21-23,4377,38,Female,Home & Garden,23.15,4,15,13.89,92.6,78.71,Credit Card,6,4,False,North,368.5
2788,02-23-24,4868,27,Male,Home & Garden,62.25,8,10,49.8,498.0,448.2,Debit Card,27,5,True,East,979.25
2789,07-04-23,2208,25,Male,Beauty,130.38,6,5,39.11,782.28,743.17,Credit Card,11,5,False,West,743.17
2790,05-19-23,4110,26,Male,Electronics,48.4,5,20,48.4,242.0,193.6,Credit Card,26,3,False,East,863.55
2791,10-18-24,2246,13,Other,Beauty,126.73,2,0,0.0,253.46,253.46,PayPal,5,2,False,West,312.55
2792,10-23-24,4255,28,Other,Books,13.4,1,20,2.68,13.4,10.72,Debit Card,16,4,False,East,533.17
2793,03-06-24,3542,7,Female,Books,191.14,1,5,9.56,191.14,181.58,Mobile Wallet,11,2,False,South,715.1
2794,01-19-24,3474,52,Female,Books,103.12,1,15,15.47,103.12,87.65,Credit Card,5,5,False,South,1069.84
2795,01-27-24,4249,60,Other,Electronics,5.69,6,20,6.83,34.14,27.31,Credit Card,9,2,False,East,1688.21
2796,04-04-24,1918,0,Other,Books,26.68,4,15,16.01,106.72,90.71,Debit Card,23,5,True,East,520.1
2797,01-22-24,4499,27,Female,Beauty,130.89,9,10,117.8,1178.01,1060.21,PayPal,11,1,False,North,1307.46
2798,01-20-24,2317,28,Other,Beauty,4.07,9,10,3.66,36.63,32.97,Mobile Wallet,29,5,False,South,913.83
2799,03-24-23,4923,32,Female,Home & Garden,30.24,3,5,4.54,90.72,86.18,Mobile Wallet,15,5,False,North,586.86
2800,11-30-24,3198,50,Male,Sports,64.29,6,20,77.15,385.74,308.59,Debit Card,25,4,False,North,493.19
2801,11-08-24,3431,28,Female,Clothing,1.7,6,10,1.02,10.2,9.18,Debit Card,17,4,False,South,768.49
2802,07-06-24,2661,33,Other,Books,69.88,1,5,3.49,69.88,66.39,PayPal,18,5,False,North,475.65
2803,05-17-23,4884,79,Other,Electronics,22.41,9,5,10.08,201.69,191.61,Debit Card,21,3,False,South,621.75
2804,10-31-24,1307,33,Other,Electronics,14.34,4,5,2.87,57.36,54.49,PayPal,26,5,False,North,539.71
2805,12-23-23,2359,61,Female,Books,42.9,6,20,51.48,257.4,205.92,PayPal,14,4,False,West,896.49
2806,05-02-23,2969,42,Other,Sports,39.3,8,20,62.88,314.4,251.52,Credit Card,7,5,False,North,787.33
2807,07-02-23,3793,26,Female,Beauty,103.55,1,5,5.18,103.55,98.37,Mobile Wallet,24,4,False,West,169.31
2808,07-04-24,1891,24,Male,Books,56.35,8,0,0.0,450.8,450.8,Mobile Wallet,23,4,False,South,845.44
2809,02-07-24,1374,34,Male,Electronics,27.4,6,20,32.88,164.4,131.52,Credit Card,16,4,False,East,1233.1
2810,06-25-24,4079,18,Other,Clothing,52.51,1,20,10.5,52.51,42.01,Mobile Wallet,9,4,False,West,289.52
2811,05-11-23,3033,22,Female,Sports,69.34,9,0,0.0,624.06,624.06,Debit Card,27,5,True,East,914.26
2812,08-17-23,2364,28,Female,Books,138.49,9,20,249.28,1246.41,997.13,Credit Card,3,5,False,East,1833.12
2813,01-04-23,1128,39,Other,Clothing,60.91,8,20,97.46,487.28,389.82,PayPal,27,5,False,East,1736.64
2814,01-24-23,2014,62,Female,Books,39.25,7,10,27.48,274.75,247.27,PayPal,21,2,False,South,1631.95
2815,11-02-23,2799,27,Other,Sports,23.34,1,0,0.0,23.34,23.34,Debit Card,16,5,False,West,1568.57
2816,04-19-24,3716,41,Other,Electronics,111.04,1,10,11.1,111.04,99.94,Mobile Wallet,28,3,False,North,340.62
2817,11-20-24,4423,10,Male,Beauty,78.64,8,0,0.0,629.12,629.12,Debit Card,22,1,False,South,757.06
2818,07-11-24,2381,50,Other,Beauty,4.02,8,0,0.0,32.16,32.16,Credit Card,26,3,False,South,591.75
2819,03-10-24,1516,9,Female,Sports,60.12,1,0,0.0,60.12,60.12,Debit Card,7,3,False,South,258.52
2820,06-28-24,2518,46,Other,Home & Garden,38.69,8,20,61.9,309.52,247.62,Debit Card,28,5,False,North,360.88
2821,01-24-24,1085,33,Male,Beauty,5.47,8,5,2.19,43.76,41.57,Debit Card,7,5,False,West,229.99
2822,08-24-23,2198,33,Male,Books,41.62,3,15,18.73,124.86,106.13,PayPal,20,2,False,East,106.13
2823,09-11-23,4873,30,Female,Clothing,10.69,1,5,0.53,10.69,10.16,Credit Card,1,4,False,South,10.16
2824,04-16-24,4264,15,Other,Clothing,61.57,3,20,36.94,184.71,147.77,Mobile Wallet,8,3,False,West,159.43
2825,12-21-23,3358,16,Female,Beauty,16.32,8,20,26.11,130.56,104.45,PayPal,26,4,False,West,169.34
2826,06-08-23,2142,47,Female,Sports,8.15,8,15,9.78,65.2,55.42,PayPal,1,4,False,South,55.42
2827,10-10-23,4289,35,Other,Sports,4.28,7,20,5.99,29.96,23.97,Debit Card,12,5,False,North,1683.69
2828,07-13-23,3474,30,Male,Sports,33.75,2,0,0.0,67.5,67.5,PayPal,17,5,False,North,1069.84
2829,04-26-23,2993,41,Female,Clothing,11.13,5,10,5.56,55.65,50.09,Credit Card,25,4,False,South,700.88
2830,02-02-23,4485,36,Female,Electronics,96.6,8,10,77.28,772.8,695.52,Credit Card,29,5,False,West,2140.45
2831,11-07-24,3161,23,Male,Clothing,0.15,3,0,0.0,0.45,0.45,Mobile Wallet,26,5,False,North,964.74
2832,03-05-24,4216,71,Other,Electronics,92.78,6,5,27.83,556.68,528.85,Credit Card,10,4,False,South,1431.27
2833,09-21-24,4609,46,Other,Sports,36.81,2,10,7.36,73.62,66.26,PayPal,28,4,False,South,1823.13
2834,01-17-23,4719,36,Other,Home & Garden,127.65,8,0,0.0,1021.2,1021.2,Mobile Wallet,19,4,False,South,1458.13
2835,09-04-23,1302,27,Male,Clothing,11.45,9,5,5.15,103.05,97.9,PayPal,9,5,False,North,386.31
2836,07-31-23,3791,49,Female,Sports,5.39,1,10,0.54,5.39,4.85,PayPal,10,5,False,East,887.39
2837,03-10-23,4952,23,Male,Clothing,49.04,4,0,0.0,196.16,196.16,Credit Card,11,5,False,South,319.21
2838,04-14-23,1587,21,Female,Sports,61.33,6,10,36.8,367.98,331.18,Credit Card,10,5,False,West,871.93
2839,08-31-24,1986,60,Female,Clothing,23.31,2,10,4.66,46.62,41.96,Mobile Wallet,28,5,True,South,41.96
2840,02-04-23,2863,35,Other,Books,0.69,6,10,0.41,4.14,3.73,Credit Card,17,5,False,South,1622.17
2841,04-02-24,1344,23,Other,Clothing,26.12,7,15,27.43,182.84,155.41,PayPal,7,5,False,South,503.61
2842,09-04-24,1813,35,Other,Books,13.31,6,5,3.99,79.86,75.87,Mobile Wallet,5,4,False,West,163.61
2843,11-19-24,2987,47,Male,Electronics,21.34,8,10,17.07,170.72,153.65,Mobile Wallet,28,5,False,South,707.71
2844,12-21-24,3848,44,Other,Clothing,35.34,5,0,0.0,176.7,176.7,Mobile Wallet,28,5,False,West,265.36
2845,02-19-23,4072,49,Male,Electronics,60.59,3,15,27.27,181.77,154.5,Credit Card,20,5,False,East,1312.35
2846,09-08-23,4218,16,Other,Home & Garden,165.15,2,20,66.06,330.3,264.24,Mobile Wallet,27,5,False,South,500.39
2847,02-15-23,2310,49,Other,Beauty,7.77,2,20,3.11,15.54,12.43,Credit Card,12,5,False,North,106.21
2848,02-16-24,2999,32,Other,Beauty,56.96,2,5,5.7,113.92,108.22,Debit Card,5,4,False,East,191.87
2849,03-25-24,2677,36,Male,Books,13.28,5,0,0.0,66.4,66.4,Mobile Wallet,1,4,False,West,627.89
2850,08-28-23,4124,53,Female,Clothing,12.47,4,15,7.48,49.88,42.4,PayPal,10,2,False,West,152.86
2851,07-06-24,2327,45,Male,Beauty,50.2,2,0,0.0,100.4,100.4,PayPal,7,4,False,West,1019.16
2852,08-11-23,2092,40,Male,Electronics,74.81,5,15,56.11,374.05,317.94,Mobile Wallet,27,2,False,South,965.39
2853,02-27-23,3408,5,Male,Beauty,190.35,7,15,199.87,1332.45,1132.58,Credit Card,12,5,False,East,1275.33
2854,05-24-23,4673,34,Female,Beauty,73.23,5,20,73.23,366.15,292.92,Debit Card,2,5,False,West,394.84
2855,05-30-24,4291,23,Male,Sports,8.56,8,5,3.42,68.48,65.06,Debit Card,28,3,False,South,1320.83
2856,10-24-23,2009,45,Other,Beauty,12.77,6,5,3.83,76.62,72.79,Credit Card,9,3,False,West,150.65
2857,08-28-23,1703,49,Female,Electronics,71.65,9,0,0.0,644.85,644.85,Mobile Wallet,5,5,True,East,1808.67
2858,08-12-24,1574,30,Male,Beauty,37.43,5,15,28.07,187.15,159.08,Debit Card,5,4,False,South,1215.08
2859,11-23-23,2608,24,Male,Clothing,17.51,8,15,21.01,140.08,119.07,Credit Card,14,4,False,North,119.07
2860,08-14-24,4232,58,Female,Beauty,31.91,6,10,19.15,191.46,172.31,PayPal,19,4,True,South,319.4
2861,09-04-24,4752,25,Male,Home & Garden,123.19,7,5,43.12,862.33,819.21,Mobile Wallet,26,3,False,East,954.49
2862,11-19-24,2112,17,Female,Beauty,70.45,8,15,84.54,563.6,479.06,Debit Card,18,3,False,North,1017.81
2863,11-25-23,1687,22,Other,Books,29.96,4,0,0.0,119.84,119.84,Mobile Wallet,8,5,False,West,324.62
2864,08-31-23,3828,26,Male,Sports,197.01,4,20,157.61,788.04,630.43,Mobile Wallet,29,5,False,East,1858.8
2865,11-06-23,3632,22,Male,Electronics,79.21,6,20,95.05,475.26,380.21,Mobile Wallet,25,2,False,West,925.99
2866,05-27-23,4828,47,Other,Beauty,0.29,2,5,0.03,0.58,0.55,Mobile Wallet,3,3,False,East,50.17
2867,11-07-24,3636,2,Male,Beauty,5.96,9,5,2.68,53.64,50.96,Debit Card,28,5,False,West,426.6
2868,06-17-24,4230,21,Male,Clothing,40.37,8,10,32.3,322.96,290.66,Debit Card,14,3,False,South,413.54
2869,08-15-23,1488,34,Female,Clothing,21.54,2,5,2.15,43.08,40.93,Credit Card,11,3,False,North,518.58
2870,02-28-24,4018,38,Male,Books,83.71,1,15,12.56,83.71,71.15,PayPal,29,3,False,South,119.57
2871,11-04-23,2347,60,Other,Sports,113.02,4,15,67.81,452.08,384.27,Debit Card,8,3,False,East,599.49
2872,10-09-23,4681,58,Male,Electronics,13.76,4,15,8.26,55.04,46.78,PayPal,22,5,False,North,2158.03
2873,03-04-23,4452,10,Female,Electronics,72.05,2,15,21.62,144.1,122.48,PayPal,12,5,False,South,201.76
2874,07-24-24,4173,6,Other,Electronics,38.33,5,10,19.16,191.65,172.49,Debit Card,11,4,False,East,652.95
2875,08-28-24,1493,35,Other,Books,24.88,3,5,3.73,74.64,70.91,PayPal,9,2,False,North,484.87
2876,06-29-23,2667,24,Other,Books,77.27,3,5,11.59,231.81,220.22,Credit Card,26,2,False,South,220.22
2877,10-03-24,2637,17,Other,Beauty,41.61,3,5,6.24,124.83,118.59,Credit Card,4,5,False,West,840.85
2878,11-26-24,1018,35,Female,Sports,50.43,4,10,20.17,201.72,181.55,Credit Card,19,4,False,North,1186.82
2879,03-13-24,4525,38,Female,Electronics,3.21,5,10,1.6,16.05,14.45,PayPal,7,4,False,West,262.36
2880,07-23-24,4553,22,Female,Electronics,44.08,4,15,26.45,176.32,149.87,Mobile Wallet,17,5,False,North,412.22
2881,05-22-24,4665,25,Female,Beauty,17.88,9,10,16.09,160.92,144.83,Mobile Wallet,16,4,False,South,216.69
2882,02-18-23,3444,23,Male,Sports,33.99,4,10,13.6,135.96,122.36,Credit Card,19,4,True,East,707.64
2883,12-19-23,2000,28,Female,Sports,12.55,7,0,0.0,87.85,87.85,Debit Card,23,5,False,South,531.21
2884,10-20-24,4350,43,Male,Sports,47.66,5,15,35.74,238.3,202.56,PayPal,12,4,False,South,1231.38
2885,11-18-24,1850,18,Other,Clothing,7.98,9,15,10.77,71.82,61.05,Credit Card,7,4,False,North,110.79
2886,01-26-24,2388,25,Male,Sports,6.56,9,0,0.0,59.04,59.04,Mobile Wallet,25,4,True,West,141.23
2887,06-21-24,2354,29,Male,Home & Garden,10.44,8,5,4.18,83.52,79.34,Credit Card,14,5,False,South,487.23
2888,11-23-23,4712,34,Male,Books,85.04,6,0,0.0,510.24,510.24,Credit Card,26,5,False,West,510.24
2889,12-14-24,2367,39,Female,Sports,1.71,6,0,0.0,10.26,10.26,Credit Card,25,5,False,North,1332.5
2890,03-02-24,1821,65,Female,Clothing,65.39,2,0,0.0,130.78,130.78,Mobile Wallet,11,4,False,East,456.25
2891,02-23-24,1454,43,Other,Home & Garden,2.91,7,10,2.04,20.37,18.33,Mobile Wallet,11,5,False,North,236.97
2892,06-02-23,2624,43,Female,Clothing,44.81,9,0,0.0,403.29,403.29,Debit Card,7,4,False,West,913.28
2893,11-04-23,3772,31,Male,Clothing,74.26,9,20,133.67,668.34,534.67,Mobile Wallet,11,5,False,West,969.67
2894,01-21-24,4726,20,Female,Beauty,13.14,2,0,0.0,26.28,26.28,Credit Card,3,3,False,West,593.33
2895,07-08-23,4136,27,Female,Clothing,10.9,9,5,4.9,98.1,93.2,Mobile Wallet,15,5,False,South,2030.91
2896,07-04-24,4147,24,Male,Clothing,17.07,7,5,5.97,119.49,113.52,Debit Card,3,3,False,West,438.91
2897,04-29-24,1710,40,Other,Electronics,60.13,5,5,15.03,300.65,285.62,PayPal,21,5,False,West,362.28
2898,09-04-23,3190,10,Female,Books,14.71,5,0,0.0,73.55,73.55,Debit Card,9,4,False,South,484.25
2899,08-19-23,1916,43,Other,Beauty,34.83,6,15,31.35,208.98,177.63,Credit Card,17,4,False,West,200.62
2900,11-04-23,4986,33,Male,Beauty,7.22,8,5,2.89,57.76,54.87,Credit Card,17,5,False,South,856.61
2901,12-25-24,3875,46,Female,Electronics,30.92,2,0,0.0,61.84,61.84,PayPal,25,4,False,East,930.29
2902,05-28-23,3652,24,Other,Home & Garden,49.01,3,5,7.35,147.03,139.68,Debit Card,12,5,False,South,454.97
2903,04-19-24,2496,21,Other,Electronics,3.73,7,10,2.61,26.11,23.5,Credit Card,7,5,False,South,350.85
2904,03-01-23,2440,28,Male,Beauty,84.48,3,10,25.34,253.44,228.1,Debit Card,11,2,False,West,1548.72
2905,07-29-24,1304,28,Female,Home & Garden,138.58,1,0,0.0,138.58,138.58,Mobile Wallet,29,4,False,North,646.58
2906,02-27-24,1735,47,Other,Beauty,10.76,6,5,3.23,64.56,61.33,Mobile Wallet,14,5,False,South,161.41
2907,03-02-24,4568,46,Other,Sports,71.24,7,5,24.93,498.68,473.75,Credit Card,20,5,False,North,604.02
2908,07-24-24,3338,63,Other,Home & Garden,18.81,9,20,33.86,169.29,135.43,PayPal,1,5,False,East,1468.27
2909,06-26-24,2963,27,Other,Beauty,56.46,1,5,2.82,56.46,53.64,Mobile Wallet,6,5,False,South,459.33
2910,05-18-23,3149,-15,Other,Electronics,18.31,9,15,24.72,164.79,140.07,Debit Card,25,4,False,West,140.07
2911,02-02-24,3009,28,Other,Beauty,99.15,7,10,69.4,694.05,624.65,Credit Card,22,3,False,East,1573.68
2912,09-06-23,4338,38,Other,Electronics,21.32,8,5,8.53,170.56,162.03,PayPal,21,3,False,South,722.41
2913,09-19-23,3914,45,Other,Home & Garden,94.47,3,15,42.51,283.41,240.9,Credit Card,17,3,True,South,844.15
2914,07-28-23,4015,39,Other,Electronics,72.65,5,0,0.0,363.25,363.25,Credit Card,25,2,False,West,363.25
2915,12-05-23,4693,27,Other,Home & Garden,10.93,3,10,3.28,32.79,29.51,PayPal,9,5,False,West,634.32
2916,10-24-24,4021,60,Female,Clothing,8.54,7,0,0.0,59.78,59.78,Debit Card,1,4,False,West,511.76
2917,03-22-23,3889,19,Male,Books,75.63,2,5,7.56,151.26,143.7,Mobile Wallet,12,2,False,South,307.73
2918,04-05-24,1961,30,Male,Home & Garden,24.74,6,0,0.0,148.44,148.44,Debit Card,20,5,True,North,510.78
2919,01-15-24,3989,18,Male,Clothing,149.18,2,10,29.84,298.36,268.52,PayPal,28,4,False,West,1046.44
2920,04-05-23,4848,35,Other,Clothing,143.19,9,0,0.0,1288.71,1288.71,PayPal,17,2,False,North,1288.71
2921,07-02-24,2026,58,Male,Clothing,59.12,6,0,0.0,354.72,354.72,Mobile Wallet,26,3,False,West,381.78
2922,07-15-23,3132,32,Other,Clothing,34.72,5,0,0.0,173.6,173.6,Mobile Wallet,4,5,False,North,173.6
2923,02-22-23,4865,32,Female,Home & Garden,10.84,6,15,9.76,65.04,55.28,PayPal,23,5,False,South,704.53
2924,10-02-23,3375,9,Male,Electronics,107.02,6,15,96.32,642.12,545.8,PayPal,8,3,False,South,746.08
2925,01-22-24,3863,30,Female,Clothing,4.28,6,5,1.28,25.68,24.4,Mobile Wallet,19,4,False,South,323.35
2926,11-20-24,2473,52,Female,Sports,23.13,6,0,0.0,138.78,138.78,Mobile Wallet,19,1,False,North,1814.37
2927,09-11-24,3501,31,Other,Clothing,19.23,9,15,25.96,173.07,147.11,Debit Card,26,3,False,North,596.47
2928,09-09-24,2947,30,Male,Electronics,159.02,7,10,111.31,1113.14,1001.83,PayPal,5,3,False,East,1272.96
2929,02-10-23,3676,51,Female,Electronics,6.28,1,10,0.63,6.28,5.65,PayPal,11,2,False,West,12.21
2930,03-16-23,4292,30,Male,Books,110.43,9,0,0.0,993.87,993.87,Debit Card,6,4,True,North,1432.77
2931,07-12-23,2177,54,Female,Books,30.48,6,5,9.14,182.88,173.74,Credit Card,13,5,False,West,627.76
2932,08-24-24,1664,15,Female,Clothing,2.43,8,15,2.92,19.44,16.52,Mobile Wallet,19,1,False,East,580.82
2933,11-18-24,1011,45,Other,Clothing,65.26,3,15,29.37,195.78,166.41,Mobile Wallet,6,2,False,East,1431.16
2934,07-26-24,2156,59,Male,Beauty,5.32,3,15,2.39,15.96,13.57,Credit Card,26,5,False,North,117.97
2935,08-11-23,1303,50,Other,Beauty,13.53,9,5,6.09,121.77,115.68,Debit Card,28,3,False,South,257.47
2936,05-05-24,4364,6,Other,Books,80.4,9,20,144.72,723.6,578.88,Debit Card,23,5,False,North,1018.24
2937,08-02-23,4022,25,Other,Clothing,8.41,5,15,6.31,42.05,35.74,Debit Card,13,5,False,East,590.27
2938,12-07-23,4371,31,Other,Beauty,19.69,5,0,0.0,98.45,98.45,Debit Card,6,4,False,South,117.03
2939,11-07-23,2763,50,Other,Sports,22.39,3,15,10.08,67.17,57.09,PayPal,16,3,False,North,197.32
2940,01-16-23,3830,15,Female,Home & Garden,44.43,7,15,46.65,311.01,264.36,PayPal,22,3,True,South,264.36
2941,08-05-23,1042,19,Male,Books,78.02,7,20,109.23,546.14,436.91,Debit Card,29,4,False,East,1061.36
2942,07-14-23,1943,10,Male,Books,13.12,3,0,0.0,39.36,39.36,Mobile Wallet,18,4,True,North,2913.03
2943,05-01-23,3390,22,Other,Electronics,11.52,8,0,0.0,92.16,92.16,Credit Card,29,4,False,South,194.47
2944,05-05-24,2349,16,Male,Clothing,12.55,6,0,0.0,75.3,75.3,Credit Card,11,5,False,East,282.57
2945,09-06-23,4885,58,Female,Books,24.03,3,15,10.81,72.09,61.28,Mobile Wallet,20,4,False,North,61.28
2946,12-13-24,3545,25,Other,Books,38.3,6,15,34.47,229.8,195.33,Debit Card,17,5,False,North,195.33
2947,09-10-24,3411,45,Female,Beauty,0.68,1,10,0.07,0.68,0.61,Debit Card,10,5,False,South,47.61
2948,12-21-24,1890,35,Female,Sports,75.77,6,20,90.92,454.62,363.7,Credit Card,16,3,False,South,979.5
2949,07-29-23,3474,35,Other,Clothing,130.67,7,0,0.0,914.69,914.69,Credit Card,29,4,False,South,1069.84
2950,02-11-24,2004,26,Female,Home & Garden,92.74,4,0,0.0,370.96,370.96,PayPal,5,5,False,North,419.7
2951,09-03-23,1020,46,Other,Sports,1.89,4,10,0.76,7.56,6.8,Credit Card,29,3,False,South,58.69
2952,07-19-24,1406,37,Female,Home & Garden,37.17,3,15,16.73,111.51,94.78,Credit Card,29,5,False,South,1166.32
2953,11-26-23,3666,36,Male,Electronics,84.11,5,10,42.06,420.55,378.49,Credit Card,10,1,False,West,743.29
2954,10-17-23,2014,26,Male,Books,21.09,1,10,2.11,21.09,18.98,Credit Card,3,5,False,South,1631.95
2955,01-25-24,1335,28,Male,Beauty,113.67,6,15,102.3,682.02,579.72,PayPal,19,5,False,North,714.83
2956,04-22-24,2838,43,Other,Sports,108.97,2,5,10.9,217.94,207.04,PayPal,4,3,False,North,379.2
2957,06-30-24,4188,38,Female,Home & Garden,7.64,4,20,6.11,30.56,24.45,PayPal,12,5,False,West,323.39
2958,10-26-24,2147,36,Female,Clothing,34.02,6,5,10.21,204.12,193.91,Mobile Wallet,25,2,False,East,564.44
2959,01-03-24,3446,23,Male,Electronics,1.3,6,5,0.39,7.8,7.41,Credit Card,27,4,False,North,7.41
2960,11-12-23,3840,64,Male,Electronics,16.55,7,20,23.17,115.85,92.68,PayPal,22,5,False,West,92.68
2961,09-25-23,2827,27,Other,Books,83.53,1,5,4.18,83.53,79.35,Mobile Wallet,10,5,False,North,1613.86
2962,01-04-24,1714,34,Other,Books,184.73,6,15,166.26,1108.38,942.12,Mobile Wallet,11,4,False,South,1941.88
2963,06-09-24,1050,32,Female,Home & Garden,122.28,9,5,55.03,1100.52,1045.49,Debit Card,8,5,True,South,1359.7
2964,05-24-24,4854,64,Other,Home & Garden,2.18,8,5,0.87,17.44,16.57,PayPal,27,3,False,North,1670.59
2965,04-22-24,1323,30,Other,Electronics,130.68,8,5,52.27,1045.44,993.17,Credit Card,12,1,False,West,993.17
2966,04-11-23,1788,29,Other,Home & Garden,86.48,6,15,77.83,518.88,441.05,Credit Card,14,1,False,North,467.59
2967,04-25-24,1140,36,Male,Books,101.14,4,10,40.46,404.56,364.1,Debit Card,21,5,False,South,836.91
2968,11-24-23,1469,24,Male,Electronics,123.15,1,0,0.0,123.15,123.15,Mobile Wallet,29,3,False,South,269.11
2969,07-28-23,1786,36,Female,Electronics,33.49,5,20,33.49,167.45,133.96,PayPal,22,2,False,West,200.67
2970,01-15-24,2825,70,Other,Clothing,11.86,5,20,11.86,59.3,47.44,Debit Card,3,5,False,West,315.89
2971,11-17-23,2357,39,Male,Clothing,1.06,7,15,1.11,7.42,6.31,Credit Card,27,3,False,South,543.21
2972,02-28-24,2916,38,Other,Home & Garden,1.19,1,0,0.0,1.19,1.19,Mobile Wallet,11,4,False,East,791.24
2973,02-16-23,1963,24,Female,Home & Garden,51.43,6,5,15.43,308.58,293.15,Mobile Wallet,27,5,False,South,741.44
2974,07-30-24,4055,60,Other,Books,20.57,7,20,28.8,143.99,115.19,PayPal,7,2,False,East,418.24
2975,08-15-23,1372,64,Female,Books,34.25,1,5,1.71,34.25,32.54,PayPal,28,4,False,West,55.3
2976,05-30-23,4635,47,Female,Clothing,7.04,3,15,3.17,21.12,17.95,PayPal,27,5,False,North,175.12
2977,01-17-23,3541,44,Male,Electronics,185.48,9,15,250.4,1669.32,1418.92,Debit Card,15,5,False,South,2216.54
2978,09-25-23,4610,31,Other,Sports,6.96,8,15,8.35,55.68,47.33,Credit Card,11,5,True,East,555.99
2979,07-20-24,2692,40,Male,Beauty,29.42,6,10,17.65,176.52,158.87,PayPal,25,4,False,South,746.14
2980,08-21-24,3798,22,Other,Beauty,29.29,8,15,35.15,234.32,199.17,Debit Card,25,5,False,South,274.95
2981,08-16-24,2179,18,Other,Sports,0.43,2,5,0.04,0.86,0.82,Debit Card,7,5,False,North,647.25
2982,03-03-24,3338,12,Female,Home & Garden,55.1,7,10,38.57,385.7,347.13,PayPal,19,4,False,East,1468.27
2983,10-30-23,2671,41,Female,Beauty,38.63,2,5,3.86,77.26,73.4,Debit Card,16,2,False,West,73.4
2984,06-06-23,4215,14,Other,Beauty,34.41,3,15,15.48,103.23,87.75,Credit Card,21,4,False,East,222.51
2985,07-20-23,1105,27,Male,Sports,85.21,2,10,17.04,170.42,153.38,PayPal,26,4,False,South,223.62
2986,12-04-23,2443,34,Female,Sports,13.8,5,0,0.0,69.0,69.0,Debit Card,25,5,False,North,80.13
2987,08-24-23,3717,49,Female,Clothing,98.7,5,15,74.03,493.5,419.47,Debit Card,27,5,False,West,1287.28
2988,01-24-24,2681,26,Other,Electronics,100.04,6,10,60.02,600.24,540.22,PayPal,25,4,True,North,1098.54
2989,08-06-24,1001,51,Other,Books,87.68,6,10,52.61,526.08,473.47,Debit Card,19,4,False,North,765.88
2990,09-09-23,3636,49,Female,Clothing,20.88,7,10,14.62,146.16,131.54,Credit Card,13,5,False,South,426.6
2991,05-26-24,3691,18,Male,Beauty,8.87,8,20,14.19,70.96,56.77,Debit Card,21,4,False,West,56.77
2992,07-17-24,3137,51,Female,Books,32.23,4,10,12.89,128.92,116.03,Mobile Wallet,17,2,False,North,376.67
2993,11-01-24,4416,30,Other,Clothing,15.04,9,0,0.0,135.36,135.36,Credit Card,14,5,True,West,2019.06
2994,12-02-24,1349,27,Female,Clothing,2.68,3,15,1.21,8.04,6.83,PayPal,23,5,False,West,6.83
2995,12-12-23,4530,30,Other,Sports,16.39,5,15,12.29,81.95,69.66,PayPal,2,4,False,West,1279.59
2996,09-21-23,2286,34,Female,Books,31.66,3,15,14.25,94.98,80.73,Debit Card,26,5,True,North,80.73
2997,05-15-24,4422,28,Other,Clothing,5.98,2,10,1.2,11.96,10.76,Mobile Wallet,26,4,False,North,10.76
2998,10-19-24,4179,22,Other,Sports,144.42,5,15,108.32,722.1,613.78,Credit Card,22,2,False,East,659.32
2999,05-17-24,4657,23,Male,Home & Garden,53.37,9,0,0.0,480.33,480.33,Debit Card,10,4,False,West,517.54
3000,04-16-24,2062,37,Other,Books,7.33,6,20,8.8,43.98,35.18,Credit Card,28,5,False,North,1456.7
3001,06-22-23,3956,32,Female,Clothing,83.58,4,0,0.0,334.32,334.32,PayPal,6,5,False,North,780.97
3002,12-27-23,3206,42,Other,Beauty,131.62,7,20,184.27,921.34,737.07,PayPal,16,1,False,South,816.87
3003,06-23-23,4654,35,Female,Home & Garden,15.24,5,15,11.43,76.2,64.77,Mobile Wallet,7,1,False,East,406.25
3004,05-24-23,4006,36,Male,Sports,7.73,7,5,2.71,54.11,51.4,PayPal,19,5,True,West,65.44
3005,07-13-24,3359,43,Female,Clothing,19.47,2,20,7.79,38.94,31.15,Mobile Wallet,24,5,False,North,128.42
3006,05-15-24,4312,56,Male,Beauty,89.26,2,0,0.0,178.52,178.52,PayPal,21,3,False,North,332.74
3007,07-08-23,1444,56,Male,Sports,9.62,9,0,0.0,86.58,86.58,Credit Card,10,4,False,East,745.28
3008,07-09-24,3345,55,Other,Sports,75.56,4,5,15.11,302.24,287.13,Credit Card,20,5,False,East,394.77
3009,10-19-24,1951,48,Male,Beauty,62.99,1,20,12.6,62.99,50.39,Debit Card,27,4,False,West,238.77
3010,03-02-23,1035,66,Female,Sports,52.69,9,20,94.84,474.21,379.37,Debit Card,15,2,False,North,2042.26
3011,06-20-24,2107,41,Male,Books,28.4,1,0,0.0,28.4,28.4,Debit Card,12,5,False,East,649.66
3012,02-04-23,2475,39,Male,Home & Garden,22.85,2,20,9.14,45.7,36.56,Debit Card,25,4,False,North,324.38
3013,03-18-23,4957,68,Other,Home & Garden,4.46,9,5,2.01,40.14,38.13,Debit Card,9,4,False,East,462.18
3014,11-15-24,2798,-5,Female,Electronics,22.11,3,20,13.27,66.33,53.06,Debit Card,18,2,False,North,91.75
3015,02-19-23,2845,31,Male,Clothing,46.05,1,20,9.21,46.05,36.84,Mobile Wallet,17,4,False,East,215.79
3016,01-07-23,2408,53,Other,Sports,114.24,3,5,17.14,342.72,325.58,Mobile Wallet,19,5,False,North,441.33
3017,02-27-24,2195,49,Other,Clothing,89.53,9,15,120.87,805.77,684.9,PayPal,10,5,False,East,773.35
3018,05-21-23,2399,73,Female,Home & Garden,1.64,2,20,0.66,3.28,2.62,Mobile Wallet,8,4,False,East,58.46
3019,10-07-24,2708,36,Other,Home & Garden,7.48,5,0,0.0,37.4,37.4,Credit Card,20,5,False,West,801.57
3020,08-25-23,2385,28,Male,Sports,94.35,1,10,9.44,94.35,84.91,Mobile Wallet,5,4,False,North,84.91
3021,03-11-23,3606,30,Other,Books,140.11,1,0,0.0,140.11,140.11,Debit Card,13,5,False,South,511.62
3022,12-25-24,3938,39,Female,Beauty,2.87,7,0,0.0,20.09,20.09,Mobile Wallet,21,2,False,East,498.47
3023,06-04-23,3188,59,Female,Sports,60.41,3,15,27.18,181.23,154.05,Credit Card,27,3,False,North,920.09
3024,01-10-23,3934,59,Other,Sports,22.76,1,15,3.41,22.76,19.35,PayPal,2,5,False,South,1012.5
3025,08-12-23,4989,34,Male,Electronics,22.65,1,0,0.0,22.65,22.65,Mobile Wallet,1,3,False,West,22.65
3026,06-01-24,4189,38,Other,Beauty,51.45,5,20,51.45,257.25,205.8,Credit Card,8,3,False,West,703.44
3027,04-11-24,2300,25,Female,Books,83.09,3,0,0.0,249.27,249.27,Mobile Wallet,10,2,False,South,306.73
3028,01-18-24,3773,27,Other,Clothing,16.07,4,20,12.86,64.28,51.42,PayPal,28,4,False,West,2324.83
3029,03-03-23,2243,50,Other,Beauty,61.1,6,5,18.33,366.6,348.27,Mobile Wallet,5,2,False,West,2377.56
3030,09-24-24,4976,59,Male,Books,50.51,2,5,5.05,101.02,95.97,Credit Card,18,4,False,North,135.01
3031,10-15-24,4097,24,Other,Sports,36.42,7,15,38.24,254.94,216.7,PayPal,23,5,False,East,320.44
3032,11-13-24,1520,38,Male,Sports,46.12,5,10,23.06,230.6,207.54,PayPal,2,5,False,North,1558.53
3033,09-23-24,2806,31,Other,Sports,0.91,8,10,0.73,7.28,6.55,PayPal,22,1,False,East,142.26
3034,05-09-24,1009,47,Other,Sports,0.2,4,15,0.12,0.8,0.68,PayPal,9,3,False,South,919.43
3035,11-06-24,1983,29,Male,Sports,39.97,8,5,15.99,319.76,303.77,Debit Card,16,3,False,East,441.07
3036,05-14-24,3425,6,Male,Beauty,37.13,4,15,22.28,148.52,126.24,Debit Card,20,2,False,North,187.93
3037,01-17-23,2656,50,Female,Beauty,3.7,5,5,0.92,18.5,17.58,Mobile Wallet,21,2,False,North,329.35
3038,01-07-23,2660,30,Male,Beauty,33.87,3,20,20.32,101.61,81.29,Mobile Wallet,17,5,False,West,81.29
3039,06-28-24,3729,32,Other,Books,70.84,4,5,14.17,283.36,269.19,PayPal,16,4,False,South,500.31
3040,07-18-24,3631,41,Female,Sports,38.96,9,5,17.53,350.64,333.11,Credit Card,29,4,False,North,476.45
3041,02-26-24,3199,40,Male,Home & Garden,36.45,5,5,9.11,182.25,173.14,Credit Card,1,4,False,East,254.16
3042,01-13-23,1719,41,Male,Beauty,63.28,4,10,25.31,253.12,227.81,Debit Card,25,5,False,North,2195.31
3043,01-18-23,2072,10,Female,Home & Garden,9.43,4,5,1.89,37.72,35.83,Credit Card,5,5,False,North,56.26
3044,06-26-24,4225,43,Other,Electronics,30.58,7,0,0.0,214.06,214.06,PayPal,28,5,False,North,413.96
3045,10-09-23,1858,6,Other,Clothing,8.01,2,20,3.2,16.02,12.82,Mobile Wallet,27,3,False,West,294.02
3046,07-02-24,2316,46,Female,Beauty,37.1,4,10,14.84,148.4,133.56,Mobile Wallet,19,4,True,West,850.93
3047,10-21-23,2603,51,Other,Home & Garden,44.82,3,0,0.0,134.46,134.46,PayPal,18,4,False,East,1719.74
3048,01-18-23,1049,14,Male,Electronics,6.49,7,10,4.54,45.43,40.89,Credit Card,26,4,False,West,339.77
3049,05-29-24,3711,39,Other,Books,3.93,4,10,1.57,15.72,14.15,Debit Card,23,5,False,East,62.9
3050,12-15-24,3578,50,Male,Clothing,9.12,8,0,0.0,72.96,72.96,Debit Card,20,3,False,West,95.78
3051,11-21-24,4683,28,Other,Sports,44.14,5,15,33.1,220.7,187.6,Mobile Wallet,3,5,False,West,1444.14
3052,03-16-24,4131,45,Male,Beauty,10.51,9,15,14.19,94.59,80.4,Credit Card,18,3,False,South,80.4
3053,07-03-23,4238,-6,Female,Beauty,16.1,9,5,7.24,144.9,137.66,Debit Card,11,5,False,East,167.63
3054,04-20-23,4273,51,Male,Sports,60.62,3,0,0.0,181.86,181.86,Credit Card,11,5,False,West,344.36
3055,04-09-23,3904,35,Other,Books,14.27,9,5,6.42,128.43,122.01,Credit Card,11,5,False,North,1953.46
3056,06-20-24,1145,31,Male,Clothing,25.34,4,15,15.2,101.36,86.16,Debit Card,10,4,False,North,383.74
3057,06-02-23,1914,49,Other,Beauty,132.14,9,0,0.0,1189.26,1189.26,Mobile Wallet,10,4,True,West,1342.48
3058,09-04-23,4747,60,Other,Home & Garden,87.15,2,0,0.0,174.3,174.3,Credit Card,4,5,False,East,2607.07
3059,07-16-23,4040,42,Male,Clothing,14.75,5,0,0.0,73.75,73.75,Debit Card,9,4,False,West,1372.69
3060,09-26-24,2462,59,Other,Electronics,45.51,6,5,13.65,273.06,259.41,PayPal,10,2,False,East,2661.14
3061,06-23-24,3289,11,Female,Beauty,54.8,3,10,16.44,164.4,147.96,PayPal,13,5,True,West,289.48
3062,09-16-23,1580,44,Other,Books,115.25,2,10,23.05,230.5,207.45,Mobile Wallet,23,4,False,South,868.99
3063,12-29-23,3734,33,Female,Home & Garden,39.64,1,10,3.96,39.64,35.68,Debit Card,1,4,False,East,409.96
3064,10-01-23,2584,23,Female,Clothing,41.2,7,0,0.0,288.4,288.4,Credit Card,16,5,False,West,606.88
3065,02-11-24,1482,6,Other,Clothing,109.66,4,15,65.8,438.64,372.84,PayPal,19,2,False,South,629.54
3066,03-22-23,4179,44,Female,Home & Garden,2.8,8,5,1.12,22.4,21.28,Credit Card,12,4,False,South,659.32
3067,01-18-24,2249,48,Female,Electronics,49.46,8,5,19.78,395.68,375.9,PayPal,5,4,False,East,1093.59
3068,02-20-24,1672,55,Male,Electronics,26.95,8,15,32.34,215.6,183.26,Debit Card,23,5,True,West,566.65
3069,04-15-24,1630,52,Female,Clothing,120.27,2,10,24.05,240.54,216.49,Credit Card,5,4,False,South,630.86
3070,08-01-24,3708,23,Female,Sports,161.62,5,20,161.62,808.1,646.48,Mobile Wallet,25,4,False,South,3560.74
3071,09-07-23,1661,54,Female,Home & Garden,9.33,8,15,11.2,74.64,63.44,Debit Card,7,4,False,North,2323.02
3072,12-14-24,4503,55,Female,Beauty,16.53,2,10,3.31,33.06,29.75,Credit Card,12,3,False,North,368.19
3073,08-20-23,3852,31,Female,Electronics,15.97,2,0,0.0,31.94,31.94,PayPal,14,4,False,North,350.44
3074,11-04-23,4726,35,Other,Beauty,5.3,1,15,0.8,5.3,4.5,Debit Card,1,4,False,East,593.33
3075,12-01-24,3466,20,Female,Electronics,32.98,6,10,19.79,197.88,178.09,Mobile Wallet,6,3,False,North,2121.52
3076,03-24-23,1987,57,Other,Electronics,35.98,5,5,8.99,179.9,170.91,PayPal,18,5,True,West,1477.23
3077,10-31-24,4526,12,Other,Books,42.55,1,20,8.51,42.55,34.04,Credit Card,6,4,False,South,137.08
3078,10-27-24,4231,43,Other,Beauty,54.38,8,20,87.01,435.04,348.03,Credit Card,19,4,False,North,627.96
3079,02-02-23,2546,26,Male,Sports,3.25,8,20,5.2,26.0,20.8,Debit Card,12,2,False,West,337.53
3080,04-06-23,1649,18,Male,Electronics,48.71,5,10,24.36,243.55,219.19,Mobile Wallet,18,2,False,West,648.58
3081,02-20-24,1968,6,Other,Sports,122.56,3,10,36.77,367.68,330.91,PayPal,3,5,False,North,553.31
3082,01-24-24,3637,31,Male,Clothing,30.35,8,0,0.0,242.8,242.8,Debit Card,11,5,False,East,697.17
3083,01-22-24,2100,16,Female,Clothing,5.64,3,20,3.38,16.92,13.54,Mobile Wallet,26,5,False,West,13.54
3084,07-19-24,3556,35,Other,Books,4.49,4,5,0.9,17.96,17.06,PayPal,4,4,False,East,331.5
3085,05-02-24,1440,61,Other,Sports,16.55,7,20,23.17,115.85,92.68,Mobile Wallet,13,5,False,East,381.94
3086,02-27-23,4325,37,Other,Home & Garden,69.82,7,15,73.31,488.74,415.43,Mobile Wallet,1,5,False,East,1247.61
3087,10-14-24,1920,64,Male,Books,15.12,4,15,9.07,60.48,51.41,PayPal,20,3,False,West,1738.92
3088,01-10-23,1769,20,Male,Electronics,84.19,9,5,37.89,757.71,719.82,Credit Card,6,4,True,North,1138.51
3089,12-20-24,2343,15,Male,Clothing,85.65,6,10,51.39,513.9,462.51,Credit Card,21,5,False,West,750.71
3090,06-25-23,2826,19,Female,Clothing,30.54,8,20,48.86,244.32,195.46,Mobile Wallet,29,3,False,South,950.84
3091,03-26-23,1262,34,Male,Home & Garden,17.89,7,15,18.78,125.23,106.45,Mobile Wallet,14,5,False,South,506.08
3092,05-26-24,4668,75,Other,Books,45.52,4,5,9.1,182.08,172.98,Debit Card,21,5,False,North,771.25
3093,03-20-24,4729,10,Male,Sports,83.18,2,0,0.0,166.36,166.36,Credit Card,9,4,False,West,517.47
3094,10-22-24,4906,44,Male,Clothing,3.34,2,15,1.0,6.68,5.68,Credit Card,9,4,False,West,693.3
3095,12-06-23,2577,24,Male,Electronics,153.33,8,15,184.0,1226.64,1042.64,Mobile Wallet,25,4,False,South,2916.92
3096,08-02-24,4445,31,Male,Home & Garden,51.91,8,20,83.06,415.28,332.22,Debit Card,7,4,True,South,1111.76
3097,04-08-23,3684,16,Other,Home & Garden,25.39,1,10,2.54,25.39,22.85,Debit Card,29,2,False,West,22.85
3098,06-24-24,4238,48,Male,Beauty,35.26,1,15,5.29,35.26,29.97,Debit Card,15,5,False,West,167.63
3099,02-13-23,4824,34,Other,Home & Garden,24.35,4,15,14.61,97.4,82.79,PayPal,10,5,False,North,107.02
3100,08-24-23,3506,51,Male,Electronics,26.6,1,20,5.32,26.6,21.28,PayPal,9,5,False,West,505.98
3101,08-05-23,1998,37,Female,Home & Garden,45.27,1,10,4.53,45.27,40.74,PayPal,29,3,False,East,900.58
3102,12-09-24,4351,6,Female,Sports,3.11,5,0,0.0,15.55,15.55,Debit Card,28,2,False,North,35.33
3103,08-03-24,1699,51,Other,Beauty,9.64,1,0,0.0,9.64,9.64,Credit Card,24,4,False,East,1051.95
3104,05-01-24,3349,4,Other,Sports,12.88,6,0,0.0,77.28,77.28,PayPal,24,4,False,South,201.9
3105,10-05-23,4602,6,Female,Books,26.17,4,0,0.0,104.68,104.68,Mobile Wallet,15,3,False,East,141.81
3106,02-17-23,2603,21,Female,Books,23.19,5,10,11.6,115.95,104.35,Mobile Wallet,21,4,True,East,1719.74
3107,03-18-23,2241,21,Male,Sports,64.04,9,0,0.0,576.36,576.36,Mobile Wallet,9,5,False,South,1319.91
3108,12-01-24,2125,55,Female,Electronics,15.0,2,20,6.0,30.0,24.0,Credit Card,24,2,False,East,208.0
3109,10-15-23,3601,32,Other,Beauty,2.94,3,20,1.76,8.82,7.06,PayPal,7,5,False,West,752.12
3110,07-10-24,3335,53,Other,Books,2.85,3,20,1.71,8.55,6.84,Credit Card,24,5,False,South,10.74
3111,07-31-24,2190,26,Female,Home & Garden,0.57,9,0,0.0,5.13,5.13,PayPal,25,3,False,South,5.13
3112,11-04-24,3668,39,Other,Sports,1.94,3,20,1.16,5.82,4.66,Mobile Wallet,23,5,False,West,579.15
3113,02-03-23,2005,42,Male,Clothing,97.83,5,20,97.83,489.15,391.32,Mobile Wallet,25,4,False,North,391.32
3114,07-03-23,1035,45,Male,Electronics,59.74,6,5,17.92,358.44,340.52,Credit Card,8,5,False,North,2042.26
3115,11-19-23,1743,28,Female,Electronics,275.22,6,0,0.0,1651.32,1651.32,PayPal,2,5,False,North,1856.19
3116,01-17-23,2764,29,Other,Sports,1.03,6,20,1.24,6.18,4.94,Mobile Wallet,3,3,False,South,1131.1
3117,08-01-23,1352,30,Female,Clothing,94.52,1,10,9.45,94.52,85.07,PayPal,22,5,False,East,782.55
3118,08-24-24,4747,10,Other,Electronics,59.55,6,20,71.46,357.3,285.84,PayPal,22,2,False,West,2607.07
3119,05-28-23,2922,33,Other,Beauty,51.13,1,5,2.56,51.13,48.57,Debit Card,23,5,False,East,48.57
3120,12-30-24,1072,29,Other,Books,22.04,6,10,13.22,132.24,119.02,PayPal,2,4,False,West,1005.16
3121,02-12-24,3695,43,Male,Beauty,23.64,6,10,14.18,141.84,127.66,Credit Card,28,3,False,North,188.58
3122,03-20-23,2376,36,Other,Clothing,93.4,3,15,42.03,280.2,238.17,Mobile Wallet,1,2,True,North,267.96
3123,11-03-23,2914,55,Male,Beauty,62.5,3,5,9.38,187.5,178.12,Credit Card,27,5,False,North,1197.49
3124,06-16-23,2093,36,Other,Home & Garden,55.48,6,5,16.64,332.88,316.24,PayPal,12,4,False,West,371.96
3125,07-31-24,3472,26,Female,Books,1.56,2,20,0.62,3.12,2.5,Credit Card,5,5,False,South,1098.13
3126,09-04-23,4046,35,Male,Clothing,10.19,5,5,2.55,50.95,48.4,Mobile Wallet,27,5,False,West,133.63
3127,08-03-24,1707,45,Male,Sports,164.34,3,10,49.3,493.02,443.72,PayPal,18,4,False,South,670.24
3128,02-03-24,2804,8,Male,Electronics,30.29,5,10,15.14,151.45,136.31,Credit Card,25,5,True,North,327.13
3129,11-24-24,3608,24,Female,Books,76.02,3,20,45.61,228.06,182.45,PayPal,19,3,False,South,515.49
3130,07-07-24,3875,24,Male,Sports,24.66,2,10,4.93,49.32,44.39,PayPal,28,3,False,North,930.29
3131,12-06-23,4713,41,Female,Clothing,72.26,4,20,57.81,289.04,231.23,Credit Card,2,1,True,East,554.3
3132,01-29-24,1955,42,Other,Home & Garden,6.35,5,15,4.76,31.75,26.99,PayPal,28,3,False,West,1955.32
3133,05-24-23,3564,36,Other,Electronics,2.15,6,5,0.64,12.9,12.26,Credit Card,16,3,False,South,195.33
3134,12-06-24,3475,-2,Female,Electronics,31.38,2,5,3.14,62.76,59.62,Mobile Wallet,28,3,False,South,290.09
3135,03-22-23,4610,10,Male,Books,44.78,3,5,6.72,134.34,127.62,PayPal,23,4,False,South,555.99
3136,05-27-24,1159,31,Male,Sports,19.56,3,15,8.8,58.68,49.88,Credit Card,6,4,False,South,1269.17
3137,12-21-23,3196,27,Female,Clothing,62.94,6,5,18.88,377.64,358.76,Mobile Wallet,24,3,False,East,444.19
3138,02-24-23,3823,35,Other,Clothing,34.24,1,15,5.14,34.24,29.1,Debit Card,25,5,False,East,197.13
3139,04-11-23,4301,27,Female,Sports,131.77,7,15,138.36,922.39,784.03,PayPal,3,2,False,South,845.68
3140,03-23-24,2735,57,Male,Electronics,4.44,8,20,7.1,35.52,28.42,Mobile Wallet,8,5,True,East,529.35
3141,08-26-23,2585,0,Male,Sports,3.44,7,0,0.0,24.08,24.08,PayPal,4,1,False,North,348.13
3142,03-19-23,1066,39,Male,Beauty,117.76,4,0,0.0,471.04,471.04,PayPal,18,5,False,East,599.2
3143,12-15-23,4061,47,Male,Clothing,55.3,7,20,77.42,387.1,309.68,Debit Card,20,4,False,West,357.77
3144,09-11-24,4883,45,Other,Sports,55.6,1,20,11.12,55.6,44.48,Mobile Wallet,4,5,False,West,217.62
3145,09-20-24,3428,46,Other,Electronics,1.4,8,20,2.24,11.2,8.96,PayPal,8,3,False,North,1663.21
3146,09-01-24,1057,48,Other,Books,138.77,3,5,20.82,416.31,395.49,Mobile Wallet,26,3,False,South,652.43
3147,02-11-24,4330,25,Male,Beauty,73.88,9,10,66.49,664.92,598.43,Debit Card,24,5,False,North,623.36
3148,12-01-23,1341,18,Male,Electronics,72.26,1,20,14.45,72.26,57.81,Mobile Wallet,29,4,False,North,352.35
3149,01-31-23,4909,4,Male,Home & Garden,121.48,6,15,109.33,728.88,619.55,Debit Card,7,4,False,East,619.55
3150,10-11-24,2153,29,Female,Home & Garden,43.16,1,0,0.0,43.16,43.16,Mobile Wallet,20,5,False,South,120.06
3151,10-07-23,3774,23,Male,Sports,25.1,8,5,10.04,200.8,190.76,Debit Card,18,4,False,East,657.71
3152,04-06-24,2195,52,Other,Electronics,32.76,3,10,9.83,98.28,88.45,Mobile Wallet,1,2,False,East,773.35
3153,05-17-24,3817,30,Other,Electronics,75.08,4,0,0.0,300.32,300.32,Credit Card,27,4,False,South,414.99
3154,08-22-23,3661,19,Other,Clothing,73.21,6,0,0.0,439.26,439.26,Credit Card,18,4,False,South,608.11
3155,12-31-23,2232,17,Female,Books,47.03,4,0,0.0,188.12,188.12,PayPal,2,5,False,East,219.85
3156,07-20-24,4874,64,Other,Beauty,12.3,8,15,14.76,98.4,83.64,Debit Card,19,5,False,East,1248.2
3157,01-20-24,3401,34,Female,Electronics,85.43,9,15,115.33,768.87,653.54,PayPal,10,4,False,West,1190.67
3158,03-18-24,2494,23,Female,Beauty,52.1,5,15,39.08,260.5,221.42,Credit Card,21,5,False,North,507.0
3159,07-10-23,2821,36,Female,Sports,12.5,1,10,1.25,12.5,11.25,PayPal,1,4,False,North,1362.28
3160,11-27-24,1115,63,Male,Clothing,32.76,8,0,0.0,262.08,262.08,Mobile Wallet,21,5,False,East,1179.77
3161,08-22-24,4335,29,Male,Beauty,294.02,2,20,117.61,588.04,470.43,Debit Card,7,3,False,East,1571.68
3162,11-07-24,1661,45,Other,Beauty,19.9,6,10,11.94,119.4,107.46,Debit Card,28,4,False,East,2323.02
3163,01-25-24,4883,52,Other,Beauty,6.2,6,15,5.58,37.2,31.62,Mobile Wallet,14,2,False,West,217.62
3164,03-29-23,2465,6,Female,Beauty,1.1,7,15,1.16,7.7,6.54,Debit Card,1,4,False,East,93.39
3165,09-25-24,4619,25,Male,Beauty,10.21,9,15,13.78,91.89,78.11,Debit Card,4,3,False,West,770.85
3166,10-30-23,3500,50,Other,Clothing,10.35,1,5,0.52,10.35,9.83,PayPal,11,5,False,East,10.43
3167,09-10-23,2868,24,Other,Sports,97.62,8,0,0.0,780.96,780.96,Debit Card,2,4,False,South,890.2
3168,12-31-24,4548,41,Male,Beauty,8.49,5,20,8.49,42.45,33.96,Credit Card,8,4,False,West,352.84
3169,03-17-23,3334,23,Female,Beauty,99.26,6,0,0.0,595.56,595.56,Mobile Wallet,18,5,False,East,3436.42
3170,03-26-23,4374,28,Other,Sports,4.54,8,10,3.63,36.32,32.69,Debit Card,17,4,False,East,624.01
3171,10-02-23,2016,26,Other,Electronics,118.57,8,5,47.43,948.56,901.13,Credit Card,14,5,True,North,2013.27
3172,06-07-23,1310,44,Male,Electronics,14.81,7,10,10.37,103.67,93.3,Mobile Wallet,18,1,False,South,437.32
3173,01-25-24,1207,38,Male,Clothing,47.27,7,15,49.63,330.89,281.26,PayPal,10,5,True,North,1076.31
3174,12-29-24,3665,36,Female,Clothing,8.7,1,15,1.3,8.7,7.4,PayPal,20,2,False,East,320.55
3175,10-11-24,3493,72,Female,Books,24.72,8,20,39.55,197.76,158.21,PayPal,21,5,False,East,1343.77
3176,06-07-23,3717,61,Other,Clothing,4.48,3,0,0.0,13.44,13.44,PayPal,18,5,True,East,1287.28
3177,02-03-24,1632,5,Female,Sports,43.32,5,10,21.66,216.6,194.94,Credit Card,20,4,False,West,1320.74
3178,11-21-23,3102,28,Other,Beauty,21.22,4,15,12.73,84.88,72.15,Credit Card,23,5,False,East,856.89
3179,01-05-24,3959,71,Other,Sports,95.58,3,20,57.35,286.74,229.39,Debit Card,5,4,False,West,1551.99
3180,04-20-23,4083,26,Male,Books,10.03,5,20,10.03,50.15,40.12,Debit Card,8,4,False,East,301.85
3181,04-04-23,1656,66,Other,Home & Garden,16.42,3,10,4.93,49.26,44.33,PayPal,10,4,False,South,306.0
3182,01-06-23,2423,28,Male,Home & Garden,9.76,9,0,0.0,87.84,87.84,Mobile Wallet,25,4,False,South,387.74
3183,11-12-23,2931,31,Other,Sports,41.49,9,5,18.67,373.41,354.74,Mobile Wallet,1,5,False,West,1561.76
3184,03-31-24,4719,47,Other,Home & Garden,5.92,6,20,7.1,35.52,28.42,PayPal,17,5,False,South,1458.13
3185,01-04-24,4027,33,Other,Home & Garden,10.5,3,10,3.15,31.5,28.35,Credit Card,19,4,False,South,28.35
3186,10-04-23,3562,42,Female,Books,56.74,5,15,42.56,283.7,241.14,Credit Card,24,4,False,South,695.7
3187,04-15-23,2679,58,Female,Beauty,3.87,8,5,1.55,30.96,29.41,PayPal,17,2,False,North,470.33
3188,05-16-23,4613,46,Male,Clothing,67.97,9,5,30.59,611.73,581.14,PayPal,10,4,True,North,2012.54
3189,03-31-23,1236,37,Other,Clothing,5.51,3,0,0.0,16.53,16.53,Credit Card,18,4,True,South,78.75
3190,07-11-23,4350,60,Male,Home & Garden,44.03,5,10,22.02,220.15,198.13,Credit Card,1,3,False,East,1231.38
3191,03-17-24,1347,48,Male,Electronics,306.18,2,0,0.0,612.36,612.36,Credit Card,17,4,False,East,667.13
3192,04-04-24,3674,23,Other,Books,9.55,2,20,3.82,19.1,15.28,PayPal,28,5,False,East,445.48
3193,07-24-24,4175,64,Female,Beauty,15.13,2,20,6.05,30.26,24.21,Credit Card,13,5,False,South,1473.47
3194,07-22-24,1629,44,Female,Beauty,114.35,6,10,68.61,686.1,617.49,Mobile Wallet,25,4,False,South,818.67
3195,06-08-24,2540,31,Male,Home & Garden,49.21,3,15,22.14,147.63,125.49,Credit Card,28,5,False,East,281.73
3196,02-22-24,3003,4,Female,Electronics,33.92,5,20,33.92,169.6,135.68,Debit Card,10,4,False,North,502.21
3197,04-16-23,4943,14,Other,Electronics,41.36,8,20,66.18,330.88,264.7,Credit Card,1,4,False,North,505.14
3198,01-27-23,2271,60,Other,Beauty,17.51,5,15,13.13,87.55,74.42,Debit Card,20,3,False,North,675.44
3199,04-02-23,1363,61,Female,Books,96.66,2,5,9.67,193.32,183.65,Mobile Wallet,7,5,True,North,1048.57
3200,12-29-23,3368,36,Female,Clothing,68.38,6,10,41.03,410.28,369.25,Debit Card,28,4,False,West,1377.69
3201,07-21-24,4704,8,Male,Beauty,51.43,2,5,5.14,102.86,97.72,PayPal,21,3,False,West,97.72
3202,04-06-23,1285,18,Female,Beauty,134.22,8,0,0.0,1073.76,1073.76,PayPal,26,4,False,East,2586.13
3203,09-03-24,1148,10,Male,Sports,43.15,2,15,12.94,86.3,73.36,PayPal,13,3,False,West,782.87
3204,09-04-24,2107,10,Other,Electronics,35.86,7,10,25.1,251.02,225.92,Mobile Wallet,21,5,True,West,649.66
3205,11-29-23,3453,65,Other,Sports,185.85,4,15,111.51,743.4,631.89,PayPal,7,4,False,North,631.89
3206,01-30-24,4025,65,Other,Sports,11.53,4,15,6.92,46.12,39.2,Credit Card,6,5,False,West,578.24
3207,01-13-23,1455,18,Female,Books,7.66,8,5,3.06,61.28,58.22,Mobile Wallet,22,5,True,South,1226.17
3208,10-26-23,2766,34,Female,Beauty,8.85,4,5,1.77,35.4,33.63,Mobile Wallet,13,3,False,South,33.63
3209,02-28-24,1799,15,Female,Clothing,227.54,8,0,0.0,1820.32,1820.32,Credit Card,8,5,False,South,2357.1
3210,02-02-24,2184,34,Male,Books,52.81,9,10,47.53,475.29,427.76,Credit Card,16,4,False,North,2317.61
3211,03-28-23,2012,59,Male,Electronics,18.26,8,15,21.91,146.08,124.17,Debit Card,26,5,False,South,615.1
3212,07-26-24,3831,51,Male,Clothing,14.32,4,0,0.0,57.28,57.28,PayPal,9,3,False,South,2087.26
3213,09-06-23,3507,47,Other,Beauty,2.92,5,15,2.19,14.6,12.41,Credit Card,13,3,False,South,859.77
3214,08-08-24,4621,32,Male,Home & Garden,7.08,6,0,0.0,42.48,42.48,Mobile Wallet,27,3,False,South,55.98
3215,06-17-24,2523,53,Female,Clothing,119.39,9,15,161.18,1074.51,913.33,Mobile Wallet,2,5,False,East,1418.5
3216,06-23-23,3785,44,Female,Books,68.79,5,5,17.2,343.95,326.75,Credit Card,12,2,False,North,1236.31
3217,12-02-24,3556,41,Other,Books,141.99,2,20,56.8,283.98,227.18,PayPal,12,5,False,North,331.5
3218,01-25-24,4725,33,Female,Sports,27.56,7,0,0.0,192.92,192.92,Debit Card,26,3,True,West,1582.3
3219,06-23-23,4875,39,Female,Beauty,45.97,6,0,0.0,275.82,275.82,Debit Card,15,3,False,North,520.48
3220,05-23-23,1480,39,Female,Home & Garden,33.05,3,20,19.83,99.15,79.32,PayPal,20,3,False,East,496.96
3221,10-03-23,2686,26,Male,Beauty,106.59,8,5,42.64,852.72,810.08,PayPal,10,5,False,North,1144.09
3222,11-05-23,3161,23,Male,Clothing,237.69,3,0,0.0,713.07,713.07,Mobile Wallet,25,5,False,East,964.74
3223,10-02-23,3796,20,Female,Home & Garden,134.99,4,5,27.0,539.96,512.96,Credit Card,14,5,False,South,650.33
3224,05-19-24,2601,21,Female,Beauty,45.57,9,15,61.52,410.13,348.61,Debit Card,26,2,False,East,448.61
3225,05-30-23,3408,32,Female,Sports,3.19,4,15,1.91,12.76,10.85,PayPal,17,3,False,North,1275.33
3226,03-06-23,1340,29,Female,Home & Garden,48.05,2,20,19.22,96.1,76.88,Mobile Wallet,10,5,False,East,1374.18
3227,06-21-23,3817,25,Male,Home & Garden,5.1,9,10,4.59,45.9,41.31,Debit Card,29,5,False,East,414.99
3228,03-21-24,3010,24,Other,Clothing,7.47,8,5,2.99,59.76,56.77,Mobile Wallet,24,4,False,South,703.35
3229,10-10-23,3808,39,Female,Home & Garden,10.62,4,10,4.25,42.48,38.23,Mobile Wallet,11,5,False,East,944.15
3230,03-07-24,4016,55,Male,Sports,22.59,6,10,13.55,135.54,121.99,Debit Card,17,2,False,East,496.43
3231,11-03-23,3496,34,Female,Electronics,44.8,6,5,13.44,268.8,255.36,Mobile Wallet,11,5,False,West,533.41
3232,05-10-24,2866,33,Other,Electronics,20.29,2,10,4.06,40.58,36.52,Credit Card,15,3,False,West,185.42
3233,03-20-23,1834,20,Male,Books,30.1,9,0,0.0,270.9,270.9,Mobile Wallet,4,4,False,East,519.62
3234,01-05-24,2203,31,Male,Electronics,2.42,6,15,2.18,14.52,12.34,Credit Card,25,4,False,East,115.49
3235,09-15-23,2725,52,Other,Clothing,48.35,5,20,48.35,241.75,193.4,PayPal,4,5,False,North,217.4
3236,09-10-23,4478,50,Other,Books,53.51,2,5,5.35,107.02,101.67,Debit Card,21,4,False,South,178.07
3237,10-02-24,2689,49,Male,Electronics,5.23,1,20,1.05,5.23,4.18,Mobile Wallet,15,5,False,East,163.78
3238,05-22-24,4267,49,Other,Electronics,76.88,7,15,80.72,538.16,457.44,Credit Card,14,3,False,South,1287.03
3239,08-31-24,4537,41,Female,Books,52.13,4,20,41.7,208.52,166.82,Mobile Wallet,29,5,False,West,545.87
3240,09-23-24,1310,41,Other,Clothing,33.64,7,5,11.77,235.48,223.71,Mobile Wallet,9,5,False,South,437.32
3241,07-20-23,1261,38,Other,Books,40.24,5,20,40.24,201.2,160.96,Credit Card,16,5,True,North,321.65
3242,04-13-24,2442,28,Male,Clothing,34.96,1,10,3.5,34.96,31.46,Mobile Wallet,24,5,False,East,52.48
3243,04-20-23,1405,36,Other,Clothing,2.76,5,10,1.38,13.8,12.42,Debit Card,1,5,False,West,1360.92
3244,05-19-23,3190,38,Male,Beauty,66.43,4,15,39.86,265.72,225.86,Debit Card,3,5,True,East,484.25
3245,11-08-23,1341,44,Female,Sports,35.85,1,10,3.58,35.85,32.27,Debit Card,4,5,False,North,352.35
3246,01-07-23,2339,36,Other,Electronics,9.49,2,20,3.8,18.98,15.18,Debit Card,19,3,False,West,15.18
3247,02-10-24,4172,66,Other,Beauty,57.09,9,0,0.0,513.81,513.81,Credit Card,9,1,False,West,513.81
3248,12-07-23,1243,16,Male,Electronics,59.38,1,20,11.88,59.38,47.5,Mobile Wallet,22,5,True,West,64.51
3249,09-27-24,1489,46,Male,Beauty,12.01,4,0,0.0,48.04,48.04,Credit Card,19,3,False,North,337.02
3250,01-25-24,1011,34,Other,Home & Garden,79.6,8,20,127.36,636.8,509.44,Mobile Wallet,8,5,False,West,1431.16
3251,12-04-23,4310,35,Male,Books,30.49,5,0,0.0,152.45,152.45,PayPal,25,4,False,North,1456.69
3252,03-26-24,1560,22,Other,Beauty,9.96,7,0,0.0,69.72,69.72,Mobile Wallet,26,1,False,South,1969.58
3253,12-09-23,1041,50,Female,Sports,53.59,2,5,5.36,107.18,101.82,Mobile Wallet,4,5,False,East,101.82
3254,03-16-24,3725,44,Other,Electronics,45.41,4,5,9.08,181.64,172.56,Debit Card,13,2,False,East,744.84
3255,10-28-24,1593,47,Female,Home & Garden,9.34,4,20,7.47,37.36,29.89,Mobile Wallet,21,3,False,West,334.56
3256,08-31-24,2452,37,Female,Sports,102.92,1,10,10.29,102.92,92.63,PayPal,19,4,False,East,92.63
3257,05-20-23,2826,30,Male,Clothing,96.39,8,5,38.56,771.12,732.56,Credit Card,14,2,False,West,950.84
3258,11-04-23,4229,34,Male,Electronics,90.47,3,0,0.0,271.41,271.41,Debit Card,5,5,False,North,1004.85
3259,11-25-23,4287,41,Male,Beauty,25.48,4,20,20.38,101.92,81.54,PayPal,18,5,False,South,214.6
3260,09-09-24,2693,4,Male,Books,87.04,2,10,17.41,174.08,156.67,PayPal,18,5,False,South,1129.73
3261,12-12-24,4533,48,Other,Sports,93.15,5,20,93.15,465.75,372.6,PayPal,27,5,False,North,511.05
3262,07-25-23,1133,71,Female,Home & Garden,283.33,5,0,0.0,1416.65,1416.65,Credit Card,29,5,False,West,2063.22
3263,05-05-24,4138,42,Other,Books,158.04,3,5,23.71,474.12,450.41,Credit Card,21,4,False,East,638.75
3264,11-18-23,4919,30,Female,Clothing,24.13,8,5,9.65,193.04,183.39,PayPal,15,2,False,East,621.11
3265,07-01-23,4078,32,Female,Books,11.05,1,15,1.66,11.05,9.39,Credit Card,23,3,True,West,9.39
3266,02-12-24,1947,45,Female,Home & Garden,17.3,2,15,5.19,34.6,29.41,Mobile Wallet,17,4,True,West,505.95
3267,11-23-23,4597,31,Other,Clothing,34.14,1,20,6.83,34.14,27.31,Mobile Wallet,3,4,True,West,709.73
3268,10-26-23,1072,48,Male,Home & Garden,81.86,6,20,98.23,491.16,392.93,Credit Card,1,2,False,South,1005.16
3269,12-12-24,1398,32,Other,Electronics,64.18,4,10,25.67,256.72,231.05,PayPal,24,3,False,South,1274.26
3270,10-10-24,2428,60,Female,Home & Garden,77.49,1,5,3.87,77.49,73.62,PayPal,18,4,False,East,100.39
3271,05-17-24,4746,60,Other,Books,23.9,7,5,8.36,167.3,158.94,Debit Card,22,4,False,West,907.04
3272,08-12-24,3625,30,Female,Electronics,14.18,9,15,19.14,127.62,108.48,PayPal,27,5,False,North,263.63
3273,09-06-23,3906,33,Male,Electronics,1.22,5,0,0.0,6.1,6.1,Debit Card,16,2,False,West,1530.02
3274,11-30-23,1129,34,Male,Sports,49.2,7,0,0.0,344.4,344.4,Debit Card,6,4,False,North,920.71
3275,01-21-24,3978,34,Other,Books,79.25,4,15,47.55,317.0,269.45,PayPal,9,4,False,West,872.88
3276,10-15-23,4537,20,Male,Books,109.97,4,20,87.98,439.88,351.9,Credit Card,22,2,False,West,545.87
3277,02-07-24,4277,18,Female,Clothing,32.34,4,5,6.47,129.36,122.89,Debit Card,10,5,True,South,331.56
3278,01-09-24,2811,53,Female,Home & Garden,131.31,5,5,32.83,656.55,623.72,Debit Card,22,4,False,North,849.53
3279,04-27-23,3001,51,Male,Beauty,11.31,8,5,4.52,90.48,85.96,Debit Card,29,4,False,West,546.38
3280,07-31-24,4839,51,Male,Home & Garden,36.12,4,0,0.0,144.48,144.48,Credit Card,27,5,False,West,383.54
3281,07-24-23,1265,33,Male,Books,12.03,7,20,16.84,84.21,67.37,Credit Card,17,3,False,North,255.44
3282,08-29-24,2560,63,Other,Home & Garden,10.42,9,0,0.0,93.78,93.78,Debit Card,7,4,False,East,1202.68
3283,07-12-24,2985,34,Other,Books,153.3,6,20,183.96,919.8,735.84,Credit Card,14,3,False,East,1265.88
3284,07-04-23,1792,47,Female,Electronics,85.12,4,15,51.07,340.48,289.41,Debit Card,14,4,False,North,814.67
3285,11-29-24,3300,14,Other,Home & Garden,0.59,5,20,0.59,2.95,2.36,Debit Card,12,4,False,West,1700.69
3286,07-17-24,3869,31,Other,Home & Garden,15.63,8,0,0.0,125.04,125.04,Mobile Wallet,6,3,False,West,601.7
3287,01-28-23,2312,32,Female,Books,11.48,4,5,2.3,45.92,43.62,Credit Card,29,2,False,South,531.76
3288,04-17-24,1163,34,Female,Books,7.96,4,0,0.0,31.84,31.84,Mobile Wallet,14,1,False,West,537.82
3289,12-26-24,1094,15,Male,Clothing,59.77,7,15,62.76,418.39,355.63,Mobile Wallet,8,3,False,East,589.63
3290,08-03-23,2805,45,Male,Home & Garden,41.83,6,5,12.55,250.98,238.43,PayPal,17,3,False,East,714.83
3291,03-24-24,3880,50,Other,Sports,30.25,1,0,0.0,30.25,30.25,Debit Card,8,4,False,West,152.31
3292,10-26-23,2133,23,Female,Books,10.51,9,5,4.73,94.59,89.86,Debit Card,8,3,False,East,486.75
3293,12-10-24,3383,17,Other,Sports,16.26,5,15,12.2,81.3,69.1,Debit Card,17,5,True,West,222.35
3294,03-12-23,1821,23,Other,Electronics,22.01,2,20,8.8,44.02,35.22,Debit Card,11,4,False,South,456.25
3295,02-23-24,1237,42,Female,Electronics,76.97,5,20,76.97,384.85,307.88,Mobile Wallet,7,5,False,West,480.82
3296,11-20-24,3428,26,Female,Sports,226.36,8,10,181.09,1810.88,1629.79,Mobile Wallet,23,3,True,East,1663.21
3297,05-26-24,4507,32,Female,Beauty,10.17,6,5,3.05,61.02,57.97,Mobile Wallet,7,4,False,East,1462.35
3298,05-23-23,3946,18,Female,Electronics,20.89,8,15,25.07,167.12,142.05,Mobile Wallet,12,5,False,North,1973.54
3299,10-10-24,3530,64,Other,Sports,16.44,5,0,0.0,82.2,82.2,Debit Card,16,4,False,South,170.13
3300,11-07-23,2960,36,Other,Clothing,2.25,4,0,0.0,9.0,9.0,Credit Card,13,4,False,North,890.5
3301,09-05-23,3949,52,Other,Clothing,12.37,3,10,3.71,37.11,33.4,Credit Card,29,5,False,West,1257.32
3302,09-16-23,2048,42,Female,Electronics,115.94,2,0,0.0,231.88,231.88,Debit Card,15,5,True,West,377.96
3303,11-05-24,2676,34,Male,Sports,92.53,9,15,124.92,832.77,707.85,Credit Card,19,4,False,North,1019.79
3304,06-07-23,4188,33,Other,Sports,9.17,1,15,1.38,9.17,7.79,PayPal,3,5,False,North,323.39
3305,03-09-24,3529,24,Male,Sports,22.8,2,20,9.12,45.6,36.48,PayPal,11,5,True,North,36.48
3306,01-22-24,4463,28,Male,Beauty,18.61,6,5,5.58,111.66,106.08,Credit Card,24,2,False,North,106.08
3307,03-17-23,3964,19,Male,Electronics,7.99,6,5,2.4,47.94,45.54,Credit Card,8,4,False,North,2127.34
3308,04-04-24,4041,18,Female,Beauty,48.67,1,0,0.0,48.67,48.67,Mobile Wallet,8,5,False,East,77.02
3309,09-04-24,1963,66,Female,Sports,40.74,8,5,16.3,325.92,309.62,Debit Card,12,4,False,South,741.44
3310,05-05-24,1536,39,Other,Books,27.84,4,10,11.14,111.36,100.22,Debit Card,3,5,False,North,419.02
3311,08-19-24,4150,56,Other,Sports,96.72,7,5,33.85,677.04,643.19,PayPal,20,4,False,South,953.01
3312,02-15-24,2603,23,Female,Books,48.34,9,0,0.0,435.06,435.06,Credit Card,28,2,False,South,1719.74
3313,07-01-24,4244,16,Female,Clothing,15.01,2,5,1.5,30.02,28.52,Credit Card,2,5,True,West,34.78
3314,06-02-24,2979,20,Male,Books,23.4,7,15,24.57,163.8,139.23,PayPal,27,5,True,East,180.11
3315,12-09-24,4083,28,Female,Clothing,8.14,1,15,1.22,8.14,6.92,PayPal,3,5,False,South,301.85
3316,03-04-24,4871,35,Female,Electronics,44.75,3,20,26.85,134.25,107.4,Mobile Wallet,16,1,False,South,513.59
3317,07-10-24,1127,32,Female,Beauty,44.17,4,20,35.34,176.68,141.34,Mobile Wallet,21,5,False,South,1100.63
3318,02-07-23,4679,23,Female,Beauty,102.08,3,20,61.25,306.24,244.99,Credit Card,19,1,False,South,244.99
3319,01-04-24,1091,36,Male,Clothing,96.83,8,20,154.93,774.64,619.71,PayPal,20,5,False,East,820.94
3320,12-19-24,4724,37,Other,Clothing,90.68,7,5,31.74,634.76,603.02,Credit Card,7,5,True,East,603.02
3321,07-03-24,1542,45,Male,Sports,39.81,3,0,0.0,119.43,119.43,PayPal,19,4,False,West,119.43
3322,08-31-24,1845,57,Female,Home & Garden,52.78,7,5,18.47,369.46,350.99,PayPal,1,4,False,North,1424.94
3323,10-15-24,4603,29,Female,Clothing,74.7,2,0,0.0,149.4,149.4,PayPal,13,5,False,West,372.7
3324,03-29-23,2681,53,Other,Books,4.81,3,0,0.0,14.43,14.43,Debit Card,14,2,True,South,1098.54
3325,04-22-23,4036,35,Other,Electronics,17.88,7,0,0.0,125.16,125.16,Debit Card,1,5,False,West,131.1
3326,09-12-23,2851,12,Other,Beauty,9.26,5,0,0.0,46.3,46.3,Debit Card,4,3,False,South,387.36
3327,11-04-24,3494,61,Male,Books,35.82,9,15,48.36,322.38,274.02,Mobile Wallet,17,4,False,West,514.61
3328,11-11-24,1389,69,Other,Beauty,90.91,8,0,0.0,727.28,727.28,Mobile Wallet,6,4,False,West,1424.19
3329,12-30-23,3719,44,Female,Electronics,13.11,6,5,3.93,78.66,74.73,PayPal,20,5,False,West,852.45
3330,06-20-23,2884,36,Female,Books,65.63,4,0,0.0,262.52,262.52,Debit Card,21,3,False,East,559.23
3331,10-24-24,1042,30,Female,Beauty,26.03,3,15,11.71,78.09,66.38,PayPal,6,3,True,West,1061.36
3332,09-19-24,1253,28,Male,Clothing,116.69,6,5,35.01,700.14,665.13,Debit Card,2,5,False,East,967.08
3333,02-15-23,4201,53,Other,Home & Garden,49.28,9,10,44.35,443.52,399.17,Mobile Wallet,17,4,False,East,1797.38
3334,07-30-24,2083,34,Other,Clothing,187.65,5,5,46.91,938.25,891.34,Mobile Wallet,29,3,False,West,2687.76
3335,10-22-24,3710,60,Other,Beauty,14.1,7,15,14.8,98.7,83.9,Credit Card,26,5,False,South,417.27
3336,11-24-24,3514,35,Other,Sports,128.82,7,15,135.26,901.74,766.48,PayPal,16,2,False,East,1871.74
3337,10-24-24,3334,28,Female,Books,22.08,7,20,30.91,154.56,123.65,Mobile Wallet,12,5,True,West,3436.42
3338,02-14-24,4058,25,Male,Home & Garden,48.64,9,10,43.78,437.76,393.98,Debit Card,12,4,False,West,872.11
3339,12-06-23,2540,23,Other,Books,9.59,2,0,0.0,19.18,19.18,Mobile Wallet,18,3,False,South,281.73
3340,03-16-24,4538,42,Female,Sports,71.31,8,15,85.57,570.48,484.91,Debit Card,16,4,False,East,924.92
3341,04-19-23,2953,15,Female,Sports,191.41,2,20,76.56,382.82,306.26,PayPal,6,2,False,South,494.79
3342,01-11-23,3825,22,Male,Sports,77.42,1,20,15.48,77.42,61.94,PayPal,13,5,True,North,160.34
3343,04-11-23,3392,54,Other,Beauty,47.83,6,0,0.0,286.98,286.98,PayPal,26,5,False,East,360.38
3344,09-22-23,1641,20,Male,Clothing,29.73,2,5,2.97,59.46,56.49,Mobile Wallet,25,4,True,North,197.4
3345,08-16-23,3429,47,Other,Beauty,21.17,5,10,10.58,105.85,95.27,Mobile Wallet,16,4,False,West,255.32
3346,06-06-24,4850,4,Male,Clothing,27.15,1,0,0.0,27.15,27.15,PayPal,24,5,False,East,745.89
3347,06-15-24,1689,56,Other,Home & Garden,19.9,7,0,0.0,139.3,139.3,Mobile Wallet,10,4,True,East,726.71
3348,07-25-24,2276,15,Other,Sports,89.4,1,5,4.47,89.4,84.93,PayPal,11,5,False,South,343.97
3349,08-17-24,2950,21,Male,Clothing,111.8,8,5,44.72,894.4,849.68,PayPal,1,2,False,North,1553.75
3350,12-05-24,2079,45,Other,Electronics,149.45,5,15,112.09,747.25,635.16,PayPal,21,5,True,South,969.06
3351,08-12-24,2486,39,Male,Electronics,27.1,5,5,6.78,135.5,128.72,Credit Card,7,4,True,West,357.19
3352,08-15-23,1456,48,Male,Clothing,39.51,3,5,5.93,118.53,112.6,Debit Card,24,4,False,South,1599.0
3353,04-01-24,1982,15,Other,Home & Garden,43.01,2,10,8.6,86.02,77.42,Credit Card,23,5,True,South,77.42
3354,01-19-24,3130,30,Other,Books,52.65,6,10,31.59,315.9,284.31,PayPal,17,2,False,South,342.82
3355,02-05-24,4976,25,Male,Beauty,0.12,4,10,0.05,0.48,0.43,Mobile Wallet,12,3,True,East,135.01
3356,04-19-24,2122,18,Female,Sports,92.48,4,0,0.0,369.92,369.92,Mobile Wallet,20,4,False,West,406.16
3357,11-26-24,1148,43,Male,Clothing,15.61,6,10,9.37,93.66,84.29,Credit Card,20,4,False,West,782.87
3358,08-25-24,2352,49,Female,Home & Garden,31.95,2,10,6.39,63.9,57.51,PayPal,15,4,False,South,390.8
3359,12-08-24,2179,29,Female,Beauty,92.12,2,20,36.85,184.24,147.39,Debit Card,9,4,False,East,647.25
3360,05-27-24,1189,57,Male,Books,288.12,4,10,115.25,1152.48,1037.23,Debit Card,28,5,False,East,2061.71
3361,06-04-23,4565,23,Male,Home & Garden,79.21,6,0,0.0,475.26,475.26,Mobile Wallet,22,5,False,South,885.29
3362,12-20-23,1882,57,Male,Books,1.26,2,20,0.5,2.52,2.02,Debit Card,6,5,False,West,693.68
3363,01-26-23,3310,43,Female,Electronics,23.0,7,0,0.0,161.0,161.0,Credit Card,5,4,False,East,161.0
3364,05-09-24,4151,16,Male,Beauty,14.2,8,0,0.0,113.6,113.6,Mobile Wallet,5,4,True,North,113.6
3365,04-18-23,1399,64,Male,Beauty,166.4,9,20,299.52,1497.6,1198.08,Debit Card,9,5,False,North,1289.88
3366,10-30-23,3811,28,Other,Books,15.34,6,20,18.41,92.04,73.63,PayPal,2,2,False,West,82.81
3367,03-01-24,1608,53,Other,Electronics,143.54,2,20,57.42,287.08,229.66,Debit Card,10,5,False,West,831.63
3368,03-29-23,4331,37,Other,Sports,138.64,6,20,166.37,831.84,665.47,Credit Card,5,4,False,West,1901.05
3369,04-29-23,2795,40,Male,Clothing,91.45,8,0,0.0,731.6,731.6,Debit Card,17,5,False,North,1019.54
3370,05-26-23,2638,48,Male,Electronics,5.16,1,20,1.03,5.16,4.13,Debit Card,21,5,False,North,599.21
3371,12-23-23,2575,47,Male,Home & Garden,0.1,6,5,0.03,0.6,0.57,Credit Card,4,4,False,East,0.57
3372,11-16-23,3832,29,Female,Books,78.97,1,10,7.9,78.97,71.07,Credit Card,4,2,False,West,787.48
3373,12-18-23,3148,42,Female,Beauty,92.67,6,10,55.6,556.02,500.42,Credit Card,13,5,False,East,940.95
3374,04-11-24,2382,41,Other,Home & Garden,163.75,4,5,32.75,655.0,622.25,PayPal,20,4,False,North,622.25
3375,07-31-23,2403,38,Female,Beauty,12.32,3,0,0.0,36.96,36.96,Debit Card,19,4,False,North,379.1
3376,06-17-24,1819,31,Female,Electronics,66.05,3,0,0.0,198.15,198.15,PayPal,6,5,False,North,582.63
3377,05-09-24,4292,38,Female,Beauty,36.6,4,10,14.64,146.4,131.76,PayPal,19,5,False,North,1432.77
3378,12-23-23,1819,64,Other,Beauty,19.91,3,15,8.96,59.73,50.77,Credit Card,22,3,False,East,582.63
3379,05-02-24,1419,30,Other,Beauty,46.61,9,5,20.97,419.49,398.52,Mobile Wallet,16,2,False,North,1303.78
3380,04-10-23,1123,53,Female,Beauty,39.73,4,5,7.95,158.92,150.97,PayPal,6,1,False,North,354.84
3381,03-24-24,1421,25,Male,Home & Garden,17.29,1,10,1.73,17.29,15.56,Debit Card,11,4,False,West,1726.27
3382,12-14-24,4302,21,Other,Books,15.63,4,20,12.5,62.52,50.02,Credit Card,10,4,False,South,203.91
3383,04-08-24,4761,84,Female,Clothing,33.33,1,15,5.0,33.33,28.33,PayPal,18,3,False,South,28.33
3384,11-23-23,4134,43,Male,Home & Garden,32.13,3,0,0.0,96.39,96.39,Debit Card,9,3,False,East,1121.01
3385,03-10-23,2508,43,Male,Sports,17.98,4,0,0.0,71.92,71.92,Debit Card,10,4,False,North,576.32
3386,11-04-23,4699,43,Other,Books,15.31,4,0,0.0,61.24,61.24,Debit Card,15,3,True,North,1536.74
3387,02-15-23,4774,56,Male,Books,154.29,9,0,0.0,1388.61,1388.61,PayPal,24,5,False,South,1435.22
3388,12-28-24,2597,41,Other,Sports,99.16,6,5,29.75,594.96,565.21,Credit Card,14,5,False,North,898.4
3389,04-28-23,1767,47,Female,Electronics,84.85,3,5,12.73,254.55,241.82,Credit Card,16,5,False,West,241.82
3390,01-24-23,3044,19,Other,Sports,12.06,7,20,16.88,84.42,67.54,Mobile Wallet,29,5,False,North,2765.88
3391,12-18-23,3530,49,Male,Electronics,10.49,4,5,2.1,41.96,39.86,Debit Card,7,4,False,North,170.13
3392,10-25-24,3566,31,Other,Clothing,82.86,7,20,116.0,580.02,464.02,Credit Card,25,4,False,South,1019.08
3393,04-22-23,3202,45,Other,Electronics,10.21,2,20,4.08,20.42,16.34,Mobile Wallet,8,5,False,South,932.61
3394,11-24-24,3139,9,Female,Clothing,35.01,7,0,0.0,245.07,245.07,Mobile Wallet,25,5,False,North,1303.35
3395,06-18-23,4029,44,Male,Clothing,12.51,8,0,0.0,100.08,100.08,Credit Card,8,5,False,North,539.05
3396,09-07-23,2549,1,Other,Beauty,23.75,7,5,8.31,166.25,157.94,Credit Card,13,4,False,North,310.07
3397,06-12-24,3502,30,Female,Beauty,96.02,6,5,28.81,576.12,547.31,Credit Card,19,4,True,North,757.15
3398,06-28-23,2764,9,Female,Sports,111.01,4,20,88.81,444.04,355.23,PayPal,10,5,False,East,1131.1
3399,07-19-24,3044,44,Female,Clothing,285.38,9,10,256.84,2568.42,2311.58,Credit Card,1,5,False,South,2765.88
3400,06-13-23,3645,36,Female,Electronics,144.03,1,0,0.0,144.03,144.03,Credit Card,27,4,False,West,383.07
3401,12-05-23,4716,23,Female,Home & Garden,55.62,5,15,41.72,278.1,236.38,PayPal,22,3,False,East,1936.18
3402,07-27-24,1509,56,Other,Beauty,28.26,1,10,2.83,28.26,25.43,Credit Card,28,2,False,East,25.43
3403,03-12-24,2206,21,Other,Books,2.97,1,0,0.0,2.97,2.97,Credit Card,16,4,False,East,63.22
3404,04-18-24,1385,-10,Male,Books,46.85,6,0,0.0,281.1,281.1,Credit Card,3,3,False,East,370.22
3405,08-26-23,2597,42,Other,Electronics,11.83,6,5,3.55,70.98,67.43,Debit Card,3,3,False,North,898.4
3406,02-19-24,4802,8,Male,Beauty,94.9,7,15,99.64,664.3,564.66,PayPal,6,2,True,North,1064.62
3407,10-06-24,3452,22,Male,Home & Garden,39.8,9,15,53.73,358.2,304.47,Credit Card,26,1,False,West,568.03
3408,07-08-23,3293,27,Male,Clothing,66.12,6,0,0.0,396.72,396.72,PayPal,12,5,False,West,407.03
3409,07-10-23,1741,13,Other,Beauty,55.97,2,20,22.39,111.94,89.55,Mobile Wallet,25,2,False,North,497.61
3410,10-17-24,4662,27,Female,Electronics,21.33,4,15,12.8,85.32,72.52,Mobile Wallet,5,5,True,North,436.26
3411,11-04-24,3708,13,Male,Clothing,71.17,9,10,64.05,640.53,576.48,PayPal,16,3,False,South,3560.74
3412,03-18-24,3697,37,Female,Beauty,92.7,2,20,37.08,185.4,148.32,Credit Card,17,5,False,West,148.32
3413,02-10-24,4542,16,Male,Sports,68.15,7,5,23.85,477.05,453.2,PayPal,10,5,False,South,570.26
3414,01-30-23,4897,35,Other,Home & Garden,74.99,4,0,0.0,299.96,299.96,Debit Card,7,5,True,West,669.88
3415,09-20-24,2911,52,Male,Books,22.32,6,0,0.0,133.92,133.92,Mobile Wallet,25,5,False,North,146.91
3416,07-22-23,2446,46,Other,Electronics,143.84,1,10,14.38,143.84,129.46,PayPal,10,4,False,West,129.46
3417,04-05-24,1900,33,Female,Books,27.63,8,10,22.1,221.04,198.94,Credit Card,2,5,True,North,223.88
3418,08-29-24,3112,20,Other,Clothing,113.68,6,5,34.1,682.08,647.98,Credit Card,15,3,False,North,670.0
3419,03-15-24,4084,37,Female,Clothing,97.53,7,5,34.14,682.71,648.57,Mobile Wallet,25,5,False,North,879.31
3420,02-03-24,3260,24,Other,Sports,6.64,6,15,5.98,39.84,33.86,Debit Card,21,4,False,North,129.56
3421,01-05-23,3009,38,Male,Clothing,169.47,7,20,237.26,1186.29,949.03,Mobile Wallet,29,2,False,South,1573.68
3422,12-22-24,1241,9,Male,Clothing,280.54,5,0,0.0,1402.7,1402.7,Credit Card,17,5,False,South,2120.47
3423,08-08-23,3540,47,Other,Books,46.59,3,15,20.97,139.77,118.8,Debit Card,4,5,False,North,368.93
3424,07-30-23,4284,35,Female,Books,76.42,6,5,22.93,458.52,435.59,PayPal,8,3,False,South,435.63
3425,10-13-23,4764,68,Female,Electronics,135.67,9,10,122.1,1221.03,1098.93,Mobile Wallet,19,5,False,South,1990.04
3426,12-21-24,3385,54,Female,Electronics,1.01,6,15,0.91,6.06,5.15,PayPal,21,3,False,West,408.1
3427,03-06-23,3020,43,Other,Clothing,132.96,9,10,119.66,1196.64,1076.98,PayPal,2,3,False,East,1165.56
3428,08-14-24,1172,33,Other,Beauty,49.36,2,20,19.74,98.72,78.98,Credit Card,21,5,False,North,89.78
3429,04-15-23,1671,24,Other,Home & Garden,88.15,1,10,8.82,88.15,79.33,Credit Card,16,3,False,North,465.14
3430,07-03-24,1163,49,Other,Electronics,38.91,4,0,0.0,155.64,155.64,Debit Card,14,2,False,West,537.82
3431,07-11-23,1464,31,Female,Clothing,37.81,5,20,37.81,189.05,151.24,PayPal,12,5,False,South,415.78
3432,01-10-24,4042,52,Female,Beauty,113.9,7,10,79.73,797.3,717.57,Debit Card,9,4,False,West,1207.64
3433,11-30-23,1496,41,Other,Beauty,35.41,8,15,42.49,283.28,240.79,Debit Card,12,4,False,South,557.71
3434,07-21-23,1699,41,Other,Books,31.91,1,0,0.0,31.91,31.91,Mobile Wallet,3,4,False,West,1051.95
3435,04-13-24,3442,43,Female,Beauty,46.85,6,0,0.0,281.1,281.1,Mobile Wallet,23,5,False,South,1115.06
3436,04-27-23,1702,21,Female,Sports,36.55,1,5,1.83,36.55,34.72,Credit Card,13,5,True,South,428.26
3437,09-26-23,2940,19,Male,Books,29.56,8,5,11.82,236.48,224.66,PayPal,6,5,True,West,250.53
3438,11-17-24,3355,19,Other,Books,9.95,1,15,1.49,9.95,8.46,Debit Card,2,5,False,North,110.26
3439,05-16-24,2791,50,Male,Sports,25.33,4,5,5.07,101.32,96.25,PayPal,7,3,False,West,285.02
3440,06-24-24,1182,20,Female,Books,16.57,3,10,4.97,49.71,44.74,Credit Card,26,4,False,South,331.39
3441,10-16-24,1628,22,Female,Electronics,25.58,2,5,2.56,51.16,48.6,PayPal,20,4,False,South,519.04
3442,11-17-23,4865,43,Other,Books,44.97,8,0,0.0,359.76,359.76,Debit Card,14,5,False,North,704.53
3443,09-03-24,3557,31,Male,Sports,46.93,6,15,42.24,281.58,239.34,Debit Card,6,3,False,South,350.5
3444,02-02-24,2731,29,Female,Clothing,13.63,4,10,5.45,54.52,49.07,PayPal,23,5,False,West,153.0
3445,09-17-24,1545,28,Male,Clothing,4.41,3,0,0.0,13.23,13.23,PayPal,9,2,False,East,398.12
3446,02-06-24,2587,0,Male,Clothing,68.21,6,0,0.0,409.26,409.26,PayPal,7,2,False,North,1020.96
3447,08-24-24,1623,20,Male,Sports,37.6,6,20,45.12,225.6,180.48,Debit Card,19,3,False,West,756.36
3448,04-27-23,4835,52,Male,Sports,29.18,5,5,7.3,145.9,138.6,Debit Card,25,5,False,South,209.54
3449,12-23-23,1593,26,Male,Electronics,6.94,3,10,2.08,20.82,18.74,Mobile Wallet,16,1,False,South,334.56
3450,12-27-23,1743,6,Other,Sports,26.78,9,15,36.15,241.02,204.87,Debit Card,13,5,False,North,1856.19
3451,04-13-24,4298,19,Other,Beauty,85.24,6,15,76.72,511.44,434.72,PayPal,6,5,False,West,512.35
3452,09-24-24,2768,40,Male,Clothing,43.55,5,15,32.66,217.75,185.09,Debit Card,4,3,False,South,598.97
3453,06-26-23,4804,40,Other,Sports,4.77,7,20,6.68,33.39,26.71,PayPal,12,4,False,West,214.78
3454,11-20-24,2459,30,Female,Home & Garden,20.19,1,10,2.02,20.19,18.17,Debit Card,26,3,False,West,338.18
3455,12-23-24,2948,24,Male,Books,195.11,7,0,0.0,1365.77,1365.77,Debit Card,21,4,False,East,1758.88
3456,11-01-23,4493,13,Other,Electronics,39.32,1,20,7.86,39.32,31.46,PayPal,10,4,False,West,236.39
3457,09-21-24,3601,40,Other,Clothing,16.87,9,5,7.59,151.83,144.24,Credit Card,16,5,False,East,752.12
3458,08-27-24,3068,47,Female,Beauty,122.35,6,0,0.0,734.1,734.1,Mobile Wallet,1,1,False,North,2143.21
3459,03-28-23,3601,54,Female,Beauty,20.47,7,15,21.49,143.29,121.8,Debit Card,12,5,False,East,752.12
3460,11-19-24,3444,18,Female,Clothing,65.45,7,5,22.91,458.15,435.24,Credit Card,20,5,False,West,707.64
3461,05-18-23,3672,55,Female,Beauty,7.96,1,10,0.8,7.96,7.16,Debit Card,19,4,False,North,569.91
3462,11-17-23,1104,34,Male,Home & Garden,8.51,2,10,1.7,17.02,15.32,Debit Card,22,4,False,East,1474.64
3463,05-01-23,3239,35,Other,Electronics,41.2,3,20,24.72,123.6,98.88,Debit Card,25,4,True,North,763.27
3464,09-02-23,1016,48,Other,Books,13.71,8,10,10.97,109.68,98.71,PayPal,29,1,False,South,593.48
3465,11-09-23,4191,26,Female,Electronics,2.53,9,15,3.42,22.77,19.35,Debit Card,19,5,False,West,3844.59
3466,04-30-23,1392,2,Other,Electronics,130.5,8,20,208.8,1044.0,835.2,Credit Card,28,4,False,South,1718.73
3467,07-07-23,1424,45,Other,Clothing,2.88,6,20,3.46,17.28,13.82,Debit Card,21,3,False,North,731.2
3468,01-18-24,3176,40,Other,Sports,63.19,2,15,18.96,126.38,107.42,Debit Card,18,4,False,East,537.01
3469,12-11-24,4201,29,Female,Books,20.25,2,10,4.05,40.5,36.45,Debit Card,9,3,False,North,1797.38
3470,05-25-23,1571,44,Other,Electronics,135.53,7,5,47.44,948.71,901.27,PayPal,24,5,False,South,1902.34
3471,06-07-24,4631,47,Other,Home & Garden,213.62,9,20,384.52,1922.58,1538.06,PayPal,26,5,False,West,1638.46
3472,02-02-24,3076,12,Other,Clothing,20.43,6,5,6.13,122.58,116.45,Credit Card,4,4,False,North,964.4
3473,03-04-24,2120,35,Male,Sports,44.72,1,5,2.24,44.72,42.48,PayPal,11,4,False,South,73.56
3474,09-02-24,4081,0,Male,Sports,74.14,9,5,33.36,667.26,633.9,Debit Card,24,5,False,North,3037.37
3475,05-22-23,1241,33,Other,Clothing,6.59,7,5,2.31,46.13,43.82,PayPal,16,5,False,North,2120.47
3476,08-11-24,4897,29,Other,Electronics,61.8,3,15,27.81,185.4,157.59,Mobile Wallet,26,5,False,West,669.88
3477,01-28-24,3279,42,Other,Beauty,118.33,2,0,0.0,236.66,236.66,PayPal,20,5,False,East,473.33
3478,03-09-24,1788,18,Other,Clothing,9.83,3,10,2.95,29.49,26.54,Debit Card,2,2,False,South,467.59
3479,07-10-23,4355,28,Other,Beauty,91.23,2,0,0.0,182.46,182.46,Debit Card,9,2,False,North,182.46
3480,05-13-24,1714,-13,Other,Sports,6.14,2,0,0.0,12.28,12.28,Mobile Wallet,18,4,False,West,1941.88
3481,10-12-24,1758,43,Male,Sports,42.0,4,20,33.6,168.0,134.4,PayPal,17,5,False,North,977.31
3482,07-04-24,3849,33,Female,Home & Garden,20.73,6,0,0.0,124.38,124.38,Debit Card,17,4,False,East,256.48
3483,12-11-24,1775,36,Other,Home & Garden,31.91,3,0,0.0,95.73,95.73,PayPal,14,5,True,West,713.41
3484,10-22-24,3773,12,Other,Sports,17.88,9,15,24.14,160.92,136.78,PayPal,13,2,False,West,2324.83
3485,06-27-23,3247,40,Other,Home & Garden,15.09,5,5,3.77,75.45,71.68,Debit Card,19,5,False,North,71.68
3486,07-22-24,3992,59,Female,Home & Garden,67.96,5,0,0.0,339.8,339.8,Credit Card,26,3,False,West,414.59
3487,06-20-23,1078,32,Other,Home & Garden,12.62,7,0,0.0,88.34,88.34,PayPal,23,4,False,North,266.02
3488,05-16-24,4984,44,Other,Sports,26.25,9,20,47.25,236.25,189.0,Mobile Wallet,6,3,False,West,605.64
3489,10-23-23,4003,21,Female,Electronics,16.05,1,10,1.6,16.05,14.45,Credit Card,12,5,False,North,235.7
3490,05-24-23,4926,33,Other,Electronics,13.63,9,20,24.53,122.67,98.14,Credit Card,13,4,False,West,1262.26
3491,07-11-23,1855,12,Female,Books,49.32,2,10,9.86,98.64,88.78,PayPal,3,4,False,East,237.14
3492,11-19-23,4244,46,Female,Home & Garden,2.32,3,10,0.7,6.96,6.26,Mobile Wallet,16,3,False,East,34.78
3493,04-06-24,3514,37,Other,Electronics,77.77,5,10,38.88,388.85,349.97,PayPal,21,3,False,East,1871.74
3494,09-26-24,3628,16,Male,Books,39.51,4,15,23.71,158.04,134.33,Debit Card,10,3,False,North,1177.93
3495,02-24-23,2439,22,Male,Clothing,88.14,5,15,66.1,440.7,374.6,Debit Card,22,4,False,North,550.43
3496,01-03-24,3987,35,Other,Home & Garden,11.98,5,5,3.0,59.9,56.9,Credit Card,10,2,False,North,796.42
3497,01-10-23,3496,48,Female,Electronics,61.79,5,10,30.9,308.95,278.05,Mobile Wallet,18,3,False,East,533.41
3498,05-11-24,3134,57,Female,Electronics,27.29,5,15,20.47,136.45,115.98,Mobile Wallet,3,4,False,West,266.34
3499,05-20-23,3148,32,Female,Beauty,4.0,2,15,1.2,8.0,6.8,Credit Card,13,3,False,North,940.95
3500,07-19-23,2031,14,Other,Electronics,69.81,1,0,0.0,69.81,69.81,PayPal,16,4,False,North,1298.97
3501,01-29-24,1844,38,Male,Beauty,71.81,8,10,57.45,574.48,517.03,PayPal,4,1,False,North,671.02
3502,07-29-24,4271,61,Female,Books,15.8,3,20,9.48,47.4,37.92,Debit Card,24,5,False,West,391.42
3503,06-01-24,4576,10,Female,Beauty,123.87,7,0,0.0,867.09,867.09,PayPal,29,5,False,North,991.74
3504,10-30-24,1086,20,Other,Clothing,72.19,8,15,86.63,577.52,490.89,PayPal,11,4,False,South,713.33
3505,05-21-24,3090,44,Male,Home & Garden,18.32,6,15,16.49,109.92,93.43,Mobile Wallet,17,5,False,West,202.94
3506,02-23-24,4456,37,Male,Electronics,13.66,6,15,12.29,81.96,69.67,Credit Card,25,5,False,East,190.03
3507,12-02-24,4692,26,Other,Sports,29.0,3,15,13.05,87.0,73.95,PayPal,1,4,False,West,490.59
3508,05-18-24,4506,38,Male,Home & Garden,17.32,9,20,31.18,155.88,124.7,Credit Card,12,2,False,North,933.59
3509,03-01-24,1407,49,Other,Sports,12.23,3,5,1.83,36.69,34.86,Mobile Wallet,3,3,False,North,44.57
3510,12-28-24,4554,33,Female,Books,25.47,5,5,6.37,127.35,120.98,Credit Card,19,3,False,East,182.18
3511,03-30-24,3711,32,Other,Electronics,1.3,6,10,0.78,7.8,7.02,Debit Card,9,5,False,North,62.9
3512,05-15-24,4088,43,Female,Home & Garden,25.66,1,15,3.85,25.66,21.81,Debit Card,19,4,False,North,141.97
3513,06-21-23,2668,30,Other,Home & Garden,12.53,9,10,11.28,112.77,101.49,Credit Card,19,5,True,North,1750.3
3514,03-26-23,1147,52,Female,Electronics,15.35,7,20,21.49,107.45,85.96,PayPal,18,4,False,South,1201.58
3515,08-01-24,3324,65,Female,Clothing,4.31,1,10,0.43,4.31,3.88,PayPal,20,5,False,South,775.01
3516,02-01-23,1231,21,Other,Books,44.45,6,5,13.34,266.7,253.36,PayPal,11,4,False,East,706.42
3517,08-14-23,4897,16,Female,Electronics,31.93,7,5,11.18,223.51,212.33,Mobile Wallet,24,5,False,East,669.88
3518,10-27-23,2950,40,Male,Beauty,69.44,5,5,17.36,347.2,329.84,Credit Card,22,5,False,West,1553.75
3519,02-03-23,1365,15,Other,Home & Garden,217.52,5,10,108.76,1087.6,978.84,Debit Card,1,5,False,North,1501.83
3520,10-09-23,4299,15,Male,Clothing,6.37,7,15,6.69,44.59,37.9,PayPal,21,5,False,West,52.59
3521,08-19-23,2674,4,Female,Home & Garden,15.9,3,0,0.0,47.7,47.7,Credit Card,29,3,False,North,324.96
3522,07-04-24,1435,29,Female,Sports,57.36,3,5,8.6,172.08,163.48,Mobile Wallet,12,4,True,West,386.32
3523,10-23-23,1398,34,Female,Home & Garden,13.55,1,10,1.36,13.55,12.19,Debit Card,11,3,True,North,1274.26
3524,06-22-23,2234,27,Other,Books,1.53,8,0,0.0,12.24,12.24,Mobile Wallet,10,5,False,West,761.32
3525,04-13-24,2414,55,Female,Electronics,5.82,2,5,0.58,11.64,11.06,PayPal,11,3,False,North,11.06
3526,08-02-24,3546,54,Male,Home & Garden,28.43,3,5,4.26,85.29,81.03,Credit Card,8,4,False,South,636.27
3527,05-22-24,3587,63,Male,Beauty,28.17,7,20,39.44,197.19,157.75,Credit Card,17,5,False,North,1282.41
3528,07-16-24,1562,35,Other,Sports,179.32,8,5,71.73,1434.56,1362.83,Mobile Wallet,6,4,False,East,2952.45
3529,06-07-24,4562,52,Male,Sports,31.36,9,0,0.0,282.24,282.24,Debit Card,27,3,False,East,1458.87
3530,04-26-23,3489,39,Other,Electronics,56.67,8,0,0.0,453.36,453.36,Debit Card,7,5,False,West,698.6
3531,08-09-24,2284,38,Other,Sports,33.88,7,15,35.57,237.16,201.59,Mobile Wallet,29,5,False,West,344.97
3532,04-27-23,1772,27,Female,Electronics,15.73,1,0,0.0,15.73,15.73,PayPal,5,2,False,South,15.73
3533,10-02-23,3397,1,Male,Books,5.57,1,10,0.56,5.57,5.01,Debit Card,4,5,False,West,580.77
3534,07-10-24,3037,44,Male,Electronics,97.98,8,10,78.38,783.84,705.46,Credit Card,7,2,False,East,1007.01
3535,01-11-24,4423,52,Male,Clothing,8.28,7,5,2.9,57.96,55.06,Mobile Wallet,16,4,False,West,757.06
3536,07-09-24,3567,12,Female,Sports,5.1,2,15,1.53,10.2,8.67,PayPal,25,4,False,East,532.58
3537,02-12-23,2343,34,Other,Sports,12.03,9,5,5.41,108.27,102.86,Credit Card,4,5,False,East,750.71
3538,03-27-24,3185,49,Male,Beauty,0.12,7,15,0.13,0.84,0.71,Credit Card,3,5,False,South,408.99
3539,07-13-24,2573,29,Male,Home & Garden,3.73,9,20,6.71,33.57,26.86,Credit Card,14,2,True,South,2797.95
3540,08-12-23,4694,52,Male,Clothing,50.42,1,15,7.56,50.42,42.86,Credit Card,26,5,False,North,134.79
3541,03-11-24,1991,32,Male,Home & Garden,13.96,3,20,8.38,41.88,33.5,PayPal,4,4,False,East,1074.59
3542,04-15-23,3415,27,Female,Electronics,20.66,2,20,8.26,41.32,33.06,Credit Card,21,5,False,West,445.18
3543,10-31-24,4291,53,Other,Books,90.18,6,5,27.05,541.08,514.03,Mobile Wallet,9,3,False,East,1320.83
3544,09-11-23,4408,20,Male,Beauty,74.12,4,10,29.65,296.48,266.83,Mobile Wallet,11,5,True,East,723.36
3545,11-01-23,2246,24,Male,Sports,33.89,2,15,10.17,67.78,57.61,Mobile Wallet,1,3,False,North,312.55
3546,02-03-23,4719,21,Other,Books,47.46,2,5,4.75,94.92,90.17,Debit Card,9,5,False,South,1458.13
3547,04-05-24,4839,17,Female,Electronics,4.49,6,20,5.39,26.94,21.55,Mobile Wallet,25,1,False,North,383.54
3548,09-27-23,1359,37,Female,Electronics,71.69,9,20,129.04,645.21,516.17,Mobile Wallet,8,3,False,North,2243.39
3549,12-23-23,1920,27,Female,Clothing,36.3,6,0,0.0,217.8,217.8,Credit Card,15,5,False,East,1738.92
3550,03-31-23,3376,42,Female,Home & Garden,42.31,4,0,0.0,169.24,169.24,Credit Card,29,5,False,North,985.1
3551,03-25-24,4009,8,Male,Sports,54.76,9,15,73.93,492.84,418.91,PayPal,26,5,False,East,1009.94
3552,05-01-23,3510,18,Other,Sports,34.67,2,10,6.93,69.34,62.41,PayPal,24,3,False,South,62.41
3553,08-31-23,3993,35,Other,Books,36.88,6,0,0.0,221.28,221.28,Mobile Wallet,8,4,False,North,835.95
3554,08-03-23,1962,57,Other,Clothing,34.62,7,20,48.47,242.34,193.87,Mobile Wallet,20,5,False,East,224.49
3555,08-25-24,4632,40,Female,Beauty,34.34,3,5,5.15,103.02,97.87,PayPal,29,1,False,West,434.27
3556,12-06-24,2827,26,Female,Electronics,69.36,4,10,27.74,277.44,249.7,Debit Card,7,5,False,North,1613.86
3557,12-26-23,4453,12,Other,Clothing,27.86,7,15,29.25,195.02,165.77,Mobile Wallet,14,4,False,East,2068.77
3558,12-28-24,3883,25,Male,Sports,0.14,9,5,0.06,1.26,1.2,Mobile Wallet,18,5,False,West,200.14
3559,09-16-24,2613,34,Female,Beauty,47.35,5,15,35.51,236.75,201.24,Credit Card,3,4,False,North,201.24
3560,10-09-24,2640,0,Male,Home & Garden,152.52,2,5,15.25,305.04,289.79,Credit Card,15,5,False,East,515.11
3561,03-14-24,3216,16,Other,Books,14.85,8,5,5.94,118.8,112.86,Mobile Wallet,24,5,False,East,518.94
3562,06-19-23,1216,23,Female,Electronics,84.69,9,10,76.22,762.21,685.99,Debit Card,20,5,True,East,1017.07
3563,09-22-24,1377,31,Male,Electronics,30.39,2,15,9.12,60.78,51.66,Debit Card,26,5,False,East,376.1
3564,05-23-23,1118,34,Female,Electronics,51.5,1,0,0.0,51.5,51.5,PayPal,27,4,True,South,67.59
3565,07-31-23,1189,25,Other,Home & Garden,110.76,4,5,22.15,443.04,420.89,Debit Card,6,5,False,West,2061.71
3566,07-31-23,3814,42,Other,Sports,73.7,1,5,3.68,73.7,70.02,Debit Card,28,5,False,West,765.73
3567,03-02-23,1369,36,Other,Sports,107.96,1,0,0.0,107.96,107.96,PayPal,15,5,True,South,620.81
3568,08-06-24,2801,29,Male,Clothing,0.48,5,10,0.24,2.4,2.16,Debit Card,14,5,True,South,1239.01
3569,12-26-23,3196,44,Female,Beauty,10.37,7,10,7.26,72.59,65.33,PayPal,11,4,False,West,444.19
3570,06-29-24,4747,43,Female,Clothing,27.54,3,10,8.26,82.62,74.36,Credit Card,8,5,False,West,2607.07
3571,10-15-23,1651,13,Female,Sports,94.14,7,20,131.8,658.98,527.18,PayPal,8,5,False,West,527.18
3572,09-03-24,2882,34,Other,Electronics,91.13,5,20,91.13,455.65,364.52,Mobile Wallet,5,4,True,South,457.11
3573,07-05-24,2511,48,Male,Home & Garden,10.24,8,10,8.19,81.92,73.73,Debit Card,16,5,False,East,613.79
3574,06-22-23,1769,50,Other,Sports,7.67,7,10,5.37,53.69,48.32,Debit Card,27,3,False,South,1138.51
3575,11-28-23,3421,40,Other,Home & Garden,90.0,1,0,0.0,90.0,90.0,PayPal,7,3,True,West,454.18
3576,12-21-24,1780,31,Male,Books,38.98,1,20,7.8,38.98,31.18,Mobile Wallet,1,4,True,South,253.18
3577,10-27-23,2716,41,Other,Electronics,49.28,7,15,51.74,344.96,293.22,Debit Card,5,5,False,West,618.34
3578,10-24-23,3207,47,Other,Books,82.83,6,10,49.7,496.98,447.28,Credit Card,3,4,False,North,1231.89
3579,08-09-24,3398,36,Female,Sports,11.9,9,10,10.71,107.1,96.39,PayPal,13,3,False,East,770.66
3580,10-01-23,4983,38,Male,Clothing,7.34,8,10,5.87,58.72,52.85,Mobile Wallet,20,3,False,West,707.2
3581,06-10-24,2311,31,Male,Sports,97.97,6,5,29.39,587.82,558.43,PayPal,17,3,True,North,863.47
3582,11-26-24,4359,14,Female,Books,5.93,6,20,7.12,35.58,28.46,Debit Card,1,5,False,West,720.26
3583,04-08-23,3939,32,Male,Home & Garden,4.62,9,15,6.24,41.58,35.34,Debit Card,19,3,False,South,392.33
3584,05-19-23,2249,24,Female,Beauty,16.22,4,5,3.24,64.88,61.64,Debit Card,4,5,True,South,1093.59
3585,02-26-24,1522,24,Other,Beauty,19.05,9,5,8.57,171.45,162.88,PayPal,13,4,False,South,388.69
3586,03-02-23,1521,56,Male,Sports,13.8,8,15,16.56,110.4,93.84,Mobile Wallet,19,4,False,West,177.25
3587,10-11-23,1782,49,Male,Clothing,67.67,3,15,30.45,203.01,172.56,PayPal,18,4,True,West,197.36
3588,11-02-24,3320,9,Other,Books,181.26,4,15,108.76,725.04,616.28,Debit Card,11,5,False,South,1853.71
3589,05-10-23,1935,18,Other,Sports,11.13,7,15,11.69,77.91,66.22,PayPal,23,4,False,East,1746.6
3590,12-19-24,4473,29,Male,Books,76.13,3,15,34.26,228.39,194.13,Credit Card,26,4,False,East,545.94
3591,05-16-23,3230,25,Male,Books,2.26,3,10,0.68,6.78,6.1,Mobile Wallet,9,5,False,South,1206.11
3592,09-13-23,2688,39,Male,Electronics,6.33,8,15,7.6,50.64,43.04,Debit Card,27,3,True,West,158.48
3593,05-30-23,1487,16,Female,Beauty,36.19,5,15,27.14,180.95,153.81,PayPal,3,1,False,East,241.58
3594,12-29-24,2850,49,Male,Beauty,392.32,5,20,392.32,1961.6,1569.28,Credit Card,16,4,True,South,2271.14
3595,11-26-23,1845,34,Male,Home & Garden,149.16,8,10,119.33,1193.28,1073.95,Debit Card,25,4,False,South,1424.94
3596,09-11-23,3171,29,Other,Electronics,5.94,6,5,1.78,35.64,33.86,PayPal,24,3,False,North,74.85
3597,11-23-24,4032,34,Other,Beauty,13.7,5,10,6.85,68.5,61.65,Debit Card,21,4,False,South,61.65
3598,02-07-24,4697,28,Female,Books,145.75,1,0,0.0,145.75,145.75,Mobile Wallet,27,5,False,West,247.24
3599,05-16-24,3837,4,Other,Clothing,8.17,5,15,6.13,40.85,34.72,Debit Card,28,5,False,North,1075.26
3600,05-26-23,3461,35,Male,Clothing,67.89,8,5,27.16,543.12,515.96,Debit Card,22,5,False,North,1936.15
3601,08-14-24,3003,30,Male,Electronics,0.06,9,0,0.0,0.54,0.54,Mobile Wallet,17,4,False,East,502.21
3602,10-09-24,2748,20,Female,Clothing,49.94,6,5,14.98,299.64,284.66,PayPal,13,1,True,North,366.48
3603,10-03-23,4243,51,Other,Books,34.12,3,10,10.24,102.36,92.12,Credit Card,6,4,False,West,333.12
3604,10-04-24,4359,45,Other,Sports,31.84,8,0,0.0,254.72,254.72,Credit Card,25,4,False,East,720.26
3605,02-29-24,4506,71,Other,Books,88.36,5,15,66.27,441.8,375.53,Mobile Wallet,7,4,True,East,933.59
3606,01-20-24,1685,47,Female,Beauty,4.21,2,15,1.26,8.42,7.16,Debit Card,9,5,True,South,761.14
3607,04-07-24,3160,25,Other,Sports,23.69,1,0,0.0,23.69,23.69,PayPal,21,5,False,West,877.62
3608,03-19-23,3935,21,Other,Clothing,29.53,8,10,23.62,236.24,212.62,PayPal,5,5,False,West,740.12
3609,10-10-24,4988,27,Other,Home & Garden,6.62,2,0,0.0,13.24,13.24,Mobile Wallet,5,3,False,North,694.67
3610,04-06-23,3169,25,Male,Home & Garden,4.48,3,10,1.34,13.44,12.1,PayPal,22,4,False,West,1007.65
3611,02-17-24,2567,36,Female,Books,9.9,9,5,4.46,89.1,84.64,Credit Card,15,3,False,East,1230.31
3612,06-11-24,2245,11,Male,Books,13.79,1,10,1.38,13.79,12.41,PayPal,4,5,False,East,137.84
3613,10-12-23,4702,44,Female,Clothing,169.16,8,0,0.0,1353.28,1353.28,Debit Card,10,5,False,West,1734.64
3614,12-12-24,1038,36,Other,Home & Garden,32.28,2,0,0.0,64.56,64.56,PayPal,9,2,False,North,824.67
3615,01-13-24,3544,42,Male,Home & Garden,35.7,8,5,14.28,285.6,271.32,Mobile Wallet,7,4,False,South,373.82
3616,04-10-24,1779,17,Other,Books,61.38,2,0,0.0,122.76,122.76,Mobile Wallet,15,3,False,West,246.16
3617,05-14-24,2256,38,Other,Beauty,57.64,7,20,80.7,403.48,322.78,Credit Card,19,5,False,North,585.12
3618,12-02-23,3990,54,Female,Home & Garden,34.94,3,0,0.0,104.82,104.82,Credit Card,10,4,False,North,1336.09
3619,08-18-24,4601,22,Other,Books,20.76,4,20,16.61,83.04,66.43,Credit Card,7,4,False,North,529.59
3620,01-03-23,3196,21,Male,Electronics,20.1,1,0,0.0,20.1,20.1,Credit Card,27,4,False,South,444.19
3621,04-06-23,4468,45,Female,Home & Garden,2.97,1,0,0.0,2.97,2.97,PayPal,3,4,False,South,630.63
3622,04-14-24,4069,20,Female,Sports,114.94,8,5,45.98,919.52,873.54,PayPal,3,5,False,South,1122.58
3623,10-12-24,3708,31,Male,Clothing,73.35,8,20,117.36,586.8,469.44,Mobile Wallet,20,3,False,North,3560.74
3624,11-11-24,4709,57,Other,Books,48.82,2,5,4.88,97.64,92.76,Mobile Wallet,28,3,False,South,2289.63
3625,12-15-24,2927,21,Other,Home & Garden,25.22,4,20,20.18,100.88,80.7,Credit Card,18,4,False,North,108.11
3626,01-02-24,1301,58,Other,Home & Garden,43.67,2,20,17.47,87.34,69.87,PayPal,24,3,False,West,94.37
3627,03-06-23,4431,29,Other,Beauty,33.19,8,15,39.83,265.52,225.69,Debit Card,13,5,False,North,1176.93
3628,07-01-24,3285,18,Other,Books,16.01,7,20,22.41,112.07,89.66,Credit Card,12,4,False,West,868.16
3629,02-12-24,1646,44,Female,Sports,17.73,7,5,6.21,124.11,117.9,Credit Card,17,4,False,West,224.3
3630,08-12-23,1662,36,Female,Home & Garden,103.76,3,5,15.56,311.28,295.72,PayPal,26,5,False,South,1075.65
3631,03-15-24,3283,35,Male,Electronics,50.38,5,10,25.19,251.9,226.71,Debit Card,17,1,False,South,1367.68
3632,08-05-23,2759,23,Other,Clothing,0.07,1,0,0.0,0.07,0.07,Credit Card,11,5,False,North,1245.11
3633,05-21-24,3250,36,Other,Books,19.79,4,15,11.87,79.16,67.29,Debit Card,17,4,False,West,73.83
3634,10-02-23,1255,3,Other,Home & Garden,20.77,4,0,0.0,83.08,83.08,Mobile Wallet,20,2,False,West,101.6
3635,11-27-23,1597,38,Male,Beauty,61.27,1,5,3.06,61.27,58.21,Mobile Wallet,17,2,False,East,131.63
3636,10-18-23,1661,54,Other,Beauty,60.27,7,15,63.28,421.89,358.61,Credit Card,19,4,True,West,2323.02
3637,12-12-23,1234,8,Female,Clothing,31.2,5,20,31.2,156.0,124.8,PayPal,7,4,False,South,336.36
3638,07-14-24,2368,28,Other,Books,150.78,1,5,7.54,150.78,143.24,Credit Card,19,4,False,South,143.24
3639,08-14-24,3581,21,Male,Books,102.88,5,5,25.72,514.4,488.68,PayPal,28,5,False,West,868.33
3640,05-14-23,3907,12,Female,Books,100.57,8,5,40.23,804.56,764.33,Debit Card,2,3,False,West,944.02
3641,08-02-24,4868,4,Female,Sports,21.41,8,5,8.56,171.28,162.72,PayPal,29,5,False,North,979.25
3642,05-11-24,4852,17,Female,Electronics,28.19,2,15,8.46,56.38,47.92,PayPal,10,5,True,East,107.66
3643,12-18-23,4537,31,Other,Beauty,27.15,1,0,0.0,27.15,27.15,Credit Card,29,1,False,East,545.87
3644,11-29-24,1769,52,Male,Books,29.01,2,0,0.0,58.02,58.02,Credit Card,6,4,False,North,1138.51
3645,02-19-23,3588,12,Male,Sports,110.01,6,20,132.01,660.06,528.05,Mobile Wallet,16,3,False,North,616.75
3646,02-17-23,1212,39,Other,Books,14.33,5,5,3.58,71.65,68.07,Debit Card,8,4,True,East,107.88
3647,04-12-23,1462,38,Male,Books,81.02,4,5,16.2,324.08,307.88,Mobile Wallet,4,5,False,East,345.75
3648,10-03-24,3483,60,Female,Sports,36.08,8,0,0.0,288.64,288.64,Debit Card,28,3,False,North,921.04
3649,04-15-24,1282,43,Female,Electronics,14.32,5,20,14.32,71.6,57.28,Mobile Wallet,20,2,False,West,504.36
3650,01-17-23,4633,44,Male,Clothing,37.46,4,10,14.98,149.84,134.86,Debit Card,11,5,False,West,303.88
3651,05-08-23,4678,45,Male,Beauty,10.87,8,15,13.04,86.96,73.92,PayPal,18,5,False,South,448.68
3652,06-11-23,2486,21,Other,Home & Garden,5.72,1,0,0.0,5.72,5.72,PayPal,21,4,False,East,357.19
3653,03-27-24,2430,26,Other,Books,91.06,9,15,122.93,819.54,696.61,Mobile Wallet,15,4,False,East,728.85
3654,04-12-24,1087,51,Other,Electronics,60.09,2,0,0.0,120.18,120.18,Mobile Wallet,26,3,False,East,120.18
3655,01-01-23,2067,4,Other,Beauty,11.47,8,20,18.35,91.76,73.41,Mobile Wallet,16,4,False,East,1098.66
3656,03-14-24,1460,24,Other,Home & Garden,142.62,9,5,64.18,1283.58,1219.4,Credit Card,29,4,False,North,1670.95
3657,07-27-23,3325,15,Other,Books,1.24,8,10,0.99,9.92,8.93,Debit Card,8,5,False,West,8.93
3658,12-06-24,4754,38,Female,Home & Garden,20.27,9,15,27.36,182.43,155.07,Mobile Wallet,17,4,False,West,203.39
3659,05-16-23,3468,28,Male,Sports,1.09,4,10,0.44,4.36,3.92,Credit Card,2,5,True,South,644.83
3660,10-27-24,2724,44,Other,Beauty,7.67,2,5,0.77,15.34,14.57,Mobile Wallet,17,4,False,East,852.14
3661,11-06-23,2376,33,Female,Electronics,9.93,3,0,0.0,29.79,29.79,Credit Card,15,4,False,South,267.96
3662,06-12-23,3743,11,Male,Electronics,83.12,8,20,132.99,664.96,531.97,Mobile Wallet,20,4,False,West,906.46
3663,10-08-23,1514,12,Male,Beauty,248.38,5,5,62.1,1241.9,1179.8,PayPal,7,4,False,North,1420.15
3664,04-06-23,1702,34,Male,Clothing,100.99,4,10,40.4,403.96,363.56,Credit Card,11,5,False,West,428.26
3665,11-01-24,2653,23,Other,Clothing,50.41,3,10,15.12,151.23,136.11,PayPal,19,4,False,West,136.11
3666,01-05-24,3066,27,Other,Home & Garden,64.17,3,10,19.25,192.51,173.26,Credit Card,24,4,False,North,407.62
3667,09-14-23,1022,49,Other,Sports,36.99,7,0,0.0,258.93,258.93,Debit Card,6,2,False,North,269.15
3668,03-26-23,3460,46,Male,Home & Garden,27.46,8,10,21.97,219.68,197.71,Debit Card,18,5,False,West,221.37
3669,01-16-24,2053,61,Male,Books,58.91,5,0,0.0,294.55,294.55,Credit Card,9,5,False,West,938.77
3670,11-11-24,2830,30,Female,Electronics,180.81,8,10,144.65,1446.48,1301.83,Mobile Wallet,25,5,False,South,1467.69
3671,10-26-24,3155,25,Female,Home & Garden,1.47,9,15,1.98,13.23,11.25,Credit Card,16,2,False,East,313.8
3672,06-19-23,4438,41,Female,Home & Garden,18.85,4,15,11.31,75.4,64.09,Debit Card,13,4,True,North,64.09
3673,02-23-23,2304,26,Female,Beauty,20.03,2,5,2.0,40.06,38.06,Debit Card,23,4,False,East,567.86
3674,02-10-24,4199,27,Male,Electronics,26.74,5,5,6.68,133.7,127.02,PayPal,26,5,False,South,545.74
3675,10-02-24,4300,31,Other,Electronics,49.29,2,20,19.72,98.58,78.86,Debit Card,8,5,False,North,970.41
3676,11-09-23,2134,59,Other,Clothing,36.05,2,10,7.21,72.1,64.89,Mobile Wallet,26,4,False,North,533.56
3677,12-17-24,3183,45,Other,Clothing,0.95,6,10,0.57,5.7,5.13,PayPal,17,4,False,East,5.13
3678,08-28-23,1361,47,Other,Electronics,26.52,1,0,0.0,26.52,26.52,Debit Card,14,1,False,North,282.84
3679,03-15-24,4257,59,Female,Home & Garden,48.31,2,5,4.83,96.62,91.79,Credit Card,22,1,False,West,498.26
3680,11-02-24,4727,48,Male,Books,35.14,5,15,26.36,175.7,149.34,Credit Card,9,2,True,South,842.75
3681,04-04-23,4655,18,Other,Home & Garden,102.81,5,0,0.0,514.05,514.05,Debit Card,6,5,True,South,1309.4
3682,12-21-24,3176,48,Male,Books,25.42,3,15,11.44,76.26,64.82,Mobile Wallet,16,3,False,North,537.01
3683,04-08-23,2899,50,Female,Electronics,0.63,5,0,0.0,3.15,3.15,Credit Card,3,5,True,North,308.85
3684,01-02-23,2284,44,Female,Beauty,16.77,9,5,7.55,150.93,143.38,PayPal,2,4,False,East,344.97
3685,08-07-23,1514,32,Other,Books,7.29,2,10,1.46,14.58,13.12,Mobile Wallet,8,5,False,South,1420.15
3686,05-03-24,1448,43,Other,Clothing,14.4,6,10,8.64,86.4,77.76,PayPal,27,5,True,West,306.49
3687,03-21-23,2923,34,Female,Beauty,22.48,8,5,8.99,179.84,170.85,PayPal,4,5,False,West,1071.95
3688,05-16-23,4175,20,Female,Electronics,56.45,3,15,25.4,169.35,143.95,Debit Card,12,4,True,East,1473.47
3689,08-30-24,2506,24,Male,Sports,19.59,2,20,7.84,39.18,31.34,PayPal,1,5,True,South,335.48
3690,08-20-23,2247,45,Female,Books,107.76,1,20,21.55,107.76,86.21,Credit Card,24,5,False,South,734.02
3691,06-15-24,2855,21,Male,Books,17.8,1,5,0.89,17.8,16.91,Mobile Wallet,29,3,False,West,2514.91
3692,11-27-24,1873,22,Female,Beauty,7.36,4,0,0.0,29.44,29.44,PayPal,17,4,False,South,285.24
3693,03-31-24,4937,46,Male,Sports,9.25,6,10,5.55,55.5,49.95,Debit Card,18,5,False,South,274.4
3694,01-10-23,4562,37,Female,Sports,136.35,7,15,143.17,954.45,811.28,PayPal,17,5,False,South,1458.87
3695,01-09-23,3520,43,Female,Electronics,30.33,8,20,48.53,242.64,194.11,Credit Card,24,3,False,West,206.39
3696,12-13-24,4081,16,Male,Beauty,25.8,8,10,20.64,206.4,185.76,Mobile Wallet,16,3,False,North,3037.37
3697,12-18-23,2428,43,Male,Home & Garden,3.57,1,5,0.18,3.57,3.39,Credit Card,3,3,False,South,100.39
3698,05-04-23,4967,25,Other,Sports,66.09,8,10,52.87,528.72,475.85,Debit Card,9,4,False,North,475.85
3699,03-08-24,3349,19,Other,Books,59.32,1,20,11.86,59.32,47.46,PayPal,27,5,False,North,201.9
3700,12-11-24,3278,27,Female,Sports,23.56,3,15,10.6,70.68,60.08,Credit Card,12,4,True,East,618.06
3701,05-16-23,2754,55,Female,Electronics,58.84,5,0,0.0,294.2,294.2,Debit Card,7,4,False,North,471.63
3702,05-04-24,1922,29,Male,Electronics,22.9,8,0,0.0,183.2,183.2,Debit Card,6,3,False,East,944.24
3703,03-14-23,4137,68,Female,Books,3.8,8,10,3.04,30.4,27.36,Debit Card,11,5,False,South,128.72
3704,08-23-23,3984,4,Other,Books,66.99,6,0,0.0,401.94,401.94,Debit Card,6,5,False,West,1578.24
3705,01-28-24,3159,11,Male,Books,167.91,4,20,134.33,671.64,537.31,Mobile Wallet,26,4,False,North,609.58
3706,04-02-23,2036,54,Female,Home & Garden,52.25,4,15,31.35,209.0,177.65,Debit Card,17,5,False,North,1080.02
3707,04-15-23,2416,58,Male,Books,16.18,8,0,0.0,129.44,129.44,Debit Card,24,5,False,West,367.13
3708,04-16-23,3547,22,Other,Beauty,15.73,3,0,0.0,47.19,47.19,Credit Card,10,4,False,East,577.93
3709,11-17-23,3979,36,Other,Electronics,132.24,8,5,52.9,1057.92,1005.02,PayPal,27,4,False,East,2937.54
3710,01-12-24,3645,45,Other,Electronics,18.07,4,0,0.0,72.28,72.28,Debit Card,3,4,False,East,383.07
3711,11-03-23,3281,31,Female,Sports,73.09,9,0,0.0,657.81,657.81,PayPal,19,1,False,North,657.81
3712,05-21-23,3649,37,Female,Books,51.49,2,20,20.6,102.98,82.38,Mobile Wallet,3,4,True,South,1022.13
3713,01-27-24,1313,35,Female,Home & Garden,44.9,1,0,0.0,44.9,44.9,Debit Card,27,5,False,East,489.77
3714,05-17-23,3613,12,Female,Beauty,9.99,4,5,2.0,39.96,37.96,Credit Card,25,5,False,East,740.67
3715,10-18-24,4083,29,Female,Clothing,1.75,9,5,0.79,15.75,14.96,Credit Card,21,4,False,West,301.85
3716,11-24-24,3256,35,Female,Sports,33.54,7,5,11.74,234.78,223.04,PayPal,2,3,False,South,398.66
3717,05-27-23,2997,36,Other,Beauty,221.81,9,0,0.0,1996.29,1996.29,Mobile Wallet,20,4,False,South,3001.2
3718,03-12-23,2037,9,Other,Home & Garden,10.89,9,10,9.8,98.01,88.21,Mobile Wallet,23,4,False,South,359.77
3719,06-27-24,2656,46,Female,Books,38.49,9,10,34.64,346.41,311.77,Debit Card,28,3,False,South,329.35
3720,07-30-24,4489,36,Other,Home & Garden,55.58,9,20,100.04,500.22,400.18,PayPal,26,4,False,South,513.79
3721,01-09-23,4508,19,Male,Clothing,33.05,7,10,23.14,231.35,208.21,Debit Card,1,4,False,East,1013.74
3722,09-16-24,4448,61,Female,Beauty,35.36,8,20,56.58,282.88,226.3,Mobile Wallet,18,3,False,West,558.27
3723,10-27-24,4091,29,Male,Home & Garden,54.12,2,20,21.65,108.24,86.59,Debit Card,8,4,False,East,624.75
3724,06-18-23,3634,30,Female,Clothing,84.34,9,5,37.95,759.06,721.11,Debit Card,24,3,False,South,721.11
3725,03-26-24,4983,44,Female,Clothing,20.27,2,15,6.08,40.54,34.46,Debit Card,19,5,False,West,707.2
3726,12-26-23,2778,63,Other,Beauty,114.77,8,20,183.63,918.16,734.53,Debit Card,5,4,False,North,1423.83
3727,08-07-23,4806,45,Male,Clothing,33.17,2,0,0.0,66.34,66.34,Debit Card,24,4,False,North,164.68
3728,10-05-24,2014,47,Other,Beauty,54.22,8,5,21.69,433.76,412.07,Credit Card,10,2,False,South,1631.95
3729,06-05-23,2093,19,Female,Home & Garden,5.63,3,0,0.0,16.89,16.89,Credit Card,9,3,False,East,371.96
3730,02-26-24,4895,36,Male,Books,33.91,2,0,0.0,67.82,67.82,Debit Card,27,2,False,West,1104.17
3731,09-22-24,4282,27,Female,Electronics,0.81,6,10,0.49,4.86,4.37,Mobile Wallet,18,2,True,West,143.92
3732,12-04-24,2124,45,Other,Electronics,24.8,6,0,0.0,148.8,148.8,PayPal,26,3,True,East,306.74
3733,03-29-24,1697,46,Female,Home & Garden,2.8,1,20,0.56,2.8,2.24,PayPal,24,3,False,South,2.24
3734,08-11-23,3179,59,Female,Books,113.64,7,0,0.0,795.48,795.48,Mobile Wallet,19,5,False,North,1343.88
3735,03-30-23,4694,2,Other,Electronics,55.86,1,0,0.0,55.86,55.86,Credit Card,25,5,False,North,134.79
3736,04-13-23,2404,25,Female,Clothing,78.48,4,10,31.39,313.92,282.53,PayPal,5,3,False,South,531.62
3737,05-24-23,2155,54,Male,Home & Garden,31.53,6,0,0.0,189.18,189.18,Mobile Wallet,21,3,False,West,373.21
3738,05-07-23,2043,13,Other,Home & Garden,95.49,8,20,152.78,763.92,611.14,Debit Card,11,2,False,East,2123.55
3739,08-26-24,2929,47,Female,Sports,103.19,8,20,165.1,825.52,660.42,Mobile Wallet,20,4,False,South,660.42
3740,01-29-24,3583,52,Other,Sports,22.07,7,0,0.0,154.49,154.49,Debit Card,24,3,False,West,465.27
3741,12-26-23,2013,34,Female,Sports,23.65,5,20,23.65,118.25,94.6,Debit Card,1,1,False,East,655.6
3742,03-15-24,1226,13,Other,Beauty,35.49,6,20,42.59,212.94,170.35,Debit Card,12,4,False,West,692.91
3743,11-19-23,4225,33,Other,Books,2.16,8,10,1.73,17.28,15.55,Debit Card,6,5,False,West,413.96
3744,05-24-23,2828,56,Male,Home & Garden,273.26,3,5,40.99,819.78,778.79,Mobile Wallet,23,4,False,North,1492.72
3745,09-11-23,4813,58,Other,Sports,22.25,6,5,6.68,133.5,126.82,PayPal,24,2,False,South,126.82
3746,10-11-23,2492,38,Male,Home & Garden,31.82,4,15,19.09,127.28,108.19,PayPal,20,4,False,West,598.72
3747,10-22-24,1821,20,Other,Clothing,70.28,3,5,10.54,210.84,200.3,Debit Card,12,4,False,North,456.25
3748,03-28-23,3023,61,Other,Sports,17.66,3,0,0.0,52.98,52.98,Debit Card,25,5,False,South,52.98
3749,09-12-23,1870,47,Female,Home & Garden,11.26,4,20,9.01,45.04,36.03,PayPal,12,4,False,South,206.38
3750,07-20-24,3452,21,Female,Books,6.82,6,5,2.05,40.92,38.87,Mobile Wallet,3,5,False,East,568.03
3751,09-07-24,3249,40,Female,Beauty,37.54,1,10,3.75,37.54,33.79,PayPal,24,1,False,South,33.79
3752,09-06-24,3085,39,Other,Books,0.28,2,15,0.08,0.56,0.48,Debit Card,26,5,True,North,191.79
3753,09-14-24,3989,25,Other,Books,61.81,4,0,0.0,247.24,247.24,PayPal,15,1,False,North,1046.44
3754,10-19-23,2795,40,Male,Sports,30.94,9,5,13.92,278.46,264.54,Debit Card,11,4,False,South,1019.54
3755,12-08-24,1187,51,Male,Books,37.95,8,20,60.72,303.6,242.88,Mobile Wallet,10,5,False,North,1242.39
3756,01-28-23,2080,30,Male,Beauty,15.27,8,10,12.22,122.16,109.94,Credit Card,21,5,False,West,345.04
3757,11-05-24,1940,53,Female,Electronics,9.82,7,5,3.44,68.74,65.3,Debit Card,28,5,False,West,65.3
3758,11-05-23,4091,8,Female,Beauty,60.2,6,20,72.24,361.2,288.96,PayPal,21,4,False,East,624.75
3759,07-30-23,3320,68,Male,Clothing,11.8,7,5,4.13,82.6,78.47,Credit Card,23,5,False,West,1853.71
3760,06-14-24,4190,35,Other,Beauty,75.73,6,0,0.0,454.38,454.38,PayPal,21,4,False,South,920.08
3761,09-13-24,3630,51,Female,Home & Garden,11.39,3,15,5.13,34.17,29.04,PayPal,23,4,False,West,72.36
3762,06-05-24,3563,38,Female,Electronics,47.43,6,20,56.92,284.58,227.66,PayPal,16,4,False,East,279.05
3763,07-13-23,4292,22,Male,Sports,51.62,7,15,54.2,361.34,307.14,Credit Card,25,1,False,North,1432.77
3764,02-06-24,1525,34,Female,Home & Garden,35.23,6,15,31.71,211.38,179.67,Debit Card,12,3,True,South,386.38
3765,10-30-23,4586,6,Male,Beauty,287.09,2,10,57.42,574.18,516.76,Credit Card,16,3,False,East,516.76
3766,10-23-24,4799,45,Female,Home & Garden,23.57,6,20,28.28,141.42,113.14,Credit Card,5,4,False,West,673.82
3767,02-25-23,4812,37,Other,Books,107.42,2,10,21.48,214.84,193.36,Credit Card,18,4,False,South,291.28
3768,09-03-23,1335,32,Other,Home & Garden,9.27,1,15,1.39,9.27,7.88,Mobile Wallet,10,5,False,South,714.83
3769,05-21-24,3745,46,Female,Home & Garden,20.56,5,0,0.0,102.8,102.8,Mobile Wallet,6,3,True,North,1572.13
3770,01-31-24,2078,35,Male,Beauty,7.85,4,0,0.0,31.4,31.4,Credit Card,25,4,False,West,31.4
3771,04-26-23,3547,44,Female,Clothing,46.27,9,5,20.82,416.43,395.61,Credit Card,29,3,True,West,577.93
3772,09-04-23,3947,49,Male,Beauty,50.84,9,5,22.88,457.56,434.68,Debit Card,29,4,False,West,763.12
3773,05-26-24,4959,26,Female,Sports,30.21,9,20,54.38,271.89,217.51,Mobile Wallet,29,5,False,West,846.39
3774,10-15-24,3813,22,Other,Electronics,63.68,3,0,0.0,191.04,191.04,Debit Card,14,4,False,East,191.04
3775,08-31-24,3583,9,Other,Books,101.12,3,15,45.5,303.36,257.86,PayPal,14,3,False,North,465.27
3776,03-14-23,1161,36,Female,Clothing,74.93,3,0,0.0,224.79,224.79,PayPal,9,5,False,South,713.84
3777,06-24-24,4741,41,Female,Electronics,13.83,5,20,13.83,69.15,55.32,PayPal,28,5,False,West,425.95
3778,01-13-23,1593,15,Female,Electronics,19.31,6,5,5.79,115.86,110.07,Mobile Wallet,16,5,False,North,334.56
3779,01-05-24,2938,56,Other,Clothing,23.92,6,5,7.18,143.52,136.34,PayPal,13,5,False,South,956.41
3780,11-21-23,3206,22,Other,Books,11.39,3,10,3.42,34.17,30.75,Mobile Wallet,14,5,False,West,816.87
3781,05-16-23,4259,3,Male,Sports,22.41,2,5,2.24,44.82,42.58,Mobile Wallet,21,5,False,South,491.45
3782,02-01-24,1059,57,Female,Clothing,13.59,6,15,12.23,81.54,69.31,Debit Card,11,2,False,West,286.65
3783,08-05-24,3962,5,Female,Clothing,272.78,4,20,218.22,1091.12,872.9,PayPal,2,5,False,West,2716.25
3784,03-06-24,4888,49,Other,Clothing,76.45,9,5,34.4,688.05,653.65,Debit Card,22,4,False,South,1092.67
3785,01-10-24,4390,45,Female,Books,98.31,2,5,9.83,196.62,186.79,PayPal,28,5,False,West,917.17
3786,07-13-24,2901,39,Male,Clothing,127.65,4,15,76.59,510.6,434.01,Credit Card,20,4,False,East,997.88
3787,11-30-24,3258,27,Female,Clothing,54.68,2,5,5.47,109.36,103.89,Debit Card,20,4,False,East,359.04
3788,06-26-23,1405,42,Other,Home & Garden,9.68,5,15,7.26,48.4,41.14,Mobile Wallet,29,3,False,South,1360.92
3789,04-27-24,1663,50,Female,Home & Garden,71.05,3,5,10.66,213.15,202.49,Debit Card,19,5,False,West,394.29
3790,03-16-23,2132,20,Other,Home & Garden,0.79,4,15,0.47,3.16,2.69,PayPal,12,1,False,South,433.61
3791,01-18-23,2099,49,Male,Home & Garden,6.01,9,5,2.7,54.09,51.39,Mobile Wallet,17,5,False,North,115.01
3792,08-24-24,1541,48,Male,Clothing,1.5,5,20,1.5,7.5,6.0,Mobile Wallet,9,3,True,North,357.53
3793,03-11-23,2337,39,Female,Home & Garden,7.28,9,10,6.55,65.52,58.97,Mobile Wallet,22,3,False,North,161.44
3794,01-15-23,1997,26,Female,Electronics,69.72,5,10,34.86,348.6,313.74,PayPal,26,1,True,West,348.95
3795,09-26-23,2140,49,Other,Sports,108.35,9,0,0.0,975.15,975.15,Credit Card,11,4,False,South,1316.86
3796,08-09-23,3974,42,Male,Home & Garden,16.34,8,10,13.07,130.72,117.65,Credit Card,12,4,False,North,117.65
3797,02-10-23,1867,19,Male,Books,6.34,1,15,0.95,6.34,5.39,Debit Card,3,3,False,West,5.39
3798,03-03-23,4775,29,Male,Sports,15.94,3,15,7.17,47.82,40.65,Mobile Wallet,17,3,False,West,738.86
3799,02-12-24,3066,47,Male,Beauty,52.08,5,10,26.04,260.4,234.36,PayPal,6,5,False,North,407.62
3800,06-02-24,1431,36,Female,Beauty,21.55,3,15,9.7,64.65,54.95,Debit Card,4,4,False,East,149.73
3801,10-21-23,4756,51,Female,Electronics,162.4,1,20,32.48,162.4,129.92,PayPal,13,5,True,East,508.52
3802,10-05-24,1739,29,Other,Sports,7.02,2,15,2.11,14.04,11.93,Debit Card,17,3,False,East,655.94
3803,12-30-24,2373,20,Male,Sports,232.0,2,20,92.8,464.0,371.2,Debit Card,10,5,True,East,371.2
3804,05-28-24,1182,67,Female,Electronics,0.63,4,20,0.5,2.52,2.02,PayPal,20,5,True,South,331.39
3805,03-01-24,3160,9,Female,Beauty,30.05,6,20,36.06,180.3,144.24,PayPal,18,5,False,South,877.62
3806,03-09-24,2206,27,Male,Home & Garden,14.51,2,5,1.45,29.02,27.57,Credit Card,14,4,False,North,63.22
3807,12-19-24,3528,39,Female,Electronics,41.77,6,0,0.0,250.62,250.62,PayPal,16,5,False,West,252.32
3808,02-16-24,2169,49,Other,Books,5.08,1,15,0.76,5.08,4.32,Debit Card,19,4,False,East,15.19
3809,03-26-23,1830,44,Other,Electronics,104.3,8,5,41.72,834.4,792.68,Mobile Wallet,26,5,False,West,1404.03
3810,10-17-24,2651,69,Male,Clothing,7.34,3,0,0.0,22.02,22.02,PayPal,15,5,False,West,22.02
3811,07-03-24,2136,33,Other,Beauty,44.26,8,5,17.7,354.08,336.38,PayPal,26,5,False,South,1425.18
3812,07-04-24,3810,21,Female,Clothing,1.7,3,15,0.76,5.1,4.34,Mobile Wallet,23,2,False,West,655.15
3813,09-22-24,1475,31,Other,Beauty,18.63,1,20,3.73,18.63,14.9,Credit Card,23,2,False,West,1111.97
3814,06-06-23,3810,30,Female,Beauty,8.11,4,5,1.62,32.44,30.82,Mobile Wallet,21,4,False,East,655.15
3815,10-12-23,2326,33,Male,Sports,190.49,3,0,0.0,571.47,571.47,Mobile Wallet,26,5,False,North,937.82
3816,03-27-23,1970,20,Male,Home & Garden,0.6,8,0,0.0,4.8,4.8,PayPal,13,1,False,South,293.81
3817,11-14-23,4896,46,Female,Home & Garden,21.72,1,0,0.0,21.72,21.72,Credit Card,2,3,False,East,1161.89
3818,03-22-23,2019,40,Female,Beauty,18.03,9,5,8.11,162.27,154.16,Credit Card,29,3,False,North,344.19
3819,06-07-24,2141,16,Other,Beauty,53.56,9,0,0.0,482.04,482.04,Mobile Wallet,9,4,False,East,1204.4
3820,07-28-23,2836,49,Female,Clothing,2.9,6,10,1.74,17.4,15.66,Debit Card,13,1,False,North,123.43
3821,06-09-23,1160,22,Male,Books,83.2,5,0,0.0,416.0,416.0,Debit Card,25,5,False,East,899.25
3822,07-03-24,3448,17,Female,Electronics,31.42,5,0,0.0,157.1,157.1,Debit Card,25,1,False,East,545.4
3823,12-01-23,1197,36,Other,Beauty,30.14,6,5,9.04,180.84,171.8,PayPal,22,4,False,North,771.29
3824,02-05-24,2283,8,Other,Beauty,12.86,7,15,13.5,90.02,76.52,PayPal,12,2,False,East,325.96
3825,08-23-24,1659,43,Female,Electronics,33.67,8,5,13.47,269.36,255.89,Debit Card,1,5,False,North,380.0
3826,10-11-24,2775,-7,Other,Electronics,22.62,3,5,3.39,67.86,64.47,Mobile Wallet,28,5,False,West,64.47
3827,10-27-24,2070,19,Other,Books,14.06,1,10,1.41,14.06,12.65,PayPal,13,5,False,West,494.85
3828,11-28-24,3010,58,Male,Books,9.24,5,15,6.93,46.2,39.27,Credit Card,22,5,False,North,703.35
3829,10-20-24,1398,24,Female,Electronics,65.16,1,5,3.26,65.16,61.9,Mobile Wallet,27,5,False,East,1274.26
3830,03-09-23,2733,27,Male,Beauty,7.66,2,10,1.53,15.32,13.79,Debit Card,8,4,False,West,49.72
3831,11-14-23,2582,54,Male,Beauty,9.2,8,5,3.68,73.6,69.92,PayPal,4,5,False,North,73.83
3832,12-16-24,3125,23,Other,Electronics,43.03,3,10,12.91,129.09,116.18,PayPal,22,3,False,South,638.36
3833,03-23-24,3171,46,Male,Beauty,12.81,4,20,10.25,51.24,40.99,Credit Card,11,4,False,West,74.85
3834,09-02-23,1074,52,Female,Books,30.75,6,0,0.0,184.5,184.5,Debit Card,24,1,False,North,1469.34
3835,03-01-23,4942,42,Female,Electronics,40.25,8,0,0.0,322.0,322.0,Debit Card,6,3,False,North,679.03
3836,09-08-23,3184,13,Female,Books,16.04,1,5,0.8,16.04,15.24,PayPal,13,4,False,West,271.26
3837,03-30-23,1601,25,Male,Beauty,21.05,2,10,4.21,42.1,37.89,Debit Card,20,5,True,East,115.08
3838,03-20-24,4471,75,Female,Beauty,11.8,6,20,14.16,70.8,56.64,Credit Card,23,4,False,South,710.9
3839,04-29-23,1836,27,Female,Sports,30.85,8,0,0.0,246.8,246.8,Mobile Wallet,5,5,False,North,774.56
3840,04-09-24,2528,79,Male,Clothing,243.98,8,5,97.59,1951.84,1854.25,Debit Card,27,5,False,East,1915.83
3841,09-18-24,1499,60,Male,Clothing,22.53,3,5,3.38,67.59,64.21,Credit Card,13,4,False,East,196.16
3842,09-15-24,2596,42,Male,Books,52.97,4,10,21.19,211.88,190.69,PayPal,27,3,False,North,300.19
3843,02-26-23,1137,39,Male,Electronics,50.52,4,15,30.31,202.08,171.77,Mobile Wallet,17,4,False,South,579.37
3844,11-13-23,3097,28,Other,Clothing,77.2,4,5,15.44,308.8,293.36,Credit Card,19,3,False,West,724.91
3845,11-13-24,2794,33,Male,Beauty,62.23,2,20,24.89,124.46,99.57,Mobile Wallet,19,5,False,South,106.92
3846,11-04-24,1972,24,Male,Home & Garden,0.59,6,20,0.71,3.54,2.83,Mobile Wallet,1,2,False,East,654.81
3847,06-29-23,2642,34,Female,Electronics,18.5,8,15,22.2,148.0,125.8,PayPal,4,3,False,North,523.42
3848,05-03-23,4696,14,Female,Books,102.1,9,20,183.78,918.9,735.12,PayPal,2,5,False,North,913.47
3849,01-13-23,2885,13,Male,Beauty,38.78,1,10,3.88,38.78,34.9,Credit Card,12,5,False,South,34.9
3850,12-25-24,3301,54,Male,Beauty,5.5,1,5,0.28,5.5,5.22,Credit Card,26,3,False,South,81.68
3851,05-21-23,4701,10,Male,Home & Garden,16.16,9,10,14.54,145.44,130.9,Credit Card,1,5,False,South,883.21
3852,12-19-24,3028,48,Female,Books,16.66,4,15,10.0,66.64,56.64,Mobile Wallet,12,4,False,North,367.61
3853,01-12-23,3757,6,Female,Electronics,103.25,7,15,108.41,722.75,614.34,PayPal,13,5,False,North,628.4
3854,06-17-23,4920,44,Male,Beauty,40.3,2,10,8.06,80.6,72.54,Mobile Wallet,6,4,True,East,403.52
3855,05-23-24,2900,31,Female,Sports,46.87,1,0,0.0,46.87,46.87,Debit Card,7,5,True,South,614.56
3856,12-22-23,3610,54,Female,Beauty,22.87,7,15,24.01,160.09,136.08,PayPal,29,2,False,East,377.89
3857,06-19-24,3804,30,Male,Sports,3.11,6,5,0.93,18.66,17.73,Credit Card,20,5,False,East,38.05
3858,06-13-24,4986,4,Female,Sports,3.91,3,15,1.76,11.73,9.97,Mobile Wallet,5,5,False,South,856.61
3859,09-23-23,2449,32,Male,Electronics,27.27,4,10,10.91,109.08,98.17,PayPal,9,5,False,West,1658.44
3860,06-20-23,1546,37,Other,Electronics,9.77,1,10,0.98,9.77,8.79,Credit Card,13,5,False,North,934.16
3861,01-16-24,4373,33,Other,Home & Garden,5.51,7,20,7.71,38.57,30.86,Credit Card,14,5,True,West,753.55
3862,05-10-23,1921,43,Other,Beauty,15.21,9,0,0.0,136.89,136.89,Debit Card,8,5,False,North,136.89
3863,10-03-23,1580,26,Female,Electronics,67.75,1,10,6.78,67.75,60.97,PayPal,16,5,False,North,868.99
3864,05-01-23,2372,16,Other,Electronics,3.79,2,20,1.52,7.58,6.06,Credit Card,14,4,False,North,474.12
3865,01-31-23,4903,20,Female,Home & Garden,29.73,2,20,11.89,59.46,47.57,Mobile Wallet,29,5,True,South,182.15
3866,12-10-23,2956,27,Male,Home & Garden,87.46,6,5,26.24,524.76,498.52,PayPal,18,4,True,South,1331.95
3867,03-15-24,3003,27,Other,Beauty,15.59,5,20,15.59,77.95,62.36,Debit Card,10,5,True,South,502.21
3868,10-06-23,3096,71,Female,Books,17.97,6,0,0.0,107.82,107.82,Credit Card,19,5,False,North,288.39
3869,06-20-24,3964,53,Other,Clothing,107.8,1,5,5.39,107.8,102.41,Credit Card,16,5,False,South,2127.34
3870,03-07-23,4145,45,Female,Beauty,52.49,6,10,31.49,314.94,283.45,PayPal,9,5,False,East,1050.48
3871,09-27-23,1703,41,Female,Clothing,79.9,6,10,47.94,479.4,431.46,PayPal,21,1,False,West,1808.67
3872,12-30-24,3308,39,Male,Books,17.07,7,20,23.9,119.49,95.59,PayPal,1,5,False,East,134.65
3873,08-13-24,3403,39,Female,Sports,286.91,2,15,86.07,573.82,487.75,Debit Card,9,1,False,North,786.46
3874,10-04-24,4653,37,Female,Beauty,7.59,6,0,0.0,45.54,45.54,Mobile Wallet,24,4,False,South,94.55
3875,03-20-23,2625,35,Other,Electronics,163.43,9,0,0.0,1470.87,1470.87,Debit Card,26,5,False,East,2288.82
3876,05-23-24,4331,3,Male,Home & Garden,116.19,9,20,209.14,1045.71,836.57,Credit Card,14,5,False,West,1901.05
3877,04-11-24,1637,29,Female,Beauty,40.14,2,0,0.0,80.28,80.28,PayPal,7,5,False,North,1178.77
3878,06-07-24,3790,31,Other,Home & Garden,44.01,5,5,11.0,220.05,209.05,Mobile Wallet,29,5,False,North,418.61
3879,01-04-24,4366,23,Male,Sports,74.59,7,20,104.43,522.13,417.7,Debit Card,23,3,False,East,1316.8
3880,02-26-23,2009,26,Female,Home & Garden,18.32,5,15,13.74,91.6,77.86,PayPal,24,4,False,North,150.65
3881,05-26-24,3978,39,Other,Sports,37.48,3,10,11.24,112.44,101.2,PayPal,11,4,False,East,872.88
3882,08-03-24,1640,46,Male,Books,116.33,1,0,0.0,116.33,116.33,Debit Card,20,4,False,South,482.87
3883,06-20-23,3839,39,Male,Sports,3.53,7,10,2.47,24.71,22.24,Mobile Wallet,7,4,False,North,45.81
3884,01-12-24,4384,46,Male,Clothing,117.97,8,15,141.56,943.76,802.2,PayPal,24,5,False,East,1144.49
3885,06-11-23,3659,46,Male,Beauty,65.24,6,15,58.72,391.44,332.72,Credit Card,27,4,False,South,1536.4
3886,09-19-23,2861,30,Female,Sports,73.45,7,5,25.71,514.15,488.44,Credit Card,10,5,False,West,936.12
3887,04-16-23,3856,42,Female,Beauty,3.35,9,15,4.52,30.15,25.63,PayPal,19,4,False,East,25.63
3888,08-10-24,2205,8,Male,Books,10.4,2,15,3.12,20.8,17.68,Debit Card,2,5,False,West,1721.76
3889,11-21-24,1685,29,Male,Sports,129.69,5,0,0.0,648.45,648.45,Mobile Wallet,2,2,False,West,761.14
3890,04-29-23,2851,27,Female,Books,6.62,3,10,1.99,19.86,17.87,PayPal,23,5,False,North,387.36
3891,08-22-23,4435,57,Other,Clothing,49.87,2,0,0.0,99.74,99.74,Credit Card,25,4,False,East,1153.07
3892,06-05-24,1187,40,Male,Electronics,76.32,3,0,0.0,228.96,228.96,Mobile Wallet,29,5,False,South,1242.39
3893,01-03-23,4640,14,Female,Books,13.15,4,20,10.52,52.6,42.08,Mobile Wallet,16,5,True,East,1144.71
3894,02-15-23,4614,43,Female,Electronics,60.0,2,20,24.0,120.0,96.0,PayPal,12,5,False,East,96.0
3895,01-13-23,2619,48,Other,Books,3.39,2,5,0.34,6.78,6.44,Debit Card,8,1,False,North,867.2
3896,09-08-23,2687,33,Female,Sports,34.53,8,5,13.81,276.24,262.43,Debit Card,26,5,False,North,338.67
3897,02-17-23,1984,45,Male,Electronics,20.36,3,15,9.16,61.08,51.92,Debit Card,10,5,False,South,1191.75
3898,04-28-24,1547,-2,Female,Books,51.89,3,5,7.78,155.67,147.89,Mobile Wallet,23,5,False,North,779.01
3899,01-08-24,3772,-5,Male,Beauty,109.91,4,5,21.98,439.64,417.66,Debit Card,15,4,False,South,969.67
3900,01-28-24,3973,17,Female,Books,6.7,5,15,5.03,33.5,28.47,Credit Card,16,5,True,South,613.02
3901,06-03-23,2431,37,Male,Electronics,29.92,3,10,8.98,89.76,80.78,PayPal,25,4,True,South,206.99
3902,07-03-23,1875,57,Male,Beauty,27.51,6,15,24.76,165.06,140.3,Credit Card,4,4,False,East,889.51
3903,02-06-23,1617,18,Female,Books,19.56,3,15,8.8,58.68,49.88,Debit Card,26,5,False,West,127.75
3904,07-20-24,3461,22,Male,Electronics,32.71,8,10,26.17,261.68,235.51,PayPal,29,5,False,West,1936.15
3905,11-02-24,2365,36,Female,Clothing,106.32,4,15,63.79,425.28,361.49,PayPal,23,2,False,North,752.43
3906,03-05-24,2243,27,Female,Home & Garden,181.84,5,20,181.84,909.2,727.36,Debit Card,5,4,False,East,2377.56
3907,08-18-23,1902,26,Female,Clothing,0.14,3,5,0.02,0.42,0.4,PayPal,17,5,False,East,125.24
3908,11-26-23,1162,28,Male,Electronics,67.17,5,15,50.38,335.85,285.47,Debit Card,10,5,False,West,444.51
3909,09-12-23,2974,54,Female,Sports,47.74,7,0,0.0,334.18,334.18,PayPal,4,5,False,West,396.58
3910,03-02-24,4291,51,Other,Sports,260.26,3,5,39.04,780.78,741.74,Debit Card,1,5,True,East,1320.83
3911,11-24-23,1269,35,Male,Home & Garden,4.71,3,20,2.83,14.13,11.3,Credit Card,1,3,False,East,232.59
3912,10-05-23,1631,59,Other,Electronics,83.39,1,20,16.68,83.39,66.71,PayPal,7,4,False,East,208.67
3913,03-21-23,1905,42,Other,Beauty,135.85,2,15,40.76,271.7,230.94,Mobile Wallet,3,4,False,North,325.93
3914,08-08-24,4919,52,Other,Books,121.59,4,10,48.64,486.36,437.72,Credit Card,16,4,False,West,621.11
3915,01-17-24,4471,22,Other,Clothing,41.11,9,0,0.0,369.99,369.99,Mobile Wallet,25,1,False,North,710.9
3916,05-03-23,4253,25,Female,Beauty,19.84,3,15,8.93,59.52,50.59,Credit Card,27,3,False,South,2288.98
3917,05-29-24,3014,25,Other,Clothing,51.07,5,10,25.54,255.35,229.81,Credit Card,16,3,False,West,2359.01
3918,11-20-24,2641,33,Male,Home & Garden,18.27,9,20,32.89,164.43,131.54,Credit Card,15,5,False,North,812.75
3919,02-23-23,4800,35,Other,Home & Garden,26.57,4,5,5.31,106.28,100.97,Mobile Wallet,23,4,False,East,1203.11
3920,07-03-23,1204,39,Other,Home & Garden,29.5,4,20,23.6,118.0,94.4,Credit Card,11,4,False,West,431.68
3921,08-17-23,1581,64,Other,Beauty,17.97,6,15,16.17,107.82,91.65,PayPal,22,4,True,East,1146.82
3922,06-12-24,2579,45,Female,Beauty,20.91,7,10,14.64,146.37,131.73,PayPal,18,4,False,West,2448.24
3923,02-17-23,1840,27,Other,Home & Garden,0.37,6,15,0.33,2.22,1.89,PayPal,21,5,False,South,129.92
3924,02-15-24,2836,34,Other,Beauty,17.63,4,20,14.1,70.52,56.42,Credit Card,24,3,False,North,123.43
3925,03-12-23,2251,57,Other,Home & Garden,31.96,7,0,0.0,223.72,223.72,Debit Card,20,2,True,North,267.32
3926,04-21-24,2719,46,Male,Beauty,9.5,3,20,5.7,28.5,22.8,Debit Card,8,5,False,South,983.23
3927,10-17-23,2642,57,Female,Home & Garden,81.89,3,15,36.85,245.67,208.82,PayPal,25,3,False,East,523.42
3928,11-15-23,3643,27,Female,Books,38.57,7,10,27.0,269.99,242.99,Credit Card,24,5,True,East,626.75
3929,12-02-23,4921,24,Female,Books,78.96,6,15,71.06,473.76,402.7,Mobile Wallet,6,2,True,West,614.5
3930,03-30-23,3297,24,Male,Clothing,6.85,2,5,0.68,13.7,13.02,Mobile Wallet,18,3,False,West,13.02
3931,07-20-24,1874,28,Other,Clothing,85.88,1,5,4.29,85.88,81.59,PayPal,8,3,False,West,801.03
3932,04-12-24,2464,19,Male,Home & Garden,158.82,6,10,95.29,952.92,857.63,Credit Card,20,3,False,West,2335.55
3933,01-09-23,4604,39,Female,Clothing,21.73,9,20,39.11,195.57,156.46,Mobile Wallet,17,4,True,East,1037.43
3934,01-13-24,3243,39,Female,Beauty,16.7,3,15,7.52,50.1,42.58,Mobile Wallet,29,4,False,East,503.51
3935,07-25-23,1689,55,Female,Home & Garden,52.04,9,5,23.42,468.36,444.94,Mobile Wallet,5,4,False,East,726.71
3936,10-26-23,3010,8,Male,Books,50.52,6,0,0.0,303.12,303.12,Debit Card,3,5,True,North,703.35
3937,07-31-24,4590,20,Female,Sports,5.97,4,5,1.19,23.88,22.69,Debit Card,19,4,False,South,382.65
3938,11-08-23,4141,47,Other,Books,130.7,2,20,52.28,261.4,209.12,Mobile Wallet,7,4,False,South,308.42
3939,09-29-24,3686,37,Male,Electronics,32.61,9,10,29.35,293.49,264.14,Credit Card,12,5,False,North,1686.8
3940,09-06-23,2422,35,Other,Books,72.28,5,0,0.0,361.4,361.4,Mobile Wallet,1,3,True,North,614.55
3941,04-20-24,3001,53,Female,Electronics,22.26,5,15,16.7,111.3,94.6,Mobile Wallet,3,3,False,North,546.38
3942,01-13-24,1671,19,Female,Clothing,15.16,2,15,4.55,30.32,25.77,Debit Card,10,5,True,East,465.14
3943,08-28-24,4831,24,Male,Books,5.9,5,10,2.95,29.5,26.55,Credit Card,6,4,False,West,902.31
3944,05-20-24,4274,22,Other,Sports,16.05,6,0,0.0,96.3,96.3,PayPal,16,5,False,West,115.2
3945,07-20-23,2171,4,Male,Beauty,251.27,2,0,0.0,502.54,502.54,Credit Card,14,4,False,West,502.54
3946,07-13-24,2495,36,Other,Books,53.64,1,0,0.0,53.64,53.64,Credit Card,8,1,False,South,233.79
3947,09-09-23,4726,27,Female,Beauty,81.17,6,10,48.7,487.02,438.32,Debit Card,6,4,True,West,593.33
3948,06-04-23,1943,24,Male,Books,159.11,9,10,143.2,1431.99,1288.79,Credit Card,11,5,False,North,2913.03
3949,01-07-23,3246,21,Male,Books,4.11,9,15,5.55,36.99,31.44,Debit Card,4,4,False,North,435.27
3950,02-24-24,4988,34,Other,Beauty,9.0,9,5,4.05,81.0,76.95,Credit Card,8,4,False,South,694.67
3951,01-25-23,2449,23,Female,Beauty,131.53,5,20,131.53,657.65,526.12,Debit Card,26,5,False,North,1658.44
3952,08-27-23,4737,38,Female,Home & Garden,41.57,1,15,6.24,41.57,35.33,Credit Card,5,4,False,East,3462.92
3953,07-08-24,3539,41,Other,Books,50.37,3,0,0.0,151.11,151.11,Credit Card,10,5,False,North,885.1
3954,12-21-23,4959,30,Other,Books,27.9,8,5,11.16,223.2,212.04,Credit Card,22,5,True,North,846.39
3955,10-13-24,1895,29,Other,Sports,84.22,9,20,151.6,757.98,606.38,Credit Card,12,1,False,North,1648.15
3956,12-11-24,3189,37,Other,Beauty,36.41,4,0,0.0,145.64,145.64,PayPal,29,4,False,South,145.64
3957,01-10-23,2336,34,Other,Beauty,87.47,3,10,26.24,262.41,236.17,PayPal,17,5,False,East,395.41
3958,12-10-23,1164,54,Female,Electronics,242.6,2,5,24.26,485.2,460.94,Debit Card,20,5,False,North,902.31
3959,01-02-23,3361,39,Female,Electronics,52.03,5,10,26.02,260.15,234.13,PayPal,11,4,False,East,1289.51
3960,11-04-24,3068,51,Male,Beauty,37.63,2,20,15.05,75.26,60.21,Mobile Wallet,20,4,True,East,2143.21
3961,01-21-24,2105,44,Female,Sports,22.72,9,20,40.9,204.48,163.58,PayPal,28,4,False,West,741.51
3962,11-11-23,4652,15,Other,Clothing,10.83,9,0,0.0,97.47,97.47,Debit Card,12,5,False,East,97.47
3963,04-17-23,4202,26,Female,Books,53.45,3,10,16.04,160.35,144.31,Mobile Wallet,21,2,False,East,778.75
3964,07-30-23,4670,34,Female,Clothing,3.23,4,15,1.94,12.92,10.98,PayPal,12,3,False,East,284.03
3965,06-26-24,2753,48,Female,Sports,156.51,9,15,211.29,1408.59,1197.3,Mobile Wallet,17,4,False,South,1430.04
3966,09-01-23,4031,63,Male,Clothing,52.14,1,10,5.21,52.14,46.93,Mobile Wallet,20,4,False,West,1556.07
3967,03-05-24,3352,27,Male,Electronics,160.15,7,20,224.21,1121.05,896.84,Mobile Wallet,27,5,False,South,2555.84
3968,05-18-24,2938,35,Other,Home & Garden,15.89,2,5,1.59,31.78,30.19,Debit Card,23,5,False,East,956.41
3969,03-03-23,1370,46,Other,Clothing,146.42,9,10,131.78,1317.78,1186.0,PayPal,22,3,False,South,1319.65
3970,05-26-23,2880,34,Male,Home & Garden,47.35,3,0,0.0,142.05,142.05,Debit Card,26,3,False,North,142.05
3971,12-29-24,1852,59,Female,Clothing,83.11,6,15,74.8,498.66,423.86,Debit Card,5,5,False,South,481.68
3972,10-14-23,1383,14,Female,Sports,9.86,5,0,0.0,49.3,49.3,PayPal,27,5,False,South,806.16
3973,04-06-23,2931,45,Male,Home & Garden,34.67,2,5,3.47,69.34,65.87,Debit Card,17,5,False,South,1561.76
3974,02-14-23,3492,45,Other,Clothing,42.08,9,15,56.81,378.72,321.91,Credit Card,24,3,False,South,633.85
3975,08-26-23,1424,52,Female,Sports,24.95,3,15,11.23,74.85,63.62,PayPal,28,2,False,North,731.2
3976,06-16-24,3208,35,Other,Beauty,14.6,6,15,13.14,87.6,74.46,Credit Card,5,4,False,North,229.69
3977,02-27-24,4249,48,Female,Electronics,117.58,9,0,0.0,1058.22,1058.22,PayPal,13,5,False,West,1688.21
3978,12-18-24,1628,31,Other,Books,4.44,8,20,7.1,35.52,28.42,PayPal,29,3,False,South,519.04
3979,01-17-24,4779,22,Female,Sports,8.36,5,0,0.0,41.8,41.8,Debit Card,14,5,False,South,196.92
3980,04-14-24,1894,20,Other,Sports,19.32,6,20,23.18,115.92,92.74,Debit Card,8,2,False,West,1849.0
3981,03-28-23,3537,13,Other,Electronics,126.14,3,10,37.84,378.42,340.58,Debit Card,14,3,False,West,937.25
3982,08-17-24,4064,28,Other,Home & Garden,41.53,5,15,31.15,207.65,176.5,Mobile Wallet,27,3,False,West,203.34
3983,04-08-23,3374,39,Male,Clothing,23.35,6,0,0.0,140.1,140.1,PayPal,6,3,True,North,706.66
3984,06-01-24,1597,31,Other,Home & Garden,25.76,3,5,3.86,77.28,73.42,Mobile Wallet,7,5,False,East,131.63
3985,05-17-23,4062,37,Male,Sports,90.94,2,5,9.09,181.88,172.79,Debit Card,26,4,False,East,1977.81
3986,10-14-24,3336,53,Male,Beauty,1.36,9,20,2.45,12.24,9.79,Credit Card,10,3,False,North,548.42
3987,02-08-24,1592,27,Other,Clothing,0.57,7,20,0.8,3.99,3.19,Credit Card,17,2,False,West,393.17
3988,03-18-23,2687,70,Male,Books,2.36,4,15,1.42,9.44,8.02,PayPal,6,4,False,South,338.67
3989,08-29-24,4644,46,Male,Books,31.67,3,20,19.0,95.01,76.01,Mobile Wallet,3,1,False,South,871.4
3990,08-04-24,1572,32,Male,Clothing,43.52,4,5,8.7,174.08,165.38,PayPal,19,2,False,North,1021.78
3991,03-05-23,4425,31,Female,Sports,48.97,9,0,0.0,440.73,440.73,Debit Card,19,1,True,South,1215.03
3992,03-21-24,3075,19,Other,Beauty,65.68,9,0,0.0,591.12,591.12,Mobile Wallet,22,1,False,North,591.52
3993,11-09-24,4001,34,Male,Electronics,10.52,6,20,12.62,63.12,50.5,Credit Card,24,5,False,West,102.45
3994,05-14-23,3090,2,Other,Beauty,15.21,9,20,27.38,136.89,109.51,Debit Card,28,4,False,East,202.94
3995,08-31-23,2704,53,Male,Home & Garden,13.95,9,5,6.28,125.55,119.27,Debit Card,3,5,False,West,946.29
3996,10-26-23,3470,-7,Other,Beauty,8.08,6,10,4.85,48.48,43.63,Debit Card,3,5,False,South,137.18
3997,09-25-23,4669,35,Male,Beauty,14.01,5,0,0.0,70.05,70.05,Mobile Wallet,5,5,False,East,70.05
3998,11-19-23,1176,17,Female,Home & Garden,47.55,3,20,28.53,142.65,114.12,Debit Card,6,2,False,South,198.88
3999,02-07-24,1528,24,Female,Electronics,22.82,1,15,3.42,22.82,19.4,Credit Card,6,4,False,North,31.15
4000,12-18-24,2633,26,Female,Electronics,73.03,4,20,58.42,292.12,233.7,Debit Card,23,4,False,South,566.22
4001,12-01-23,1965,63,Male,Books,38.44,1,20,7.69,38.44,30.75,Mobile Wallet,29,4,False,South,30.75
4002,11-22-23,2517,18,Other,Electronics,11.92,1,0,0.0,11.92,11.92,Mobile Wallet,23,4,False,East,1171.18
4003,04-08-24,1197,48,Male,Clothing,31.5,6,20,37.8,189.0,151.2,Credit Card,13,3,False,East,771.29
4004,10-06-23,3657,52,Female,Books,44.99,5,15,33.74,224.95,191.21,Mobile Wallet,27,5,False,South,789.4
4005,08-28-23,4648,0,Male,Sports,100.57,7,15,105.6,703.99,598.39,Credit Card,19,1,False,East,1251.69
4006,03-18-23,3889,25,Other,Books,89.7,1,15,13.46,89.7,76.24,PayPal,5,5,False,West,307.73
4007,07-27-23,1852,57,Female,Beauty,27.8,1,5,1.39,27.8,26.41,Debit Card,1,2,False,West,481.68
4008,05-20-23,4588,15,Male,Beauty,52.16,8,15,62.59,417.28,354.69,PayPal,17,5,False,North,497.51
4009,08-21-24,2537,52,Other,Books,17.68,6,0,0.0,106.08,106.08,PayPal,2,5,False,South,643.34
4010,04-22-23,3069,34,Female,Home & Garden,50.12,8,10,40.1,400.96,360.86,PayPal,12,2,False,East,407.12
4011,06-09-23,4183,34,Other,Electronics,121.97,6,20,146.36,731.82,585.46,Credit Card,28,5,True,West,1127.6
4012,04-19-23,2080,36,Other,Beauty,48.98,6,20,58.78,293.88,235.1,Debit Card,18,4,False,West,345.04
4013,06-18-23,4137,40,Female,Beauty,18.1,7,20,25.34,126.7,101.36,PayPal,7,5,False,East,128.72
4014,04-05-24,3889,20,Male,Clothing,51.64,2,15,15.49,103.28,87.79,Credit Card,5,2,False,South,307.73
4015,04-22-24,1097,31,Male,Electronics,116.53,3,15,52.44,349.59,297.15,Mobile Wallet,29,5,False,East,364.15
4016,11-18-23,4215,40,Male,Beauty,7.37,4,15,4.42,29.48,25.06,PayPal,19,3,False,North,222.51
4017,02-21-24,2903,37,Male,Home & Garden,32.93,1,10,3.29,32.93,29.64,Credit Card,16,4,False,North,750.26
4018,05-04-23,1434,40,Other,Beauty,19.36,9,10,17.42,174.24,156.82,Credit Card,23,4,False,West,501.38
4019,07-02-24,1636,24,Male,Electronics,13.82,9,10,12.44,124.38,111.94,Credit Card,12,4,False,North,692.49
4020,01-02-24,4750,44,Male,Clothing,25.23,4,10,10.09,100.92,90.83,Credit Card,19,4,False,South,486.25
4021,08-01-23,4157,36,Other,Electronics,25.04,1,10,2.5,25.04,22.54,Debit Card,19,5,True,West,1000.1
4022,04-07-24,1587,11,Other,Home & Garden,11.81,1,20,2.36,11.81,9.45,Mobile Wallet,20,5,False,East,871.93
4023,11-12-23,1343,27,Female,Clothing,25.84,6,20,31.01,155.04,124.03,Credit Card,21,4,True,North,173.17
4024,04-19-24,2317,21,Other,Electronics,50.22,2,10,10.04,100.44,90.4,PayPal,15,4,False,South,913.83
4025,09-29-23,2979,21,Female,Home & Garden,1.3,1,20,0.26,1.3,1.04,Mobile Wallet,24,4,False,South,180.11
4026,05-03-23,1570,27,Female,Home & Garden,226.53,2,10,45.31,453.06,407.75,Debit Card,9,4,False,West,1107.73
4027,04-03-23,4721,44,Male,Books,17.54,7,10,12.28,122.78,110.5,PayPal,29,3,False,East,216.53
4028,06-11-23,1610,25,Male,Beauty,48.86,4,10,19.54,195.44,175.9,Mobile Wallet,21,5,False,East,771.47
4029,12-03-24,2727,38,Male,Clothing,16.67,7,20,23.34,116.69,93.35,Mobile Wallet,8,5,False,West,724.98
4030,11-08-23,3290,35,Other,Clothing,25.01,7,5,8.75,175.07,166.32,Debit Card,19,4,False,West,166.32
4031,12-22-24,2854,23,Other,Beauty,39.84,4,5,7.97,159.36,151.39,PayPal,27,5,True,West,226.92
4032,12-14-24,3608,29,Male,Electronics,47.32,2,5,4.73,94.64,89.91,PayPal,7,5,False,East,515.49
4033,09-09-24,1959,47,Male,Books,73.58,9,0,0.0,662.22,662.22,Credit Card,19,5,False,South,1191.82
4034,02-11-23,3079,37,Other,Clothing,78.43,3,5,11.76,235.29,223.53,Mobile Wallet,28,5,True,East,1316.97
4035,08-09-23,3438,43,Female,Home & Garden,36.56,1,5,1.83,36.56,34.73,PayPal,12,4,False,North,1054.87
4036,12-02-23,3324,54,Female,Clothing,3.94,8,5,1.58,31.52,29.94,Debit Card,26,4,False,East,775.01
4037,06-01-23,1531,41,Male,Books,40.8,4,15,24.48,163.2,138.72,PayPal,3,4,False,East,2005.0
4038,04-04-23,2177,6,Male,Beauty,32.46,9,10,29.21,292.14,262.93,Credit Card,4,4,False,North,627.76
4039,12-29-24,3430,39,Male,Sports,12.13,8,20,19.41,97.04,77.63,Mobile Wallet,2,5,False,West,411.78
4040,09-12-23,2091,25,Female,Beauty,0.51,7,15,0.54,3.57,3.03,Credit Card,7,5,False,North,330.63
4041,12-31-23,2901,62,Male,Home & Garden,18.99,9,10,17.09,170.91,153.82,Debit Card,22,1,False,West,997.88
4042,02-10-24,1883,40,Female,Clothing,15.02,2,5,1.5,30.04,28.54,PayPal,27,3,False,North,296.97
4043,06-09-24,3261,26,Other,Beauty,32.98,4,5,6.6,131.92,125.32,Credit Card,3,3,False,North,834.66
4044,02-20-23,2678,43,Other,Home & Garden,71.69,5,15,53.77,358.45,304.68,Debit Card,1,5,False,West,358.85
4045,11-24-24,3423,36,Other,Electronics,28.91,5,20,28.91,144.55,115.64,Debit Card,12,4,False,North,197.51
4046,11-03-23,3791,9,Male,Home & Garden,151.38,1,15,22.71,151.38,128.67,Credit Card,26,4,False,South,887.39
4047,09-24-23,3260,47,Other,Clothing,12.51,9,15,16.89,112.59,95.7,Debit Card,19,4,True,North,129.56
4048,06-28-23,3126,28,Female,Electronics,12.48,9,10,11.23,112.32,101.09,PayPal,20,5,False,East,640.74
4049,02-01-23,2749,56,Female,Electronics,46.37,5,0,0.0,231.85,231.85,PayPal,26,4,False,West,1850.82
4050,02-19-24,3675,33,Female,Electronics,113.29,3,20,67.97,339.87,271.9,PayPal,17,5,False,West,2281.46
4051,04-08-24,3651,56,Male,Sports,55.72,8,20,89.15,445.76,356.61,Debit Card,24,1,False,West,356.61
4052,07-23-24,1781,41,Male,Sports,55.99,7,15,58.79,391.93,333.14,Debit Card,18,5,False,South,333.14
4053,07-17-24,4994,49,Female,Electronics,82.07,5,15,61.55,410.35,348.8,PayPal,3,3,False,East,2670.69
4054,09-13-23,4452,27,Female,Beauty,55.23,1,5,2.76,55.23,52.47,PayPal,13,5,False,North,201.76
4055,04-07-23,4048,40,Female,Beauty,71.22,7,15,74.78,498.54,423.76,Mobile Wallet,5,5,False,East,474.45
4056,04-18-24,3727,9,Female,Beauty,100.54,1,10,10.05,100.54,90.49,Credit Card,25,2,False,West,135.07
4057,04-15-23,3105,33,Other,Clothing,0.4,1,5,0.02,0.4,0.38,PayPal,22,2,False,East,118.72
4058,05-24-23,4867,12,Female,Electronics,108.41,9,0,0.0,975.69,975.69,Debit Card,19,3,True,West,1852.52
4059,05-05-23,4097,17,Male,Beauty,12.12,6,10,7.27,72.72,65.45,Credit Card,19,2,False,West,320.44
4060,01-13-23,1880,21,Male,Electronics,121.58,7,20,170.21,851.06,680.85,Debit Card,8,5,False,South,2160.99
4061,03-05-23,1446,44,Male,Home & Garden,15.47,2,20,6.19,30.94,24.75,Debit Card,20,5,False,West,565.5
4062,08-16-23,3113,32,Male,Beauty,30.37,8,10,24.3,242.96,218.66,Mobile Wallet,16,5,False,East,342.29
4063,05-14-23,4992,35,Male,Home & Garden,135.82,7,15,142.61,950.74,808.13,PayPal,5,3,False,South,1028.76
4064,07-22-23,2783,32,Female,Home & Garden,5.81,5,15,4.36,29.05,24.69,Mobile Wallet,4,4,False,East,24.69
4065,02-15-24,2277,51,Female,Beauty,68.38,8,15,82.06,547.04,464.98,Credit Card,27,5,False,East,511.05
4066,01-17-24,4970,35,Other,Books,24.92,2,20,9.97,49.84,39.87,Debit Card,25,5,False,North,609.77
4067,12-03-24,2991,38,Other,Home & Garden,1.22,6,10,0.73,7.32,6.59,Debit Card,16,1,False,East,409.63
4068,10-07-24,2067,26,Other,Beauty,139.95,4,15,83.97,559.8,475.83,PayPal,24,4,False,South,1098.66
4069,10-22-24,4168,52,Female,Home & Garden,6.27,7,5,2.19,43.89,41.7,Debit Card,14,4,False,North,881.81
4070,03-28-23,2577,53,Other,Clothing,74.39,6,20,89.27,446.34,357.07,Debit Card,13,4,True,West,2916.92
4071,08-19-24,2011,34,Female,Sports,24.25,6,10,14.55,145.5,130.95,Mobile Wallet,23,4,False,North,741.74
4072,08-23-24,3274,26,Male,Sports,83.19,5,10,41.6,415.95,374.35,PayPal,20,4,False,North,421.52
4073,09-23-23,1773,10,Female,Sports,69.37,5,10,34.68,346.85,312.17,PayPal,25,4,False,North,341.67
4074,03-18-23,3726,21,Female,Books,50.15,2,10,10.03,100.3,90.27,PayPal,27,2,False,North,179.48
4075,01-23-23,4507,2,Male,Electronics,140.03,7,0,0.0,980.21,980.21,Debit Card,8,4,False,East,1462.35
4076,03-08-23,2814,21,Male,Home & Garden,5.21,7,5,1.82,36.47,34.65,Mobile Wallet,24,5,False,North,1384.92
4077,07-22-23,3648,40,Male,Clothing,80.12,8,0,0.0,640.96,640.96,Credit Card,26,2,False,East,640.96
4078,10-23-24,3426,34,Other,Books,55.55,4,15,33.33,222.2,188.87,Debit Card,18,5,False,East,492.72
4079,03-30-24,2201,69,Other,Sports,18.9,9,0,0.0,170.1,170.1,Mobile Wallet,5,3,False,West,436.96
4080,05-12-23,2450,29,Other,Books,39.48,3,0,0.0,118.44,118.44,Credit Card,6,4,False,East,217.11
4081,04-05-23,4986,28,Male,Clothing,51.73,3,20,31.04,155.19,124.15,Debit Card,6,5,False,South,856.61
4082,12-06-23,3756,50,Other,Beauty,66.64,2,10,13.33,133.28,119.95,Debit Card,25,5,False,West,630.12
4083,05-06-23,1306,6,Male,Books,10.35,7,0,0.0,72.45,72.45,Credit Card,20,5,False,West,206.45
4084,02-13-23,1778,12,Male,Sports,5.39,2,10,1.08,10.78,9.7,Debit Card,23,5,False,East,2028.64
4085,04-17-24,3551,44,Male,Electronics,5.38,7,5,1.88,37.66,35.78,Debit Card,25,4,False,East,1023.13
4086,02-21-23,3315,32,Other,Sports,17.4,3,0,0.0,52.2,52.2,Debit Card,21,5,False,North,535.54
4087,06-22-23,4657,32,Other,Sports,8.37,1,20,1.67,8.37,6.7,Mobile Wallet,27,4,False,East,517.54
4088,08-10-24,1007,20,Male,Sports,38.35,8,20,61.36,306.8,245.44,Mobile Wallet,22,5,False,North,622.22
4089,03-19-24,4991,38,Other,Books,28.73,8,15,34.48,229.84,195.36,Debit Card,17,4,False,South,610.39
4090,02-09-24,3555,22,Female,Clothing,111.78,1,0,0.0,111.78,111.78,Mobile Wallet,29,5,False,West,851.88
4091,05-23-24,1475,36,Other,Sports,63.19,6,5,18.96,379.14,360.18,Debit Card,23,5,False,West,1111.97
4092,01-31-23,2320,17,Male,Beauty,11.52,4,10,4.61,46.08,41.47,Mobile Wallet,16,5,True,East,41.47
4093,01-27-24,3211,32,Male,Books,2.34,5,0,0.0,11.7,11.7,Mobile Wallet,5,4,False,West,181.23
4094,11-30-24,1484,65,Male,Clothing,61.75,8,15,74.1,494.0,419.9,Mobile Wallet,20,4,False,West,1768.79
4095,03-12-24,4668,28,Female,Electronics,93.48,8,20,149.57,747.84,598.27,Credit Card,3,5,False,South,771.25
4096,06-26-23,4143,33,Male,Sports,60.36,7,0,0.0,422.52,422.52,Debit Card,1,2,False,West,527.34
4097,12-29-23,3614,31,Male,Home & Garden,51.61,5,15,38.71,258.05,219.34,Credit Card,5,3,False,North,219.34
4098,08-08-23,1904,37,Other,Books,14.34,6,5,4.3,86.04,81.74,Mobile Wallet,3,2,False,West,157.76
4099,07-11-23,1558,42,Female,Beauty,34.12,8,10,27.3,272.96,245.66,Mobile Wallet,24,1,False,North,1467.5
4100,10-09-23,4982,38,Other,Electronics,64.54,5,5,16.14,322.7,306.56,Debit Card,28,5,False,North,635.96
4101,10-14-23,2967,39,Male,Electronics,10.74,3,5,1.61,32.22,30.61,PayPal,16,5,False,North,59.38
4102,04-01-24,3285,32,Male,Electronics,32.37,9,10,29.13,291.33,262.2,Debit Card,16,2,False,North,868.16
4103,06-02-23,2127,36,Female,Books,6.22,9,0,0.0,55.98,55.98,PayPal,29,5,False,South,351.24
4104,02-05-23,2233,31,Male,Clothing,37.83,1,10,3.78,37.83,34.05,Mobile Wallet,4,4,False,South,178.51
4105,09-20-24,3601,7,Female,Home & Garden,42.61,7,15,44.74,298.27,253.53,Credit Card,3,5,False,West,752.12
4106,09-26-24,3875,74,Other,Beauty,38.33,4,5,7.67,153.32,145.65,Debit Card,12,5,False,South,930.29
4107,09-23-24,1467,45,Female,Clothing,31.69,6,10,19.01,190.14,171.13,PayPal,17,5,True,North,544.6
4108,09-09-23,4525,20,Other,Sports,44.27,7,20,61.98,309.89,247.91,PayPal,12,2,False,South,262.36
4109,10-24-24,4339,38,Male,Home & Garden,287.22,8,10,229.78,2297.76,2067.98,PayPal,10,2,False,East,2633.92
4110,10-30-23,3433,14,Other,Clothing,48.71,5,10,24.36,243.55,219.19,Debit Card,2,5,False,East,2363.52
4111,05-25-24,3822,27,Other,Sports,69.83,5,15,52.37,349.15,296.78,Debit Card,10,2,False,South,296.78
4112,02-26-24,1847,12,Other,Home & Garden,10.67,6,5,3.2,64.02,60.82,PayPal,2,3,False,East,710.3
4113,07-17-24,3434,34,Female,Books,37.75,7,15,39.64,264.25,224.61,Credit Card,17,4,False,West,1276.0
4114,05-05-24,3924,11,Other,Beauty,0.38,5,15,0.28,1.9,1.62,PayPal,24,5,False,East,2101.77
4115,03-04-23,1258,40,Female,Beauty,1.6,5,20,1.6,8.0,6.4,Credit Card,5,5,False,West,6.4
4116,03-31-23,1282,45,Female,Sports,19.47,4,15,11.68,77.88,66.2,Debit Card,2,4,True,South,504.36
4117,10-14-23,2649,22,Female,Clothing,31.42,1,15,4.71,31.42,26.71,Debit Card,24,5,False,North,268.43
4118,01-28-24,2898,37,Male,Home & Garden,42.86,7,20,60.0,300.02,240.02,Debit Card,14,5,False,South,350.45
4119,05-21-23,1039,21,Male,Sports,109.46,7,0,0.0,766.22,766.22,Mobile Wallet,10,3,False,West,1129.95
4120,03-05-24,3533,42,Male,Sports,73.87,6,15,66.48,443.22,376.74,Credit Card,15,1,True,East,682.45
4121,07-24-23,3976,24,Female,Books,17.83,2,10,3.57,35.66,32.09,Mobile Wallet,5,2,False,South,131.81
4122,10-20-24,3267,46,Male,Sports,68.03,2,15,20.41,136.06,115.65,Debit Card,26,3,False,South,1083.92
4123,06-22-24,4200,7,Other,Home & Garden,39.86,6,5,11.96,239.16,227.2,PayPal,14,1,False,South,497.57
4124,09-13-23,2014,19,Female,Electronics,75.52,9,10,67.97,679.68,611.71,PayPal,21,5,False,West,1631.95
4125,10-07-24,4071,18,Male,Home & Garden,26.47,5,10,13.24,132.35,119.11,Mobile Wallet,18,5,False,East,119.11
4126,07-10-24,4591,38,Female,Home & Garden,4.82,7,0,0.0,33.74,33.74,PayPal,24,5,False,South,1650.7
4127,01-20-23,1612,43,Male,Books,48.18,2,5,4.82,96.36,91.54,Debit Card,13,3,False,North,207.21
4128,01-27-24,3975,39,Other,Books,40.71,6,5,12.21,244.26,232.05,Mobile Wallet,13,5,True,West,1056.85
4129,12-31-24,2915,27,Female,Beauty,153.53,6,5,46.06,921.18,875.12,PayPal,3,4,False,West,875.12
4130,01-03-24,1687,-6,Male,Beauty,8.84,6,15,7.96,53.04,45.08,Mobile Wallet,4,5,False,East,324.62
4131,05-06-24,4690,35,Male,Sports,53.38,6,15,48.04,320.28,272.24,Credit Card,5,5,False,North,378.52
4132,07-11-24,1612,46,Other,Beauty,32.13,4,10,12.85,128.52,115.67,Mobile Wallet,10,5,False,South,207.21
4133,05-11-24,3307,75,Other,Books,23.81,5,0,0.0,119.05,119.05,Credit Card,25,4,False,East,322.04
4134,12-19-23,4037,28,Male,Sports,79.13,4,15,47.48,316.52,269.04,Credit Card,29,4,False,West,699.45
4135,08-02-24,4013,25,Male,Electronics,83.21,6,15,74.89,499.26,424.37,Credit Card,2,5,False,North,424.37
4136,05-29-24,3413,39,Female,Clothing,62.69,9,0,0.0,564.21,564.21,PayPal,24,2,False,South,633.32
4137,11-26-23,2781,31,Female,Books,4.37,5,5,1.09,21.85,20.76,Credit Card,21,3,False,West,954.16
4138,02-02-24,2810,54,Male,Books,21.16,5,10,10.58,105.8,95.22,PayPal,27,4,True,South,700.68
4139,10-04-23,3591,22,Other,Electronics,2.39,3,15,1.08,7.17,6.09,Debit Card,9,5,False,East,198.79
4140,07-04-23,3696,31,Female,Books,21.06,7,0,0.0,147.42,147.42,PayPal,9,2,False,North,316.01
4141,01-27-23,2547,48,Male,Beauty,52.19,5,0,0.0,260.95,260.95,Mobile Wallet,10,4,False,East,405.6
4142,11-23-23,2930,39,Other,Beauty,36.56,2,5,3.66,73.12,69.46,PayPal,12,4,False,South,581.05
4143,09-03-24,3861,52,Other,Beauty,60.69,9,20,109.24,546.21,436.97,PayPal,15,4,True,South,815.78
4144,08-13-23,4958,28,Male,Electronics,40.09,5,20,40.09,200.45,160.36,PayPal,3,4,False,West,160.36
4145,01-31-23,4087,53,Male,Sports,40.58,7,20,56.81,284.06,227.25,Debit Card,28,5,True,North,1386.99
4146,10-15-23,2152,10,Female,Books,35.77,7,20,50.08,250.39,200.31,PayPal,9,5,False,North,703.08
4147,03-01-23,1574,10,Male,Books,22.65,8,15,27.18,181.2,154.02,Mobile Wallet,7,5,False,South,1215.08
4148,04-28-24,4180,54,Female,Beauty,29.58,4,0,0.0,118.32,118.32,Mobile Wallet,25,3,False,South,722.94
4149,06-26-24,2910,35,Other,Sports,5.96,7,10,4.17,41.72,37.55,Credit Card,23,4,False,South,548.83
4150,01-02-24,2012,48,Female,Books,89.94,3,15,40.47,269.82,229.35,PayPal,16,4,False,West,615.1
4151,08-21-24,4604,36,Male,Home & Garden,110.01,9,20,198.02,990.09,792.07,Debit Card,24,2,True,South,1037.43
4152,08-27-23,1669,34,Female,Electronics,72.68,8,10,58.14,581.44,523.3,Credit Card,4,3,False,North,1054.37
4153,06-13-23,1268,15,Other,Clothing,43.8,9,10,39.42,394.2,354.78,Mobile Wallet,14,4,False,North,728.76
4154,04-13-23,4233,34,Other,Home & Garden,42.1,2,20,16.84,84.2,67.36,Credit Card,5,5,True,West,112.28
4155,09-11-23,2283,55,Male,Clothing,31.77,4,10,12.71,127.08,114.37,Debit Card,16,3,False,North,325.96
4156,11-03-24,1923,35,Female,Home & Garden,13.16,1,15,1.97,13.16,11.19,Mobile Wallet,28,3,False,West,39.33
4157,09-04-23,2125,45,Male,Home & Garden,24.21,8,5,9.68,193.68,184.0,Mobile Wallet,22,5,False,East,208.0
4158,09-30-23,2529,44,Male,Home & Garden,229.79,4,15,137.87,919.16,781.29,PayPal,20,4,False,South,1342.06
4159,06-30-24,2758,19,Other,Electronics,7.88,4,15,4.73,31.52,26.79,Mobile Wallet,14,2,True,South,122.15
4160,02-27-23,2594,47,Female,Clothing,39.12,7,5,13.69,273.84,260.15,Mobile Wallet,13,5,False,North,581.35
4161,08-13-23,1246,30,Male,Sports,100.69,6,20,120.83,604.14,483.31,Mobile Wallet,24,2,False,South,483.31
4162,08-12-24,4711,31,Other,Sports,30.17,3,20,18.1,90.51,72.41,PayPal,29,2,False,North,72.41
4163,02-02-24,4866,66,Male,Beauty,46.52,8,5,18.61,372.16,353.55,PayPal,14,4,False,South,1006.91
4164,12-30-23,4908,43,Female,Books,87.95,2,15,26.38,175.9,149.52,Mobile Wallet,5,1,False,West,540.86
4165,06-27-23,2560,25,Male,Electronics,39.66,1,0,0.0,39.66,39.66,Debit Card,19,1,False,South,1202.68
4166,06-30-23,3178,35,Female,Beauty,65.74,2,10,13.15,131.48,118.33,Debit Card,17,4,False,West,228.01
4167,08-31-23,3400,35,Other,Beauty,21.33,9,10,19.2,191.97,172.77,Credit Card,1,5,True,South,413.3
4168,08-29-24,3243,60,Other,Electronics,66.03,5,10,33.02,330.15,297.13,Mobile Wallet,29,4,True,West,503.51
4169,11-22-23,4864,35,Male,Electronics,2.09,5,0,0.0,10.45,10.45,Mobile Wallet,29,4,False,West,1162.68
4170,12-15-24,2939,68,Other,Home & Garden,8.3,6,15,7.47,49.8,42.33,PayPal,24,5,False,East,852.01
4171,01-03-24,1929,15,Male,Electronics,50.71,3,20,30.43,152.13,121.7,PayPal,19,2,False,North,1234.22
4172,08-28-24,4737,34,Male,Sports,29.8,1,5,1.49,29.8,28.31,Debit Card,11,4,False,South,3462.92
4173,01-29-23,4453,23,Female,Electronics,88.11,8,10,70.49,704.88,634.39,Debit Card,10,3,False,South,2068.77
4174,12-21-24,4069,27,Male,Home & Garden,20.93,7,0,0.0,146.51,146.51,Credit Card,4,4,False,North,1122.58
4175,12-18-24,3692,27,Female,Clothing,72.88,8,5,29.15,583.04,553.89,Mobile Wallet,23,4,True,West,619.99
4176,12-27-23,1226,24,Male,Beauty,7.49,9,15,10.11,67.41,57.3,PayPal,17,4,False,East,692.91
4177,08-04-24,3748,60,Female,Electronics,133.07,2,0,0.0,266.14,266.14,Credit Card,22,4,False,North,266.14
4178,07-31-24,4547,56,Other,Beauty,27.1,5,0,0.0,135.5,135.5,Credit Card,17,5,False,South,580.06
4179,05-26-23,4548,41,Male,Clothing,13.13,2,5,1.31,26.26,24.95,Debit Card,16,1,False,North,352.84
4180,07-30-24,1264,27,Female,Books,77.83,8,5,31.13,622.64,591.51,Mobile Wallet,19,5,False,East,1161.86
4181,07-12-23,2395,24,Male,Home & Garden,147.72,4,10,59.09,590.88,531.79,Mobile Wallet,20,2,False,East,531.79
4182,05-19-24,4557,46,Female,Beauty,125.1,4,15,75.06,500.4,425.34,PayPal,27,4,False,West,1390.19
4183,07-09-24,2457,39,Female,Electronics,13.59,8,5,5.44,108.72,103.28,Mobile Wallet,14,3,False,South,172.91
4184,11-13-23,1645,32,Male,Books,55.74,7,10,39.02,390.18,351.16,Credit Card,23,5,False,South,764.72
4185,06-29-23,3258,43,Male,Books,39.58,1,10,3.96,39.58,35.62,Mobile Wallet,16,5,False,West,359.04
4186,05-17-24,4643,48,Other,Clothing,64.57,7,5,22.6,451.99,429.39,Mobile Wallet,2,4,False,West,1317.34
4187,02-08-23,4448,32,Other,Beauty,33.37,3,0,0.0,100.11,100.11,PayPal,8,5,False,North,558.27
4188,04-03-23,2418,23,Other,Beauty,31.72,5,0,0.0,158.6,158.6,Debit Card,6,5,False,North,298.32
4189,02-27-23,2473,15,Male,Sports,107.15,8,0,0.0,857.2,857.2,Credit Card,10,5,False,North,1814.37
4190,08-27-23,3990,38,Other,Sports,102.5,6,10,61.5,615.0,553.5,PayPal,2,5,False,North,1336.09
4191,09-08-24,2387,67,Female,Sports,77.46,8,0,0.0,619.68,619.68,PayPal,19,2,False,West,1508.4
4192,08-13-23,2899,18,Male,Beauty,61.02,5,15,45.76,305.1,259.34,Mobile Wallet,4,5,False,East,308.85
4193,01-21-23,3504,51,Female,Beauty,56.72,9,0,0.0,510.48,510.48,PayPal,6,5,False,East,940.03
4194,06-23-24,3772,24,Female,Sports,2.89,6,0,0.0,17.34,17.34,Debit Card,13,3,False,North,969.67
4195,05-04-24,4799,27,Female,Home & Garden,69.22,9,10,62.3,622.98,560.68,Credit Card,1,5,False,North,673.82
4196,01-01-23,2249,48,Male,Electronics,50.82,4,20,40.66,203.28,162.62,Credit Card,5,3,False,West,1093.59
4197,12-06-23,1981,31,Male,Electronics,18.01,2,15,5.4,36.02,30.62,PayPal,24,4,False,North,225.29
4198,09-20-24,2154,38,Other,Home & Garden,85.77,8,10,68.62,686.16,617.54,Credit Card,28,2,False,South,802.11
4199,07-26-23,1587,38,Other,Clothing,89.32,5,15,66.99,446.6,379.61,Debit Card,7,4,False,East,871.93
4200,05-14-23,1475,24,Other,Electronics,134.55,2,15,40.36,269.1,228.74,PayPal,14,5,False,North,1111.97
4201,12-15-23,2821,48,Other,Beauty,27.1,6,0,0.0,162.6,162.6,PayPal,27,1,False,North,1362.28
4202,07-01-23,1985,34,Female,Books,40.06,3,15,18.03,120.18,102.15,Debit Card,19,4,False,East,162.68
4203,11-28-23,4348,14,Male,Beauty,118.2,1,0,0.0,118.2,118.2,PayPal,11,5,False,East,193.37
4204,03-02-23,3203,21,Other,Electronics,19.05,6,15,17.14,114.3,97.16,Credit Card,18,5,False,South,155.02
4205,01-23-23,4831,-11,Female,Home & Garden,79.64,8,20,127.42,637.12,509.7,Credit Card,18,3,False,South,902.31
4206,06-01-23,2241,35,Male,Clothing,241.21,1,15,36.18,241.21,205.03,Debit Card,26,3,True,West,1319.91
4207,08-23-24,1189,54,Male,Electronics,52.77,3,5,7.92,158.31,150.39,Mobile Wallet,21,3,False,South,2061.71
4208,12-22-24,2440,19,Male,Home & Garden,205.84,6,0,0.0,1235.04,1235.04,Mobile Wallet,24,3,False,South,1548.72
4209,05-26-23,1980,43,Female,Books,36.26,3,20,21.76,108.78,87.02,Mobile Wallet,6,5,False,North,110.46
4210,04-24-23,2698,41,Other,Sports,8.31,7,0,0.0,58.17,58.17,Debit Card,6,5,False,North,574.92
4211,06-22-24,2715,23,Male,Books,9.65,6,20,11.58,57.9,46.32,Mobile Wallet,7,4,False,South,622.45
4212,01-09-24,3593,58,Female,Books,65.72,9,0,0.0,591.48,591.48,Credit Card,17,3,False,West,1278.97
4213,03-16-23,1040,30,Male,Clothing,0.05,6,5,0.02,0.3,0.28,PayPal,19,5,True,West,2325.79
4214,01-18-24,3354,65,Female,Electronics,54.22,7,5,18.98,379.54,360.56,Mobile Wallet,27,3,False,East,378.49
4215,12-22-24,1942,10,Other,Sports,8.2,2,20,3.28,16.4,13.12,Debit Card,5,1,False,South,526.28
4216,11-09-24,1337,30,Other,Home & Garden,207.92,4,10,83.17,831.68,748.51,Credit Card,7,5,False,East,2592.33
4217,02-10-24,2337,32,Male,Sports,8.9,5,0,0.0,44.5,44.5,Mobile Wallet,6,3,True,South,161.44
4218,08-23-24,2098,34,Other,Electronics,40.2,2,10,8.04,80.4,72.36,Mobile Wallet,17,4,False,South,1495.52
4219,04-14-23,4000,45,Other,Clothing,55.35,7,15,58.12,387.45,329.33,Credit Card,25,3,False,North,329.33
4220,12-11-23,3326,85,Female,Electronics,85.6,4,5,17.12,342.4,325.28,Debit Card,29,5,False,South,456.61
4221,11-06-23,4247,41,Female,Home & Garden,30.74,9,0,0.0,276.66,276.66,PayPal,19,4,False,North,707.54
4222,11-27-23,1895,35,Male,Sports,135.75,8,5,54.3,1086.0,1031.7,Credit Card,12,4,False,West,1648.15
4223,05-20-23,4733,18,Female,Books,32.72,9,15,44.17,294.48,250.31,PayPal,7,3,False,West,467.6
4224,06-11-23,3320,6,Other,Electronics,14.52,8,20,23.23,116.16,92.93,Mobile Wallet,12,2,True,South,1853.71
4225,03-23-24,3884,52,Female,Beauty,44.95,5,0,0.0,224.75,224.75,Credit Card,17,4,False,West,1247.1
4226,10-16-24,3667,26,Other,Clothing,53.65,9,0,0.0,482.85,482.85,Mobile Wallet,15,5,False,South,1731.17
4227,05-13-24,2674,74,Male,Clothing,35.4,5,0,0.0,177.0,177.0,Mobile Wallet,16,4,False,East,324.96
4228,10-26-24,3909,48,Other,Sports,66.06,8,20,105.7,528.48,422.78,Mobile Wallet,1,5,False,West,1116.25
4229,11-21-23,4854,40,Female,Books,27.3,4,5,5.46,109.2,103.74,Mobile Wallet,11,1,False,South,1670.59
4230,06-28-23,4930,40,Female,Home & Garden,0.22,5,20,0.22,1.1,0.88,Mobile Wallet,1,3,False,East,123.22
4231,12-25-24,1930,41,Female,Books,15.36,4,5,3.07,61.44,58.37,Debit Card,13,2,False,East,58.37
4232,07-29-24,1288,24,Female,Sports,145.85,2,0,0.0,291.7,291.7,Mobile Wallet,28,4,False,South,661.72
4233,12-11-24,1723,8,Male,Books,72.03,4,20,57.62,288.12,230.5,Credit Card,20,5,False,West,257.82
4234,09-20-24,3940,26,Other,Sports,10.51,5,15,7.88,52.55,44.67,PayPal,17,4,False,West,513.13
4235,01-01-24,3319,34,Female,Books,3.45,6,20,4.14,20.7,16.56,Credit Card,29,5,False,South,443.88
4236,08-17-23,2953,25,Other,Electronics,21.6,4,5,4.32,86.4,82.08,Credit Card,16,5,False,North,494.79
4237,11-12-24,2089,15,Male,Clothing,90.49,4,0,0.0,361.96,361.96,Debit Card,17,4,False,West,1387.25
4238,08-26-24,1482,23,Other,Sports,5.6,6,5,1.68,33.6,31.92,Mobile Wallet,25,4,False,West,629.54
4239,06-29-23,1935,50,Female,Sports,39.19,7,10,27.43,274.33,246.9,PayPal,14,2,False,West,1746.6
4240,01-23-24,3295,46,Other,Clothing,16.08,7,0,0.0,112.56,112.56,PayPal,24,4,False,South,589.3
4241,11-11-23,1155,37,Female,Beauty,64.78,4,15,38.87,259.12,220.25,Mobile Wallet,5,5,True,South,886.29
4242,12-06-24,2070,43,Female,Beauty,0.02,5,15,0.02,0.1,0.08,PayPal,13,5,False,South,494.85
4243,10-29-23,2958,18,Male,Home & Garden,16.23,3,10,4.87,48.69,43.82,Debit Card,18,5,False,East,240.8
4244,05-11-23,3501,23,Male,Sports,56.85,5,5,14.21,284.25,270.04,Mobile Wallet,7,1,False,West,596.47
4245,07-01-23,3248,39,Other,Electronics,39.57,5,15,29.68,197.85,168.17,PayPal,28,2,False,North,1052.36
4246,01-02-23,2683,19,Other,Books,75.45,4,5,15.09,301.8,286.71,Credit Card,17,5,False,West,729.93
4247,12-19-24,1123,36,Female,Electronics,8.58,6,0,0.0,51.48,51.48,PayPal,11,5,False,East,354.84
4248,08-09-24,3048,16,Female,Sports,37.86,5,20,37.86,189.3,151.44,Credit Card,25,5,False,West,672.38
4249,02-05-24,1967,10,Female,Home & Garden,10.89,8,0,0.0,87.12,87.12,Mobile Wallet,17,3,False,South,785.67
4250,08-04-24,4830,46,Female,Sports,50.97,2,5,5.1,101.94,96.84,Credit Card,19,2,True,West,102.91
4251,02-03-23,1854,50,Male,Home & Garden,7.04,6,10,4.22,42.24,38.02,Credit Card,6,5,False,North,655.87
4252,07-06-23,1639,25,Female,Clothing,8.05,2,0,0.0,16.1,16.1,Debit Card,20,2,False,West,472.29
4253,09-08-24,3238,12,Male,Books,19.89,6,15,17.9,119.34,101.44,Debit Card,18,3,True,South,101.44
4254,11-22-23,2602,1,Other,Electronics,25.7,4,0,0.0,102.8,102.8,Mobile Wallet,21,4,False,West,925.26
4255,09-18-24,3563,62,Other,Home & Garden,34.51,1,0,0.0,34.51,34.51,Debit Card,10,3,False,South,279.05
4256,08-15-23,1441,36,Male,Electronics,43.46,6,0,0.0,260.76,260.76,Mobile Wallet,1,3,False,East,548.78
4257,10-16-24,2944,25,Female,Clothing,31.63,3,10,9.49,94.89,85.4,Debit Card,1,2,False,East,1094.65
4258,08-02-24,2838,29,Other,Sports,2.34,7,5,0.82,16.38,15.56,Credit Card,15,5,False,East,379.2
4259,04-17-23,2829,6,Male,Home & Garden,21.04,3,10,6.31,63.12,56.81,Mobile Wallet,27,2,False,West,166.39
4260,05-23-24,3190,44,Other,Books,3.17,4,15,1.9,12.68,10.78,Credit Card,6,5,False,West,484.25
4261,05-25-23,4262,65,Female,Home & Garden,6.28,9,5,2.83,56.52,53.69,PayPal,27,4,False,East,1099.34
4262,12-06-23,1532,23,Male,Beauty,4.87,7,15,5.11,34.09,28.98,Mobile Wallet,25,5,False,East,255.74
4263,03-21-23,3274,70,Other,Sports,8.6,4,5,1.72,34.4,32.68,Mobile Wallet,26,5,False,South,421.52
4264,09-01-23,2336,33,Female,Sports,83.81,2,5,8.38,167.62,159.24,Mobile Wallet,7,4,False,South,395.41
4265,12-22-23,4700,60,Male,Books,49.39,5,0,0.0,246.95,246.95,Debit Card,10,5,False,North,1080.87
4266,11-24-23,1948,39,Male,Books,35.34,8,0,0.0,282.72,282.72,PayPal,4,3,False,South,282.72
4267,06-21-23,4373,39,Male,Clothing,65.89,2,10,13.18,131.78,118.6,Debit Card,14,4,False,West,753.55
4268,10-13-24,4725,62,Male,Electronics,162.5,9,5,73.12,1462.5,1389.38,Debit Card,8,4,False,East,1582.3
4269,04-01-23,3019,46,Other,Home & Garden,27.04,5,15,20.28,135.2,114.92,PayPal,1,5,True,North,236.34
4270,12-26-24,1459,40,Male,Clothing,22.9,6,0,0.0,137.4,137.4,Mobile Wallet,29,5,False,East,821.03
4271,11-17-24,4472,5,Male,Electronics,190.32,7,15,199.84,1332.24,1132.4,Debit Card,21,1,False,East,1601.72
4272,10-16-24,1550,12,Male,Clothing,73.77,9,0,0.0,663.93,663.93,PayPal,2,4,False,East,670.53
4273,12-10-23,1392,41,Male,Beauty,75.05,7,5,26.27,525.35,499.08,Credit Card,27,5,False,West,1718.73
4274,04-02-24,4938,57,Male,Books,45.81,4,15,27.49,183.24,155.75,Mobile Wallet,19,3,False,South,230.35
4275,01-12-23,2787,36,Female,Books,35.36,5,10,17.68,176.8,159.12,Credit Card,10,4,False,South,808.56
4276,09-29-23,1844,26,Other,Sports,39.99,3,10,12.0,119.97,107.97,Mobile Wallet,4,4,False,South,671.02
4277,08-03-23,4278,7,Female,Home & Garden,52.79,1,10,5.28,52.79,47.51,Mobile Wallet,17,3,False,West,918.99
4278,09-13-23,3257,23,Other,Home & Garden,23.65,3,0,0.0,70.95,70.95,PayPal,16,4,False,South,706.3
4279,12-10-24,2138,36,Male,Home & Garden,76.23,1,0,0.0,76.23,76.23,PayPal,5,5,False,East,76.23
4280,03-11-23,4808,22,Other,Clothing,119.97,5,10,59.98,599.85,539.87,Credit Card,10,5,False,West,883.4
4281,12-25-23,1645,20,Male,Clothing,42.35,7,15,44.47,296.45,251.98,Credit Card,22,4,False,North,764.72
4282,09-20-23,4322,34,Male,Home & Garden,24.02,9,0,0.0,216.18,216.18,Debit Card,11,5,False,South,2000.7
4283,04-21-23,3266,56,Female,Sports,59.47,4,10,23.79,237.88,214.09,Debit Card,1,4,False,West,244.3
4284,01-02-23,3454,45,Female,Electronics,10.05,1,0,0.0,10.05,10.05,Mobile Wallet,13,1,False,North,610.92
4285,02-19-23,2466,39,Female,Beauty,173.0,7,20,242.2,1211.0,968.8,Credit Card,20,5,False,East,2005.56
4286,01-31-24,4674,37,Other,Clothing,53.65,3,15,24.14,160.95,136.81,Debit Card,2,5,False,East,1560.65
4287,03-24-24,2377,43,Other,Home & Garden,3.5,1,5,0.18,3.5,3.32,PayPal,1,3,False,North,797.46
4288,03-05-24,3935,33,Female,Books,37.72,4,15,22.63,150.88,128.25,PayPal,14,5,True,East,740.12
4289,06-20-23,3605,28,Female,Clothing,69.38,9,5,31.22,624.42,593.2,Credit Card,21,5,False,West,595.37
4290,02-28-24,3597,46,Male,Electronics,16.28,6,10,9.77,97.68,87.91,PayPal,12,2,False,South,756.58
4291,05-19-24,1141,31,Other,Clothing,2.62,6,0,0.0,15.72,15.72,Debit Card,11,5,False,East,98.94
4292,01-23-24,3659,17,Male,Electronics,33.59,7,10,23.51,235.13,211.62,Debit Card,1,5,False,West,1536.4
4293,12-26-23,1500,56,Other,Electronics,89.68,1,5,4.48,89.68,85.2,Credit Card,14,4,False,South,85.2
4294,07-13-24,1839,6,Female,Clothing,14.49,5,20,14.49,72.45,57.96,Debit Card,8,4,False,West,248.71
4295,01-20-24,3749,57,Other,Electronics,63.12,4,5,12.62,252.48,239.86,Credit Card,18,5,False,East,1093.32
4296,04-14-23,4618,42,Other,Clothing,26.19,4,0,0.0,104.76,104.76,Debit Card,5,5,False,West,556.47
4297,05-05-24,2682,20,Male,Clothing,3.07,7,20,4.3,21.49,17.19,Debit Card,3,1,False,South,1868.4
4298,08-14-24,2565,35,Female,Sports,18.12,2,0,0.0,36.24,36.24,Debit Card,22,4,False,North,258.41
4299,10-28-24,3046,28,Female,Books,18.84,5,20,18.84,94.2,75.36,Credit Card,6,5,False,East,1539.63
4300,12-04-24,4917,47,Female,Beauty,117.52,7,0,0.0,822.64,822.64,Credit Card,24,1,False,East,1107.92
4301,08-19-23,2530,46,Male,Electronics,200.17,3,5,30.03,600.51,570.48,Debit Card,27,5,True,South,670.63
4302,06-16-23,1595,41,Male,Clothing,11.77,2,5,1.18,23.54,22.36,Debit Card,21,5,False,West,987.4
4303,04-07-24,2904,46,Male,Electronics,28.15,1,5,1.41,28.15,26.74,Debit Card,5,5,False,South,70.48
4304,03-17-23,1280,33,Other,Clothing,187.97,5,5,46.99,939.85,892.86,PayPal,21,2,False,North,1061.54
4305,02-04-23,1423,61,Other,Beauty,26.15,5,20,26.15,130.75,104.6,Mobile Wallet,25,5,False,South,223.52
4306,10-29-23,3903,53,Male,Clothing,21.48,4,15,12.89,85.92,73.03,Mobile Wallet,2,5,False,North,466.4
4307,01-21-23,1269,27,Male,Clothing,5.82,8,15,6.98,46.56,39.58,PayPal,3,1,False,East,232.59
4308,11-23-23,1153,47,Female,Books,69.98,2,10,14.0,139.96,125.96,Mobile Wallet,4,4,False,South,566.71
4309,09-25-23,3661,45,Other,Electronics,29.62,4,15,17.77,118.48,100.71,Mobile Wallet,29,2,False,South,608.11
4310,04-18-23,2750,31,Other,Books,50.9,5,10,25.45,254.5,229.05,Mobile Wallet,23,2,False,East,775.94
4311,03-17-23,1661,29,Female,Books,35.65,9,5,16.04,320.85,304.81,Debit Card,26,3,False,North,2323.02
4312,12-17-23,2967,53,Female,Books,9.59,3,0,0.0,28.77,28.77,PayPal,28,4,True,North,59.38
4313,06-24-23,1082,34,Female,Books,9.7,1,15,1.46,9.7,8.24,Debit Card,1,5,False,West,696.84
4314,01-20-24,4693,38,Male,Sports,140.47,4,15,84.28,561.88,477.6,Mobile Wallet,16,1,False,South,634.32
4315,06-14-23,3994,56,Male,Electronics,110.15,6,5,33.04,660.9,627.86,PayPal,19,5,False,West,1762.42
4316,03-18-23,3946,73,Male,Electronics,47.16,7,5,16.51,330.12,313.61,PayPal,26,5,False,East,1973.54
4317,07-14-24,2449,27,Male,Clothing,0.06,4,15,0.04,0.24,0.2,Debit Card,23,5,False,South,1658.44
4318,04-06-23,2298,31,Male,Electronics,28.4,4,5,5.68,113.6,107.92,Credit Card,8,5,False,North,107.92
4319,12-13-23,4784,36,Other,Beauty,37.8,6,15,34.02,226.8,192.78,PayPal,2,5,False,North,192.78
4320,08-31-24,3331,36,Other,Books,29.84,1,0,0.0,29.84,29.84,Credit Card,27,5,True,North,378.52
4321,09-20-24,1979,40,Other,Home & Garden,129.81,5,0,0.0,649.05,649.05,Mobile Wallet,3,5,False,East,963.04
4322,05-09-24,3220,27,Female,Electronics,2.09,3,10,0.63,6.27,5.64,PayPal,14,1,False,East,202.1
4323,12-22-24,4398,16,Other,Home & Garden,53.2,8,15,63.84,425.6,361.76,Credit Card,7,4,False,West,898.38
4324,02-01-23,4789,61,Female,Beauty,18.83,5,0,0.0,94.15,94.15,Credit Card,13,4,False,East,378.58
4325,03-17-24,4134,44,Other,Sports,40.99,7,0,0.0,286.93,286.93,Debit Card,7,4,False,East,1121.01
4326,10-31-24,4144,28,Male,Clothing,53.34,8,20,85.34,426.72,341.38,Credit Card,16,4,True,West,993.31
4327,06-18-23,3810,41,Other,Clothing,29.06,8,0,0.0,232.48,232.48,Mobile Wallet,3,5,False,South,655.15
4328,09-13-24,2659,62,Male,Clothing,8.03,2,10,1.61,16.06,14.45,Mobile Wallet,26,5,False,West,19.78
4329,03-20-24,2398,23,Male,Sports,36.6,2,0,0.0,73.2,73.2,PayPal,5,2,False,North,153.37
4330,06-10-23,1632,38,Other,Books,135.12,5,5,33.78,675.6,641.82,Debit Card,23,4,False,North,1320.74
4331,02-24-23,2531,14,Other,Home & Garden,38.38,3,20,23.03,115.14,92.11,Debit Card,3,5,False,South,337.34
4332,04-14-23,1786,33,Male,Electronics,6.56,1,15,0.98,6.56,5.58,Debit Card,24,4,False,South,200.67
4333,12-06-23,3990,44,Female,Books,86.91,8,10,69.53,695.28,625.75,Mobile Wallet,28,5,False,South,1336.09
4334,07-30-23,4059,18,Female,Clothing,12.54,6,0,0.0,75.24,75.24,Credit Card,15,4,False,South,325.09
4335,07-14-23,1397,32,Other,Clothing,23.12,3,15,10.4,69.36,58.96,Mobile Wallet,20,4,True,South,1143.39
4336,02-24-24,2143,46,Male,Books,28.0,8,0,0.0,224.0,224.0,Mobile Wallet,11,4,False,East,224.0
4337,12-14-24,1933,43,Female,Home & Garden,20.75,1,20,4.15,20.75,16.6,Credit Card,23,1,True,South,1132.51
4338,07-21-24,2460,17,Other,Books,25.91,3,15,11.66,77.73,66.07,Mobile Wallet,18,5,False,East,838.56
4339,07-07-24,2852,40,Other,Sports,79.35,9,5,35.71,714.15,678.44,PayPal,5,4,False,West,717.51
4340,09-29-23,3723,43,Male,Clothing,12.64,6,5,3.79,75.84,72.05,PayPal,22,4,False,West,181.15
4341,11-07-24,3983,36,Female,Home & Garden,31.78,1,15,4.77,31.78,27.01,PayPal,13,5,False,South,601.29
4342,10-16-23,3512,51,Other,Electronics,1.01,9,5,0.45,9.09,8.64,PayPal,29,4,True,South,565.39
4343,11-01-23,1285,26,Female,Clothing,35.43,7,10,24.8,248.01,223.21,PayPal,1,4,False,West,2586.13
4344,09-01-23,1264,41,Other,Books,5.92,1,20,1.18,5.92,4.74,Debit Card,27,5,False,East,1161.86
4345,04-09-23,3367,17,Other,Home & Garden,16.58,1,10,1.66,16.58,14.92,Mobile Wallet,14,5,False,South,309.54
4346,02-20-23,3720,10,Female,Clothing,19.64,5,15,14.73,98.2,83.47,Credit Card,9,5,False,South,120.87
4347,02-07-24,4447,46,Female,Electronics,4.3,4,10,1.72,17.2,15.48,Debit Card,9,5,False,South,986.25
4348,08-08-24,3867,35,Male,Electronics,22.36,8,20,35.78,178.88,143.1,Credit Card,4,5,False,West,171.37
4349,07-16-24,3136,28,Male,Beauty,34.46,2,20,13.78,68.92,55.14,Mobile Wallet,21,4,False,South,619.06
4350,05-17-24,2677,19,Male,Books,28.2,6,15,25.38,169.2,143.82,Debit Card,25,2,False,West,627.89
4351,06-07-23,2226,47,Male,Sports,16.45,8,10,13.16,131.6,118.44,Credit Card,26,2,False,South,118.44
4352,02-25-23,1820,12,Female,Books,17.47,1,20,3.49,17.47,13.98,PayPal,27,5,False,West,440.8
4353,01-05-24,2762,49,Male,Home & Garden,50.2,3,15,22.59,150.6,128.01,Debit Card,2,2,False,East,157.77
4354,01-04-23,4048,41,Female,Books,63.36,1,20,12.67,63.36,50.69,PayPal,16,5,False,South,474.45
4355,03-13-24,3381,13,Other,Home & Garden,42.96,7,0,0.0,300.72,300.72,Debit Card,5,5,False,East,1316.16
4356,03-31-23,3269,36,Female,Beauty,186.88,1,0,0.0,186.88,186.88,Mobile Wallet,20,3,False,West,204.84
4357,10-29-23,1040,74,Male,Beauty,144.91,9,20,260.84,1304.19,1043.35,Debit Card,18,3,False,West,2325.79
4358,11-08-24,2731,52,Female,Beauty,5.18,8,15,6.22,41.44,35.22,Mobile Wallet,2,5,False,South,153.0
4359,10-02-24,1067,22,Female,Sports,15.15,3,0,0.0,45.45,45.45,Debit Card,14,5,False,East,1789.05
4360,09-06-24,1987,45,Female,Beauty,101.4,4,20,81.12,405.6,324.48,Mobile Wallet,15,5,False,West,1477.23
4361,05-06-24,2799,13,Female,Books,1.51,9,5,0.68,13.59,12.91,PayPal,25,5,False,East,1568.57
4362,07-24-23,3561,14,Female,Electronics,44.85,6,10,26.91,269.1,242.19,Mobile Wallet,10,3,False,West,364.06
4363,04-10-23,4944,33,Male,Home & Garden,154.5,5,20,154.5,772.5,618.0,PayPal,28,5,False,East,618.0
4364,01-27-23,4708,43,Female,Home & Garden,56.77,5,0,0.0,283.85,283.85,Debit Card,16,5,False,West,841.46
4365,07-31-23,4693,47,Male,Electronics,4.82,1,20,0.96,4.82,3.86,Debit Card,8,5,False,West,634.32
4366,06-24-23,2621,47,Other,Books,68.88,1,15,10.33,68.88,58.55,Debit Card,26,3,True,East,104.89
4367,10-15-24,2655,42,Female,Sports,23.62,3,0,0.0,70.86,70.86,Debit Card,26,5,False,North,355.15
4368,10-26-23,4198,10,Other,Clothing,127.25,2,15,38.17,254.5,216.33,PayPal,24,5,False,North,1525.73
4369,03-25-23,2278,34,Male,Books,16.87,1,15,2.53,16.87,14.34,Credit Card,24,3,True,South,47.83
4370,04-29-24,1694,49,Female,Beauty,32.05,5,15,24.04,160.25,136.21,Credit Card,21,5,False,South,565.33
4371,04-29-23,4087,41,Other,Books,68.64,3,20,41.18,205.92,164.74,Mobile Wallet,14,3,False,North,1386.99
4372,11-12-23,3524,37,Male,Home & Garden,14.89,7,0,0.0,104.23,104.23,Debit Card,20,4,False,West,1654.76
4373,02-12-24,2085,39,Other,Home & Garden,10.03,8,15,12.04,80.24,68.2,Debit Card,10,4,False,West,464.65
4374,04-27-24,3928,39,Female,Sports,0.14,6,5,0.04,0.84,0.8,Credit Card,13,5,False,North,1232.22
4375,05-15-24,3479,5,Female,Beauty,33.47,5,10,16.74,167.35,150.61,Credit Card,19,1,False,East,301.72
4376,11-07-24,2693,52,Female,Sports,131.99,5,20,131.99,659.95,527.96,Debit Card,2,5,False,East,1129.73
4377,09-29-23,3315,33,Male,Sports,16.53,1,5,0.83,16.53,15.7,Debit Card,26,5,False,West,535.54
4378,04-04-23,2058,45,Other,Electronics,2.22,6,0,0.0,13.32,13.32,Credit Card,5,4,False,East,393.55
4379,10-19-24,1778,0,Male,Clothing,48.44,6,10,29.06,290.64,261.58,PayPal,14,4,False,East,2028.64
4380,07-11-24,4647,59,Other,Clothing,2.89,3,15,1.3,8.67,7.37,Debit Card,24,4,False,South,87.52
4381,02-01-24,1493,17,Male,Beauty,35.35,4,5,7.07,141.4,134.33,Credit Card,21,5,False,East,484.87
4382,07-09-23,2585,73,Female,Sports,24.03,4,5,4.81,96.12,91.31,PayPal,23,1,False,South,348.13
4383,01-15-24,2492,66,Other,Home & Garden,32.26,6,15,29.03,193.56,164.53,Credit Card,21,4,False,North,598.72
4384,01-26-24,2790,15,Other,Clothing,8.88,8,15,10.66,71.04,60.38,Debit Card,26,2,False,North,61.69
4385,01-14-24,1660,47,Other,Books,4.73,9,5,2.13,42.57,40.44,Mobile Wallet,25,2,False,West,298.84
4386,07-11-23,2348,19,Male,Electronics,69.11,9,0,0.0,621.99,621.99,Credit Card,24,5,False,East,1005.8
4387,04-01-24,2327,25,Female,Home & Garden,14.1,5,20,14.1,70.5,56.4,Mobile Wallet,8,3,False,West,1019.16
4388,02-15-23,2299,25,Other,Electronics,80.58,8,0,0.0,644.64,644.64,Mobile Wallet,1,1,False,East,1146.89
4389,09-27-23,4940,41,Male,Books,71.03,8,0,0.0,568.24,568.24,Debit Card,5,3,False,West,892.78
4390,03-26-24,2986,39,Other,Clothing,11.06,4,20,8.85,44.24,35.39,PayPal,25,3,False,West,1096.52
4391,04-21-24,4755,16,Female,Electronics,119.46,4,0,0.0,477.84,477.84,Mobile Wallet,11,5,False,South,689.48
4392,09-27-23,4060,41,Other,Beauty,8.79,3,10,2.64,26.37,23.73,PayPal,8,5,False,South,1818.72
4393,08-20-23,3044,31,Female,Electronics,79.76,5,15,59.82,398.8,338.98,Debit Card,17,5,False,East,2765.88
4394,10-03-23,4272,7,Male,Electronics,27.28,8,5,10.91,218.24,207.33,Debit Card,25,4,False,North,1077.37
4395,07-31-24,4516,28,Male,Books,10.11,8,20,16.18,80.88,64.7,Debit Card,10,2,True,West,922.7
4396,03-05-23,2928,59,Female,Home & Garden,139.12,9,0,0.0,1252.08,1252.08,PayPal,14,5,False,West,1964.99
4397,06-04-23,2347,28,Female,Home & Garden,165.19,1,5,8.26,165.19,156.93,Credit Card,1,2,False,East,599.49
4398,12-14-24,2058,7,Male,Books,35.81,4,10,14.32,143.24,128.92,Mobile Wallet,5,4,False,North,393.55
4399,11-14-24,1976,47,Female,Electronics,31.67,6,0,0.0,190.02,190.02,Debit Card,15,3,False,North,527.93
4400,04-10-23,1481,21,Female,Electronics,115.55,5,0,0.0,577.75,577.75,Mobile Wallet,10,3,False,West,672.79
4401,03-29-23,1727,38,Other,Sports,45.33,4,0,0.0,181.32,181.32,PayPal,15,5,False,East,654.63
4402,11-15-24,3527,32,Male,Beauty,15.46,3,10,4.64,46.38,41.74,PayPal,1,3,False,East,583.32
4403,12-19-23,4136,61,Male,Clothing,27.69,2,15,8.31,55.38,47.07,Mobile Wallet,24,4,False,West,2030.91
4404,07-08-24,2031,32,Female,Clothing,90.39,9,5,40.68,813.51,772.83,Credit Card,11,5,False,North,1298.97
4405,02-28-24,4372,17,Female,Home & Garden,98.15,3,0,0.0,294.45,294.45,Debit Card,18,5,True,South,475.41
4406,08-26-24,1342,27,Female,Books,140.05,4,0,0.0,560.2,560.2,Credit Card,6,4,False,South,612.09
4407,08-21-23,4502,16,Male,Electronics,17.0,1,10,1.7,17.0,15.3,Mobile Wallet,2,4,False,South,551.02
4408,07-20-24,2447,31,Other,Beauty,56.96,1,10,5.7,56.96,51.26,Debit Card,2,4,False,West,1218.03
4409,03-04-23,3379,61,Male,Clothing,3.54,9,5,1.59,31.86,30.27,Debit Card,17,4,False,North,30.27
4410,02-01-24,3485,53,Other,Books,64.71,4,5,12.94,258.84,245.9,Mobile Wallet,22,4,False,North,384.35
4411,06-19-24,4659,65,Female,Books,41.41,4,0,0.0,165.64,165.64,Debit Card,5,3,False,South,252.18
4412,03-04-24,3221,42,Male,Electronics,14.37,6,0,0.0,86.22,86.22,Credit Card,20,4,False,East,86.22
4413,07-02-24,3606,37,Other,Beauty,53.16,2,0,0.0,106.32,106.32,PayPal,14,5,False,East,511.62
4414,12-04-24,1526,20,Male,Books,7.26,6,0,0.0,43.56,43.56,PayPal,12,3,False,West,179.07
4415,05-01-24,2896,39,Other,Clothing,20.31,7,0,0.0,142.17,142.17,Mobile Wallet,4,5,False,East,142.17
4416,08-09-24,1658,33,Other,Sports,25.62,1,10,2.56,25.62,23.06,PayPal,9,3,False,North,1094.44
4417,08-30-23,3073,46,Male,Clothing,75.06,8,15,90.07,600.48,510.41,PayPal,27,5,False,North,513.03
4418,05-02-24,1819,18,Female,Beauty,18.47,6,5,5.54,110.82,105.28,Mobile Wallet,18,5,True,West,582.63
4419,11-03-23,3652,35,Male,Sports,2.51,9,10,2.26,22.59,20.33,Mobile Wallet,10,5,False,East,454.97
4420,03-22-23,1405,11,Female,Books,9.97,4,20,7.98,39.88,31.9,Debit Card,7,4,False,North,1360.92
4421,02-09-24,3279,40,Other,Clothing,46.84,2,20,18.74,93.68,74.94,Mobile Wallet,5,2,False,West,473.33
4422,02-05-23,3580,45,Other,Electronics,0.77,9,20,1.39,6.93,5.54,Credit Card,15,5,False,East,151.82
4423,05-29-24,4890,10,Male,Beauty,78.57,8,5,31.43,628.56,597.13,Mobile Wallet,26,2,False,South,865.37
4424,08-07-24,2573,14,Male,Books,115.69,2,0,0.0,231.38,231.38,Debit Card,13,5,False,West,2797.95
4425,06-13-24,2811,15,Female,Electronics,34.2,8,20,54.72,273.6,218.88,Debit Card,14,5,False,South,849.53
4426,08-08-24,1504,32,Female,Sports,61.49,8,20,98.38,491.92,393.54,Mobile Wallet,25,5,False,West,1273.78
4427,11-24-24,4740,14,Male,Home & Garden,31.06,5,15,23.3,155.3,132.0,Credit Card,4,5,False,East,275.32
4428,09-27-24,1178,55,Female,Home & Garden,18.46,7,10,12.92,129.22,116.3,Debit Card,6,5,False,West,824.14
4429,05-31-23,1131,41,Female,Sports,9.01,7,5,3.15,63.07,59.92,Credit Card,15,4,False,North,147.98
4430,05-04-23,2846,43,Male,Home & Garden,36.51,4,5,7.3,146.04,138.74,Debit Card,13,4,False,South,138.74
4431,04-04-24,2478,11,Male,Beauty,132.88,6,15,119.59,797.28,677.69,PayPal,13,4,False,East,1946.55
4432,06-27-23,3395,54,Other,Books,110.35,6,20,132.42,662.1,529.68,Debit Card,18,4,False,South,1193.66
4433,06-21-23,3587,44,Other,Books,126.05,6,15,113.44,756.3,642.86,Debit Card,17,4,False,West,1282.41
4434,08-05-23,1771,24,Male,Beauty,169.68,9,0,0.0,1527.12,1527.12,Debit Card,28,5,True,West,1992.93
4435,07-17-23,2429,11,Other,Clothing,9.04,2,20,3.62,18.08,14.46,Debit Card,1,4,False,West,14.46
4436,05-10-23,3123,33,Female,Books,7.92,8,5,3.17,63.36,60.19,Debit Card,4,5,False,West,261.42
4437,02-13-23,1578,28,Male,Home & Garden,27.91,8,10,22.33,223.28,200.95,Mobile Wallet,11,3,True,West,244.31
4438,03-09-24,3901,28,Other,Beauty,58.45,1,15,8.77,58.45,49.68,Mobile Wallet,25,5,False,West,278.92
4439,03-22-23,2515,24,Male,Electronics,28.96,2,15,8.69,57.92,49.23,Credit Card,19,3,False,North,793.49
4440,11-30-24,1193,45,Other,Clothing,111.45,4,5,22.29,445.8,423.51,PayPal,28,3,False,South,781.55
4441,03-21-24,3007,-4,Male,Electronics,63.19,5,20,63.19,315.95,252.76,Mobile Wallet,13,5,False,West,1386.56
4442,07-26-23,2185,56,Female,Home & Garden,50.25,5,20,50.25,251.25,201.0,PayPal,16,5,False,South,201.0
4443,10-04-24,3394,49,Other,Electronics,3.68,6,20,4.42,22.08,17.66,Credit Card,19,4,False,East,208.46
4444,06-01-23,3998,38,Male,Home & Garden,9.64,7,10,6.75,67.48,60.73,Credit Card,15,4,False,South,451.63
4445,09-01-24,2384,32,Female,Books,27.94,1,10,2.79,27.94,25.15,Debit Card,28,4,True,South,837.01
4446,09-22-23,2792,51,Other,Clothing,187.27,7,20,262.18,1310.89,1048.71,Mobile Wallet,12,3,False,North,1210.44
4447,11-24-23,4655,34,Other,Sports,20.35,6,10,12.21,122.1,109.89,Debit Card,23,5,False,North,1309.4
4448,03-10-23,2110,30,Male,Home & Garden,49.71,5,15,37.28,248.55,211.27,Debit Card,8,5,False,South,211.27
4449,03-31-23,4333,52,Female,Beauty,225.07,6,20,270.08,1350.42,1080.34,Credit Card,27,4,False,South,1080.34
4450,02-02-24,3261,66,Male,Beauty,15.33,8,10,12.26,122.64,110.38,Debit Card,22,4,False,East,834.66
4451,07-23-24,4736,20,Other,Books,9.12,6,15,8.21,54.72,46.51,Credit Card,1,3,False,South,1472.87
4452,02-11-24,4793,41,Male,Beauty,39.52,5,15,29.64,197.6,167.96,Mobile Wallet,22,5,True,East,658.01
4453,07-19-24,2936,18,Male,Electronics,40.14,6,10,24.08,240.84,216.76,Mobile Wallet,8,5,False,North,797.38
4454,11-30-23,3620,42,Female,Books,127.48,9,20,229.46,1147.32,917.86,Debit Card,5,5,False,North,1119.55
4455,10-10-23,1779,23,Female,Beauty,1.34,1,20,0.27,1.34,1.07,Credit Card,24,4,False,South,246.16
4456,06-16-24,1261,53,Other,Electronics,26.16,3,10,7.85,78.48,70.63,Mobile Wallet,28,1,False,East,321.65
4457,04-14-24,1729,33,Female,Electronics,18.72,3,10,5.62,56.16,50.54,PayPal,1,5,True,East,695.05
4458,01-13-23,1282,35,Male,Electronics,42.32,9,0,0.0,380.88,380.88,Mobile Wallet,12,4,False,South,504.36
4459,12-18-24,4719,59,Other,Beauty,0.47,3,15,0.21,1.41,1.2,Credit Card,4,3,True,East,1458.13
4460,09-30-24,2490,24,Female,Electronics,62.08,6,20,74.5,372.48,297.98,Debit Card,15,4,False,South,633.69
4461,08-24-24,4451,45,Male,Clothing,33.18,9,5,14.93,298.62,283.69,Credit Card,28,4,False,North,466.38
4462,06-19-24,1361,25,Male,Beauty,60.31,5,15,45.23,301.55,256.32,Debit Card,9,5,False,West,282.84
4463,03-05-24,4520,52,Other,Electronics,29.69,9,20,53.44,267.21,213.77,Mobile Wallet,10,3,False,West,1240.2
4464,04-26-23,1440,61,Other,Clothing,32.14,9,0,0.0,289.26,289.26,Debit Card,21,5,False,South,381.94
4465,02-29-24,3140,31,Female,Sports,112.95,6,15,101.66,677.7,576.04,Debit Card,13,2,True,West,1588.24
4466,06-03-23,2644,2,Female,Clothing,11.84,8,15,14.21,94.72,80.51,Debit Card,10,3,False,North,254.64
4467,06-01-23,3800,24,Female,Beauty,12.26,9,20,22.07,110.34,88.27,Debit Card,28,5,False,North,1058.99
4468,08-03-24,1866,71,Female,Beauty,40.99,9,5,18.45,368.91,350.46,PayPal,10,5,False,North,350.46
4469,08-25-24,2447,26,Other,Electronics,53.97,8,10,43.18,431.76,388.58,PayPal,14,4,False,East,1218.03
4470,08-19-24,1141,61,Male,Beauty,21.9,4,5,4.38,87.6,83.22,Debit Card,19,5,False,East,98.94
4471,04-13-23,2314,25,Male,Sports,36.65,8,0,0.0,293.2,293.2,Credit Card,19,5,False,South,838.22
4472,04-19-23,2455,25,Female,Books,12.93,2,15,3.88,25.86,21.98,Credit Card,25,5,False,East,32.39
4473,07-30-24,3796,46,Other,Clothing,7.3,3,20,4.38,21.9,17.52,Mobile Wallet,1,4,False,West,650.33
4474,04-14-23,2875,44,Female,Books,13.61,9,15,18.37,122.49,104.12,PayPal,27,4,False,West,652.6
4475,10-20-23,2847,47,Female,Sports,124.07,4,10,49.63,496.28,446.65,Mobile Wallet,22,5,False,East,1397.43
4476,07-02-24,2712,35,Other,Clothing,80.93,2,5,8.09,161.86,153.77,Mobile Wallet,22,5,False,East,1266.49
4477,12-19-23,3700,50,Male,Electronics,7.56,3,5,1.13,22.68,21.55,PayPal,26,4,False,North,271.04
4478,02-25-24,1700,49,Male,Clothing,2.38,7,0,0.0,16.66,16.66,Debit Card,24,3,True,North,323.18
4479,09-28-23,1997,52,Female,Electronics,4.89,9,20,8.8,44.01,35.21,Credit Card,8,5,False,North,348.95
4480,01-28-24,3096,25,Other,Home & Garden,17.37,7,10,12.16,121.59,109.43,Mobile Wallet,17,4,False,North,288.39
4481,11-01-24,2325,50,Male,Clothing,83.4,8,10,66.72,667.2,600.48,Credit Card,23,2,False,North,769.32
4482,05-12-24,1880,27,Male,Clothing,19.38,3,20,11.63,58.14,46.51,Debit Card,10,5,False,West,2160.99
4483,08-08-24,2213,32,Other,Books,10.27,7,0,0.0,71.89,71.89,Mobile Wallet,1,5,False,East,164.41
4484,09-15-24,2159,32,Other,Books,25.2,1,10,2.52,25.2,22.68,Credit Card,8,4,False,South,894.88
4485,04-29-24,1554,20,Male,Sports,6.62,6,0,0.0,39.72,39.72,PayPal,5,5,False,East,39.72
4486,02-08-23,1403,8,Female,Electronics,31.76,3,20,19.06,95.28,76.22,Mobile Wallet,2,2,False,West,200.01
4487,06-26-23,1891,53,Female,Beauty,56.28,2,20,22.51,112.56,90.05,Debit Card,19,4,False,South,845.44
4488,10-10-23,3912,24,Male,Books,23.01,4,20,18.41,92.04,73.63,Mobile Wallet,27,5,False,West,914.65
4489,02-17-24,1601,30,Female,Sports,9.53,9,10,8.58,85.77,77.19,Mobile Wallet,25,3,False,North,115.08
4490,05-28-23,2830,24,Female,Electronics,30.18,6,20,36.22,181.08,144.86,Credit Card,2,3,False,South,1467.69
4491,09-25-24,1340,31,Other,Electronics,71.88,9,10,64.69,646.92,582.23,Credit Card,20,4,False,West,1374.18
4492,09-15-24,4828,27,Other,Electronics,3.98,8,0,0.0,31.84,31.84,PayPal,23,3,False,East,50.17
4493,11-28-24,2968,54,Other,Home & Garden,3.68,5,15,2.76,18.4,15.64,Debit Card,24,3,False,West,834.62
4494,12-11-24,1703,26,Female,Electronics,19.14,8,0,0.0,153.12,153.12,PayPal,11,5,True,West,1808.67
4495,02-16-24,1317,60,Other,Sports,26.81,2,10,5.36,53.62,48.26,Credit Card,3,4,False,East,675.37
4496,02-09-23,3665,52,Other,Electronics,12.2,8,5,4.88,97.6,92.72,Debit Card,26,2,False,East,320.55
4497,02-10-24,2386,27,Male,Beauty,1.36,1,5,0.07,1.36,1.29,PayPal,26,5,False,North,251.89
4498,12-06-23,4893,39,Other,Beauty,12.39,3,15,5.58,37.17,31.59,Mobile Wallet,9,4,False,East,959.66
4499,12-08-24,3429,42,Male,Electronics,28.58,7,20,40.01,200.06,160.05,PayPal,8,5,False,East,255.32
4500,09-01-23,3280,47,Female,Sports,4.14,4,0,0.0,16.56,16.56,Debit Card,6,4,False,North,28.87
4501,02-20-23,2800,49,Other,Clothing,62.92,7,0,0.0,440.44,440.44,Mobile Wallet,14,5,False,West,440.44
4502,05-01-24,2367,37,Male,Electronics,40.16,1,10,4.02,40.16,36.14,Credit Card,28,3,False,West,1332.5
4503,10-03-23,2572,20,Male,Sports,28.5,7,15,29.92,199.5,169.58,Mobile Wallet,8,5,True,East,1681.08
4504,01-17-24,1816,44,Male,Books,36.56,3,20,21.94,109.68,87.74,Debit Card,15,5,False,North,974.0
4505,01-21-23,1552,31,Female,Sports,53.33,2,15,16.0,106.66,90.66,Mobile Wallet,27,3,False,West,402.96
4506,12-12-23,4600,-6,Other,Home & Garden,262.94,9,5,118.32,2366.46,2248.14,PayPal,26,5,False,West,2336.09
4507,11-07-23,1855,40,Female,Books,74.61,2,15,22.38,149.22,126.84,PayPal,24,5,False,West,237.14
4508,11-15-23,2812,23,Male,Beauty,38.87,3,20,23.32,116.61,93.29,Mobile Wallet,3,5,False,West,216.99
4509,10-15-23,3866,28,Female,Beauty,73.6,3,20,44.16,220.8,176.64,Debit Card,23,5,False,East,703.71
4510,05-18-24,4642,35,Female,Clothing,32.24,4,0,0.0,128.96,128.96,Debit Card,8,4,False,West,1249.45
4511,12-13-24,1182,11,Male,Clothing,18.62,7,0,0.0,130.34,130.34,Debit Card,28,4,False,North,331.39
4512,12-02-24,4112,37,Other,Sports,15.19,7,20,21.27,106.33,85.06,Debit Card,22,5,False,North,142.48
4513,04-11-23,2574,30,Other,Sports,25.5,9,0,0.0,229.5,229.5,PayPal,16,1,True,East,1699.56
4514,08-22-23,1396,21,Female,Electronics,0.11,8,0,0.0,0.88,0.88,Debit Card,6,5,False,South,178.54
4515,05-18-23,2727,35,Other,Electronics,9.74,6,0,0.0,58.44,58.44,Debit Card,7,3,False,West,724.98
4516,11-04-23,3826,9,Male,Beauty,6.76,6,20,8.11,40.56,32.45,Mobile Wallet,29,5,False,East,196.15
4517,03-29-24,2517,36,Other,Home & Garden,161.37,5,0,0.0,806.85,806.85,Mobile Wallet,13,5,False,South,1171.18
4518,11-25-23,4730,42,Female,Electronics,3.35,2,5,0.34,6.7,6.36,PayPal,20,5,False,East,1750.17
4519,10-03-23,1906,39,Male,Beauty,34.75,6,20,41.7,208.5,166.8,PayPal,26,5,False,East,1057.63
4520,03-02-24,2356,46,Male,Sports,126.11,6,15,113.5,756.66,643.16,PayPal,29,4,False,South,1245.76
4521,09-11-24,3174,52,Male,Sports,46.76,5,10,23.38,233.8,210.42,Debit Card,26,4,False,North,210.42
4522,10-23-24,4629,33,Female,Electronics,34.19,6,10,20.51,205.14,184.63,Mobile Wallet,9,4,False,South,1010.19
4523,04-02-23,4628,51,Female,Home & Garden,67.93,5,5,16.98,339.65,322.67,Mobile Wallet,19,5,False,West,528.23
4524,07-12-23,1000,33,Other,Beauty,21.8,4,20,17.44,87.2,69.76,Debit Card,7,5,False,South,69.76
4525,03-28-24,4239,24,Female,Sports,10.77,3,15,4.85,32.31,27.46,Credit Card,16,5,False,West,567.81
4526,08-05-23,4691,29,Male,Beauty,93.96,1,20,18.79,93.96,75.17,Debit Card,25,5,False,West,258.96
4527,02-21-24,1018,39,Female,Home & Garden,2.91,4,15,1.75,11.64,9.89,Credit Card,24,5,False,North,1186.82
4528,05-11-24,4403,51,Female,Sports,82.46,9,15,111.32,742.14,630.82,Debit Card,7,5,False,East,630.82
4529,06-12-24,1583,35,Other,Beauty,5.46,7,20,7.64,38.22,30.58,PayPal,15,2,True,South,385.9
4530,01-18-24,1455,24,Male,Home & Garden,49.12,7,0,0.0,343.84,343.84,Credit Card,29,3,False,West,1226.17
4531,02-27-23,4004,56,Other,Home & Garden,32.41,7,10,22.69,226.87,204.18,Credit Card,5,5,False,South,281.17
4532,06-11-24,3036,13,Other,Home & Garden,326.51,4,0,0.0,1306.04,1306.04,PayPal,2,5,False,South,1507.83
4533,06-12-23,2132,24,Other,Electronics,24.54,7,10,17.18,171.78,154.6,Credit Card,29,5,False,West,433.61
4534,03-09-23,4339,48,Male,Clothing,157.66,2,0,0.0,315.32,315.32,Mobile Wallet,2,5,False,West,2633.92
4535,11-15-23,3492,61,Other,Beauty,25.86,8,20,41.38,206.88,165.5,Debit Card,20,2,False,East,633.85
4536,12-27-24,4311,42,Male,Home & Garden,57.24,8,20,91.58,457.92,366.34,Credit Card,5,5,False,South,523.96
4537,06-02-24,2952,38,Other,Beauty,51.59,9,15,69.65,464.31,394.66,PayPal,12,5,False,West,868.7
4538,02-18-24,4372,30,Other,Home & Garden,4.52,5,5,1.13,22.6,21.47,Debit Card,4,4,True,East,475.41
4539,05-19-23,3649,43,Male,Beauty,68.01,8,20,108.82,544.08,435.26,Credit Card,27,4,False,South,1022.13
4540,06-20-24,3150,36,Female,Sports,11.7,2,10,2.34,23.4,21.06,Debit Card,18,4,False,South,832.44
4541,08-05-24,1987,23,Other,Beauty,24.59,8,15,29.51,196.72,167.21,Credit Card,20,4,False,West,1477.23
4542,01-30-23,4321,30,Female,Clothing,76.21,9,10,68.59,685.89,617.3,Mobile Wallet,11,5,False,North,617.3
4543,06-27-23,4524,21,Other,Sports,144.4,6,0,0.0,866.4,866.4,PayPal,29,5,False,West,1368.12
4544,07-17-23,1519,35,Female,Sports,41.03,6,5,12.31,246.18,233.87,Mobile Wallet,21,3,False,South,1317.11
4545,07-25-23,4224,37,Female,Home & Garden,36.63,4,20,29.3,146.52,117.22,Mobile Wallet,20,1,False,North,837.56
4546,03-01-23,1858,59,Female,Books,35.15,8,0,0.0,281.2,281.2,Credit Card,6,3,False,West,294.02
4547,09-13-23,1173,26,Female,Clothing,84.79,7,15,89.03,593.53,504.5,Mobile Wallet,13,5,False,North,504.5
4548,02-03-23,2366,32,Female,Sports,248.93,9,10,224.04,2240.37,2016.33,PayPal,26,5,False,East,2625.42
4549,04-12-24,4741,53,Male,Books,50.2,1,5,2.51,50.2,47.69,Debit Card,23,4,False,West,425.95
4550,02-21-23,4052,62,Female,Books,23.79,8,20,38.06,190.32,152.26,Debit Card,5,3,False,South,248.93
4551,01-05-24,3478,42,Male,Sports,12.34,8,10,9.87,98.72,88.85,Debit Card,25,5,False,South,284.08
4552,12-22-24,1726,31,Other,Home & Garden,11.08,9,20,19.94,99.72,79.78,Credit Card,29,3,False,North,407.04
4553,07-23-23,4760,27,Male,Electronics,96.95,7,20,135.73,678.65,542.92,PayPal,4,3,False,North,1399.23
4554,10-08-23,2710,7,Female,Sports,243.67,9,10,219.3,2193.03,1973.73,Credit Card,27,2,False,East,3861.17
4555,01-13-24,2875,21,Male,Home & Garden,59.86,8,20,95.78,478.88,383.1,Mobile Wallet,10,5,False,West,652.6
4556,04-20-24,3897,36,Female,Clothing,155.98,9,15,210.57,1403.82,1193.25,PayPal,2,4,False,East,1411.22
4557,06-01-24,2681,32,Male,Home & Garden,21.54,9,5,9.69,193.86,184.17,Mobile Wallet,27,3,False,North,1098.54
4558,02-11-24,2347,44,Other,Books,49.39,1,0,0.0,49.39,49.39,PayPal,26,5,False,South,599.49
4559,10-12-24,1989,32,Female,Clothing,35.84,3,5,5.38,107.52,102.14,Debit Card,8,4,False,East,881.24
4560,05-07-23,4744,24,Female,Clothing,32.89,6,0,0.0,197.34,197.34,PayPal,20,5,False,West,329.45
4561,11-28-24,3686,40,Male,Electronics,50.03,7,15,52.53,350.21,297.68,Credit Card,20,3,False,South,1686.8
4562,02-01-23,1419,72,Male,Electronics,18.58,4,5,3.72,74.32,70.6,Debit Card,3,5,False,West,1303.78
4563,09-05-23,1593,30,Male,Sports,51.17,2,15,15.35,102.34,86.99,PayPal,28,3,False,North,334.56
4564,01-17-24,3532,37,Male,Home & Garden,55.87,4,10,22.35,223.48,201.13,Credit Card,9,5,False,North,2114.83
4565,05-15-24,4730,47,Male,Sports,90.43,6,0,0.0,542.58,542.58,Credit Card,20,4,False,West,1750.17
4566,08-31-24,2774,26,Female,Electronics,65.56,4,10,26.22,262.24,236.02,Mobile Wallet,2,5,False,West,1629.44
4567,04-01-24,3459,54,Other,Books,19.27,2,10,3.85,38.54,34.69,Debit Card,27,5,False,North,667.78
4568,07-01-23,1935,11,Male,Electronics,29.96,9,5,13.48,269.64,256.16,PayPal,17,5,True,East,1746.6
4569,04-30-24,2107,28,Female,Home & Garden,6.41,1,20,1.28,6.41,5.13,PayPal,28,4,False,East,649.66
4570,08-23-24,2136,30,Other,Books,14.87,7,20,20.82,104.09,83.27,Debit Card,1,5,False,West,1425.18
4571,07-18-24,4808,37,Other,Sports,36.8,9,15,49.68,331.2,281.52,Mobile Wallet,24,5,False,West,883.4
4572,12-25-23,1331,5,Male,Sports,5.31,3,5,0.8,15.93,15.13,Mobile Wallet,29,4,True,North,129.68
4573,12-19-23,4449,55,Female,Electronics,42.27,6,10,25.36,253.62,228.26,Debit Card,29,3,False,West,1509.18
4574,06-17-23,4826,41,Female,Electronics,24.74,9,15,33.4,222.66,189.26,Debit Card,17,5,False,West,189.26
4575,09-22-23,3702,51,Female,Beauty,1.77,9,10,1.59,15.93,14.34,Debit Card,5,4,True,South,14.34
4576,12-06-24,3088,59,Female,Sports,28.5,4,15,17.1,114.0,96.9,Credit Card,13,4,False,West,126.51
4577,04-03-23,2793,23,Female,Sports,16.5,8,0,0.0,132.0,132.0,Debit Card,29,4,False,West,132.0
4578,10-19-23,1958,-2,Other,Clothing,3.47,8,15,4.16,27.76,23.6,Mobile Wallet,8,5,False,West,40.56
4579,01-29-23,4868,52,Other,Home & Garden,17.36,7,15,18.23,121.52,103.29,PayPal,7,2,False,East,979.25
4580,01-31-24,1104,30,Other,Clothing,17.41,6,10,10.45,104.46,94.01,PayPal,23,4,False,North,1474.64
4581,02-20-23,1201,18,Female,Clothing,21.93,3,20,13.16,65.79,52.63,Mobile Wallet,14,2,False,North,1026.56
4582,06-16-23,3497,43,Other,Sports,22.82,4,10,9.13,91.28,82.15,PayPal,8,5,False,South,261.77
4583,08-08-24,2842,71,Other,Beauty,28.09,9,5,12.64,252.81,240.17,Mobile Wallet,11,2,False,East,789.13
4584,08-08-23,2866,33,Male,Home & Garden,4.82,7,10,3.37,33.74,30.37,Credit Card,3,2,False,East,185.42
4585,08-15-23,2996,49,Other,Sports,0.26,8,20,0.42,2.08,1.66,PayPal,5,5,False,North,491.53
4586,10-24-24,2289,20,Male,Clothing,66.59,6,5,19.98,399.54,379.56,Credit Card,18,4,False,West,1959.71
4587,08-19-23,1909,9,Female,Clothing,20.58,1,20,4.12,20.58,16.46,PayPal,5,5,False,North,519.22
4588,11-24-24,1209,48,Female,Sports,47.55,9,5,21.4,427.95,406.55,Debit Card,13,4,False,West,565.76
4589,07-31-23,1562,43,Female,Electronics,18.34,3,10,5.5,55.02,49.52,Credit Card,5,4,False,West,2952.45
4590,10-03-23,4189,28,Female,Electronics,207.35,3,20,124.41,622.05,497.64,Credit Card,2,5,False,East,703.44
4591,10-29-24,3760,60,Other,Sports,18.95,9,20,34.11,170.55,136.44,Credit Card,26,5,False,North,357.72
4592,02-24-24,4448,8,Male,Books,46.45,4,0,0.0,185.8,185.8,Mobile Wallet,13,5,False,South,558.27
4593,06-09-24,4622,16,Female,Books,12.42,8,0,0.0,99.36,99.36,PayPal,28,5,False,North,853.48
4594,01-21-23,2563,26,Female,Electronics,36.47,4,15,21.88,145.88,124.0,Debit Card,6,5,True,South,156.13
4595,11-29-24,1770,29,Male,Home & Garden,43.3,2,0,0.0,86.6,86.6,Mobile Wallet,17,4,False,East,172.88
4596,01-10-23,4155,56,Male,Beauty,10.1,5,20,10.1,50.5,40.4,PayPal,8,5,False,West,231.04
4597,04-30-24,3501,35,Male,Clothing,6.6,3,15,2.97,19.8,16.83,Credit Card,27,3,False,North,596.47
4598,05-16-23,3714,32,Male,Home & Garden,181.72,4,10,72.69,726.88,654.19,Mobile Wallet,17,5,False,East,654.19
4599,10-24-24,1628,15,Male,Electronics,111.87,3,15,50.34,335.61,285.27,Debit Card,19,4,True,East,519.04
4600,06-27-23,4585,51,Other,Sports,53.95,1,5,2.7,53.95,51.25,Credit Card,15,1,False,West,51.25
4601,09-07-24,2628,17,Male,Books,98.68,4,15,59.21,394.72,335.51,Mobile Wallet,1,5,False,South,527.43
4602,01-09-23,2701,15,Other,Electronics,5.02,9,0,0.0,45.18,45.18,Credit Card,18,5,False,West,392.1
4603,08-18-23,1386,28,Male,Home & Garden,65.35,7,10,45.74,457.45,411.71,PayPal,7,3,False,North,1894.5
4604,09-16-23,2935,37,Male,Home & Garden,16.82,6,5,5.05,100.92,95.87,PayPal,7,4,True,East,2298.22
4605,09-14-24,4421,24,Female,Beauty,38.77,9,15,52.34,348.93,296.59,Debit Card,29,5,False,West,1409.87
4606,11-09-23,3343,45,Female,Electronics,72.37,4,10,28.95,289.48,260.53,PayPal,16,4,False,South,1966.31
4607,12-30-24,3305,30,Female,Clothing,1.7,6,0,0.0,10.2,10.2,PayPal,11,2,False,South,440.65
4608,12-27-24,2104,50,Female,Home & Garden,59.35,3,10,17.8,178.05,160.25,PayPal,5,4,False,South,1294.63
4609,10-20-24,1267,42,Female,Clothing,28.53,3,10,8.56,85.59,77.03,Credit Card,21,4,True,East,87.16
4610,10-09-23,3466,61,Female,Clothing,28.96,8,5,11.58,231.68,220.1,Credit Card,14,5,False,West,2121.52
4611,03-09-24,3282,28,Male,Sports,118.91,5,20,118.91,594.55,475.64,PayPal,23,3,False,East,482.86
4612,01-21-24,2856,47,Male,Electronics,98.21,8,0,0.0,785.68,785.68,Credit Card,26,5,False,South,1002.68
4613,12-24-23,4382,8,Female,Electronics,2.96,9,5,1.33,26.64,25.31,PayPal,27,4,False,West,1046.43
4614,04-15-24,4884,78,Female,Clothing,48.16,2,5,4.82,96.32,91.5,Debit Card,28,5,False,North,621.75
4615,09-16-23,2998,46,Female,Sports,28.62,7,5,10.02,200.34,190.32,Mobile Wallet,10,4,False,South,414.12
4616,08-12-23,4033,30,Male,Home & Garden,6.27,2,20,2.51,12.54,10.03,Mobile Wallet,5,4,False,West,191.67
4617,04-22-24,2380,31,Female,Home & Garden,95.21,7,20,133.29,666.47,533.18,PayPal,24,3,True,East,1023.57
4618,11-06-23,2236,31,Female,Electronics,3.71,3,15,1.67,11.13,9.46,Debit Card,19,2,False,North,65.56
4619,11-24-24,1573,62,Male,Clothing,1.63,8,15,1.96,13.04,11.08,PayPal,18,4,False,West,216.73
4620,06-17-24,1048,48,Male,Sports,11.0,4,0,0.0,44.0,44.0,Mobile Wallet,26,4,False,West,44.0
4621,09-30-24,2150,28,Other,Sports,18.08,9,0,0.0,162.72,162.72,Debit Card,4,4,False,South,248.69
4622,02-11-24,1222,16,Female,Home & Garden,3.14,4,20,2.51,12.56,10.05,Credit Card,23,5,False,West,10.05
4623,08-21-24,3968,52,Male,Home & Garden,51.27,2,20,20.51,102.54,82.03,Mobile Wallet,9,4,False,East,82.03
4624,04-15-23,4350,47,Other,Books,28.74,4,20,22.99,114.96,91.97,Mobile Wallet,19,4,False,East,1231.38
4625,01-08-23,2431,45,Male,Books,26.57,5,5,6.64,132.85,126.21,PayPal,11,5,False,South,206.99
4626,06-07-24,2528,33,Other,Clothing,7.85,8,20,12.56,62.8,50.24,Debit Card,3,5,False,North,1915.83
4627,11-09-24,4365,30,Other,Books,28.79,3,5,4.32,86.37,82.05,Debit Card,11,4,False,North,1197.73
4628,01-19-24,2819,60,Female,Sports,24.73,9,5,11.13,222.57,211.44,Credit Card,7,3,False,West,518.35
4629,07-28-24,3324,61,Female,Books,24.2,9,0,0.0,217.8,217.8,Debit Card,17,3,False,South,775.01
4630,10-24-24,2461,44,Other,Electronics,12.33,3,10,3.7,36.99,33.29,PayPal,23,2,False,East,676.27
4631,08-31-24,2130,49,Female,Electronics,4.96,8,15,5.95,39.68,33.73,Debit Card,18,5,False,South,120.24
4632,09-15-24,2681,38,Male,Beauty,15.1,6,15,13.59,90.6,77.01,Debit Card,26,5,False,West,1098.54
4633,10-17-23,3467,14,Male,Home & Garden,55.02,6,0,0.0,330.12,330.12,Debit Card,15,5,False,East,730.8
4634,11-02-23,3658,20,Other,Home & Garden,3.79,2,0,0.0,7.58,7.58,Credit Card,17,5,False,West,264.29
4635,12-01-24,4500,52,Other,Clothing,24.09,8,20,38.54,192.72,154.18,Credit Card,26,3,False,East,635.92
4636,04-21-23,1374,54,Male,Electronics,36.12,7,20,50.57,252.84,202.27,Mobile Wallet,25,4,False,East,1233.1
4637,05-08-24,3120,50,Male,Beauty,165.05,2,20,66.02,330.1,264.08,Mobile Wallet,17,5,False,East,1325.58
4638,03-07-23,3021,40,Other,Clothing,92.84,4,5,18.57,371.36,352.79,Credit Card,24,3,False,South,454.35
4639,12-11-23,4705,51,Male,Clothing,124.21,5,5,31.05,621.05,590.0,Debit Card,10,2,True,East,590.0
4640,10-11-23,2053,34,Male,Books,85.74,9,20,154.33,771.66,617.33,Credit Card,15,4,False,North,938.77
4641,10-17-24,4259,44,Other,Home & Garden,44.47,2,5,4.45,88.94,84.49,Credit Card,23,4,False,North,491.45
4642,11-29-23,4435,31,Female,Clothing,98.59,7,0,0.0,690.13,690.13,PayPal,16,2,True,West,1153.07
4643,10-11-23,2889,19,Male,Clothing,41.65,5,20,41.65,208.25,166.6,Debit Card,15,4,False,West,417.59
4644,09-25-23,2823,47,Female,Home & Garden,22.14,2,15,6.64,44.28,37.64,Credit Card,26,3,False,South,629.58
4645,11-02-24,2474,54,Female,Home & Garden,23.29,3,15,10.48,69.87,59.39,PayPal,9,3,True,East,1203.77
4646,12-29-24,3242,72,Male,Electronics,41.67,5,5,10.42,208.35,197.93,Mobile Wallet,28,3,False,East,440.83
4647,10-29-24,2179,38,Female,Home & Garden,82.89,1,15,12.43,82.89,70.46,PayPal,21,2,True,East,647.25
4648,11-02-23,4243,19,Other,Books,7.17,7,20,10.04,50.19,40.15,Debit Card,19,2,False,South,333.12
4649,07-12-23,3894,30,Male,Electronics,2.0,1,15,0.3,2.0,1.7,Mobile Wallet,1,4,False,North,17.05
4650,06-03-23,2064,32,Male,Beauty,77.93,6,0,0.0,467.58,467.58,Mobile Wallet,2,5,True,East,785.09
4651,06-13-24,4134,37,Female,Clothing,52.15,6,5,15.64,312.9,297.26,Debit Card,6,5,False,West,1121.01
4652,09-04-23,3070,42,Male,Books,86.11,1,15,12.92,86.11,73.19,Mobile Wallet,24,5,False,North,1071.63
4653,02-28-23,1359,40,Male,Books,187.91,7,5,65.77,1315.37,1249.6,Mobile Wallet,9,5,True,East,2243.39
4654,09-06-24,4146,46,Female,Electronics,14.48,8,0,0.0,115.84,115.84,PayPal,24,5,False,East,120.74
4655,02-18-24,3607,37,Female,Clothing,10.8,3,15,4.86,32.4,27.54,Mobile Wallet,18,5,False,North,908.49
4656,11-07-24,3719,1,Male,Electronics,20.85,1,20,4.17,20.85,16.68,Debit Card,1,5,False,South,852.45
4657,11-24-23,3041,38,Male,Sports,105.17,2,10,21.03,210.34,189.31,Mobile Wallet,10,5,False,East,582.02
4658,11-28-24,4896,36,Other,Sports,0.7,1,15,0.1,0.7,0.6,PayPal,4,4,False,South,1161.89
4659,05-24-23,2141,43,Other,Electronics,0.53,9,0,0.0,4.77,4.77,Credit Card,14,2,False,West,1204.4
4660,01-27-23,2635,29,Male,Clothing,12.22,4,10,4.89,48.88,43.99,Mobile Wallet,21,2,False,East,1085.89
4661,11-02-24,2403,38,Male,Clothing,23.57,7,15,24.75,164.99,140.24,Debit Card,26,5,False,East,379.1
4662,05-24-24,2943,43,Other,Home & Garden,18.0,5,5,4.5,90.0,85.5,Credit Card,6,1,False,East,516.95
4663,10-30-23,1678,32,Female,Books,87.12,9,0,0.0,784.08,784.08,Mobile Wallet,20,5,True,East,1093.64
4664,09-23-23,4361,45,Male,Electronics,58.51,9,15,78.99,526.59,447.6,Debit Card,5,4,False,South,498.85
4665,03-04-24,3487,36,Other,Books,90.96,6,0,0.0,545.76,545.76,PayPal,15,3,False,South,853.71
4666,02-19-24,4739,37,Other,Books,24.21,5,20,24.21,121.05,96.84,Credit Card,24,4,False,North,96.84
4667,02-02-24,3980,-8,Male,Sports,45.29,1,10,4.53,45.29,40.76,PayPal,10,5,False,South,40.76
4668,02-06-23,1006,17,Male,Sports,36.23,4,10,14.49,144.92,130.43,PayPal,3,3,False,South,130.43
4669,08-20-24,4267,17,Other,Beauty,32.19,5,20,32.19,160.95,128.76,PayPal,17,3,False,West,1287.03
4670,12-26-24,3468,38,Male,Electronics,16.99,9,10,15.29,152.91,137.62,Debit Card,9,5,False,North,644.83
4671,08-08-24,2591,54,Female,Beauty,61.76,2,10,12.35,123.52,111.17,Debit Card,9,5,False,West,690.7
4672,07-14-23,1832,33,Male,Electronics,37.12,2,20,14.85,74.24,59.39,PayPal,15,4,False,North,384.4
4673,12-18-23,4264,47,Other,Clothing,4.09,3,5,0.61,12.27,11.66,PayPal,18,4,True,East,159.43
4674,12-31-24,3606,44,Other,Electronics,0.03,3,10,0.01,0.09,0.08,Debit Card,3,5,False,West,511.62
4675,08-16-23,4219,37,Male,Clothing,1.03,7,5,0.36,7.21,6.85,Mobile Wallet,8,5,False,North,54.91
4676,12-03-24,2810,43,Other,Clothing,3.95,1,0,0.0,3.95,3.95,Credit Card,3,1,False,South,700.68
4677,07-01-24,4740,38,Female,Electronics,23.18,2,0,0.0,46.36,46.36,Debit Card,19,3,True,West,275.32
4678,10-15-24,4273,32,Male,Clothing,18.24,1,10,1.82,18.24,16.42,Mobile Wallet,22,5,False,North,344.36
4679,05-02-24,4515,40,Male,Books,8.52,9,0,0.0,76.68,76.68,Debit Card,13,5,True,West,1029.29
4680,11-18-24,1913,56,Other,Clothing,36.23,9,20,65.21,326.07,260.86,Debit Card,22,4,False,East,877.07
4681,01-03-24,3011,42,Female,Books,175.63,3,10,52.69,526.89,474.2,Credit Card,16,4,False,South,595.86
4682,06-03-24,2442,38,Male,Books,8.76,3,20,5.26,26.28,21.02,Debit Card,7,1,False,East,52.48
4683,11-04-23,2450,21,Other,Books,14.42,1,5,0.72,14.42,13.7,Mobile Wallet,26,5,False,South,217.11
4684,06-24-23,4054,56,Male,Home & Garden,31.0,5,15,23.25,155.0,131.75,Debit Card,20,3,False,North,263.9
4685,11-04-24,2502,13,Female,Beauty,51.2,3,15,23.04,153.6,130.56,Credit Card,5,2,False,North,130.56
4686,07-25-24,4546,9,Other,Home & Garden,45.85,2,10,9.17,91.7,82.53,Debit Card,26,4,False,North,94.43
4687,07-05-23,1125,40,Male,Clothing,36.82,3,20,22.09,110.46,88.37,PayPal,19,5,False,North,774.04
4688,10-28-23,3442,21,Other,Beauty,66.83,8,15,80.2,534.64,454.44,Credit Card,2,4,False,West,1115.06
4689,04-10-23,1816,51,Other,Beauty,93.52,8,10,74.82,748.16,673.34,Debit Card,3,4,False,North,974.0
4690,04-27-24,3928,9,Female,Beauty,343.76,1,15,51.56,343.76,292.2,PayPal,28,5,False,South,1232.22
4691,05-12-23,2829,49,Female,Electronics,31.32,2,15,9.4,62.64,53.24,PayPal,3,5,False,East,166.39
4692,09-22-23,1575,47,Male,Clothing,264.48,1,0,0.0,264.48,264.48,Credit Card,29,5,False,West,295.83
4693,07-26-24,3372,36,Other,Home & Garden,65.56,8,10,52.45,524.48,472.03,Credit Card,2,4,False,East,946.24
4694,07-07-23,2415,3,Other,Beauty,53.55,1,15,8.03,53.55,45.52,Debit Card,16,5,False,East,1003.16
4695,11-27-24,1929,9,Other,Beauty,51.04,6,10,30.62,306.24,275.62,Mobile Wallet,17,5,False,West,1234.22
4696,12-10-23,4759,38,Male,Sports,120.81,8,0,0.0,966.48,966.48,Credit Card,27,5,False,East,1169.55
4697,11-01-24,4699,31,Female,Beauty,147.76,8,10,118.21,1182.08,1063.87,Debit Card,16,4,False,North,1536.74
4698,04-02-23,2463,45,Female,Beauty,9.83,7,0,0.0,68.81,68.81,PayPal,16,4,False,East,170.01
4699,08-16-23,4275,33,Other,Sports,34.0,8,15,40.8,272.0,231.2,PayPal,19,5,True,East,534.81
4700,12-30-23,4557,32,Male,Clothing,141.89,8,15,170.27,1135.12,964.85,Debit Card,17,3,False,South,1390.19
4701,08-17-23,1832,-1,Other,Home & Garden,24.07,3,15,10.83,72.21,61.38,Credit Card,24,5,False,West,384.4
4702,11-11-23,2054,47,Female,Books,13.24,2,0,0.0,26.48,26.48,Debit Card,5,5,True,West,29.66
4703,03-06-24,4459,25,Other,Home & Garden,5.42,4,5,1.08,21.68,20.6,Debit Card,12,5,False,South,716.5
4704,12-06-23,2648,29,Other,Clothing,45.47,5,0,0.0,227.35,227.35,Credit Card,22,5,False,North,227.41
4705,01-16-24,2900,18,Other,Home & Garden,60.24,2,0,0.0,120.48,120.48,Mobile Wallet,12,2,False,South,614.56
4706,09-24-23,2457,11,Female,Sports,10.88,8,20,17.41,87.04,69.63,Mobile Wallet,29,3,False,North,172.91
4707,08-22-24,3884,57,Male,Beauty,55.99,8,15,67.19,447.92,380.73,Mobile Wallet,26,5,False,East,1247.1
4708,10-29-23,3973,46,Other,Beauty,114.94,4,15,68.96,459.76,390.8,Debit Card,7,5,False,East,613.02
4709,04-19-24,2399,47,Female,Books,13.96,5,20,13.96,69.8,55.84,Credit Card,7,2,False,North,58.46
4710,05-01-23,4415,31,Other,Clothing,6.51,5,5,1.63,32.55,30.92,Mobile Wallet,4,1,False,East,1410.29
4711,04-26-24,1442,8,Male,Beauty,90.22,5,10,45.11,451.1,405.99,Credit Card,6,4,True,North,1096.31
4712,02-24-23,4650,66,Other,Clothing,124.11,9,15,167.55,1116.99,949.44,Mobile Wallet,16,5,False,South,949.44
4713,10-11-24,3122,41,Male,Electronics,12.09,9,15,16.32,108.81,92.49,PayPal,8,4,False,South,608.49
4714,08-20-24,1556,37,Female,Books,63.9,4,0,0.0,255.6,255.6,PayPal,6,1,False,East,551.6
4715,08-17-24,4843,29,Male,Clothing,44.69,1,5,2.23,44.69,42.46,Credit Card,23,3,False,West,166.72
4716,09-27-24,4737,4,Male,Home & Garden,13.67,8,5,5.47,109.36,103.89,Mobile Wallet,29,5,False,South,3462.92
4717,03-14-23,2178,52,Female,Home & Garden,86.77,1,5,4.34,86.77,82.43,Credit Card,19,3,False,West,92.15
4718,04-28-24,4501,19,Male,Home & Garden,31.79,7,5,11.13,222.53,211.4,Credit Card,25,2,False,West,211.4
4719,07-19-23,3037,43,Male,Home & Garden,60.25,4,20,48.2,241.0,192.8,Credit Card,10,2,False,North,1007.01
4720,05-27-24,1362,46,Female,Clothing,17.94,1,0,0.0,17.94,17.94,Debit Card,16,5,True,South,333.75
4721,05-03-23,3495,40,Male,Sports,84.58,4,20,67.66,338.32,270.66,Mobile Wallet,2,4,False,East,675.21
4722,11-28-24,2257,42,Male,Books,15.35,7,20,21.49,107.45,85.96,Mobile Wallet,14,4,True,East,656.04
4723,01-26-24,4634,55,Other,Home & Garden,22.69,8,10,18.15,181.52,163.37,Credit Card,11,2,False,North,754.2
4724,06-26-24,2841,23,Male,Clothing,24.84,2,0,0.0,49.68,49.68,PayPal,24,4,True,West,1172.64
4725,11-02-23,3309,37,Male,Beauty,11.56,9,5,5.2,104.04,98.84,Credit Card,24,5,False,West,447.81
4726,02-28-24,2850,31,Male,Beauty,103.72,5,0,0.0,518.6,518.6,PayPal,28,2,False,South,2271.14
4727,02-25-23,3172,7,Female,Clothing,6.02,8,5,2.41,48.16,45.75,Mobile Wallet,2,5,False,South,514.85
4728,06-04-23,1910,39,Male,Home & Garden,41.41,2,10,8.28,82.82,74.54,Mobile Wallet,25,5,False,North,84.3
4729,05-21-23,1244,53,Female,Electronics,84.14,2,15,25.24,168.28,143.04,Credit Card,3,5,False,North,1495.53
4730,07-25-23,1541,55,Female,Clothing,43.48,4,20,34.78,173.92,139.14,Debit Card,26,4,False,North,357.53
4731,12-17-23,3532,62,Male,Books,19.79,4,10,7.92,79.16,71.24,Mobile Wallet,22,4,False,East,2114.83
4732,02-24-24,3169,8,Male,Books,76.02,3,20,45.61,228.06,182.45,Mobile Wallet,11,5,False,West,1007.65
4733,08-06-24,3172,59,Male,Electronics,34.58,5,5,8.64,172.9,164.26,Mobile Wallet,4,3,False,East,514.85
4734,04-13-24,2572,37,Male,Beauty,8.9,2,5,0.89,17.8,16.91,Debit Card,14,2,True,North,1681.08
4735,05-27-23,3217,59,Male,Beauty,19.05,1,10,1.9,19.05,17.15,Mobile Wallet,5,4,False,South,149.07
4736,11-20-23,1123,29,Male,Clothing,44.82,4,15,26.89,179.28,152.39,Credit Card,3,4,False,North,354.84
4737,07-04-23,4940,27,Male,Electronics,53.76,6,15,48.38,322.56,274.18,PayPal,28,3,False,West,892.78
4738,03-24-23,4106,16,Female,Clothing,39.72,6,20,47.66,238.32,190.66,Mobile Wallet,26,4,False,North,224.12
4739,05-14-24,4158,46,Other,Clothing,15.87,2,5,1.59,31.74,30.15,Mobile Wallet,8,4,False,North,41.19
4740,12-07-23,3693,42,Female,Electronics,45.04,6,5,13.51,270.24,256.73,Debit Card,10,5,False,North,1647.48
4741,10-08-24,2731,18,Male,Beauty,20.21,4,15,12.13,80.84,68.71,PayPal,12,5,False,East,153.0
4742,07-01-23,1785,2,Other,Sports,12.74,1,5,0.64,12.74,12.1,PayPal,26,3,False,East,12.1
4743,11-17-23,3043,41,Other,Home & Garden,145.5,1,5,7.28,145.5,138.22,Debit Card,8,5,True,South,267.94
4744,10-11-24,3248,42,Male,Home & Garden,18.91,2,10,3.78,37.82,34.04,Credit Card,23,5,False,East,1052.36
4745,03-01-23,3416,20,Male,Home & Garden,20.45,4,15,12.27,81.8,69.53,Mobile Wallet,7,5,False,West,69.53
4746,01-05-23,1796,17,Female,Electronics,113.54,8,15,136.25,908.32,772.07,PayPal,2,5,False,North,1671.4
4747,04-07-24,1076,44,Other,Clothing,7.7,3,0,0.0,23.1,23.1,PayPal,26,3,False,North,28.41
4748,10-08-23,1058,62,Other,Clothing,43.93,5,15,32.95,219.65,186.7,Credit Card,12,5,False,North,186.7
4749,08-03-23,3478,27,Male,Books,76.56,3,15,34.45,229.68,195.23,Credit Card,22,3,False,South,284.08
4750,06-22-23,3685,21,Male,Clothing,15.99,8,0,0.0,127.92,127.92,Mobile Wallet,20,5,False,East,561.6
4751,08-13-24,2523,39,Other,Beauty,92.92,4,5,18.58,371.68,353.1,Debit Card,11,4,False,North,1418.5
4752,06-12-23,2936,44,Other,Sports,73.41,8,5,29.36,587.28,557.92,Debit Card,9,4,False,North,797.38
4753,05-16-24,3156,29,Male,Home & Garden,33.29,8,20,53.26,266.32,213.06,Credit Card,5,3,False,North,2147.93
4754,04-01-23,4807,65,Male,Beauty,6.32,9,5,2.84,56.88,54.04,Credit Card,6,4,False,South,214.91
4755,05-13-23,4055,48,Male,Beauty,175.51,2,15,52.65,351.02,298.37,PayPal,7,5,False,West,418.24
4756,09-21-24,2301,29,Female,Sports,48.94,7,20,68.52,342.58,274.06,Credit Card,14,5,False,East,1075.28
4757,03-20-24,1067,11,Female,Home & Garden,36.4,1,20,7.28,36.4,29.12,PayPal,18,4,False,South,1789.05
4758,10-10-24,4140,54,Male,Electronics,108.34,4,5,21.67,433.36,411.69,Debit Card,15,5,True,East,979.58
4759,03-15-24,4236,52,Female,Sports,27.35,4,20,21.88,109.4,87.52,Debit Card,1,5,False,West,644.4
4760,02-18-24,4560,30,Other,Beauty,41.46,4,0,0.0,165.84,165.84,PayPal,16,2,False,North,649.98
4761,03-15-24,3352,40,Other,Clothing,97.74,7,20,136.84,684.18,547.34,Mobile Wallet,15,5,False,West,2555.84
4762,05-03-24,2932,32,Male,Home & Garden,24.96,5,10,12.48,124.8,112.32,Debit Card,22,3,False,South,1924.93
4763,01-28-24,3721,42,Other,Books,74.01,5,0,0.0,370.05,370.05,Mobile Wallet,9,5,False,West,449.27
4764,01-05-23,1364,19,Other,Sports,14.79,3,15,6.66,44.37,37.71,PayPal,7,5,False,South,1345.72
4765,02-08-23,4925,17,Other,Beauty,60.59,5,5,15.15,302.95,287.8,Mobile Wallet,12,2,False,South,478.57
4766,06-30-24,1820,47,Other,Electronics,35.71,5,5,8.93,178.55,169.62,PayPal,28,5,False,East,440.8
4767,07-24-23,2402,49,Other,Beauty,9.01,8,10,7.21,72.08,64.87,PayPal,9,5,False,West,64.87
4768,01-18-24,3390,27,Female,Books,7.31,2,5,0.73,14.62,13.89,Credit Card,12,5,False,South,194.47
4769,01-15-23,1946,23,Female,Electronics,30.6,8,15,36.72,244.8,208.08,Debit Card,11,2,True,West,1677.56
4770,11-26-23,3946,52,Male,Home & Garden,62.04,4,20,49.63,248.16,198.53,Debit Card,3,5,False,South,1973.54
4771,06-27-24,2577,24,Other,Sports,46.23,9,5,20.8,416.07,395.27,PayPal,13,5,True,North,2916.92
4772,07-15-23,2377,35,Female,Electronics,96.46,8,15,115.75,771.68,655.93,Mobile Wallet,5,4,False,West,797.46
4773,01-19-23,2439,33,Female,Books,24.69,5,0,0.0,123.45,123.45,Credit Card,22,4,False,South,550.43
4774,11-23-24,4180,12,Female,Beauty,92.78,5,15,69.58,463.9,394.32,Mobile Wallet,22,5,True,North,722.94
4775,01-05-23,4634,37,Other,Books,1.89,9,10,1.7,17.01,15.31,Debit Card,21,3,True,West,754.2
4776,10-03-24,1761,36,Female,Clothing,22.77,5,15,17.08,113.85,96.77,Mobile Wallet,18,5,False,North,96.77
4777,09-12-23,4568,40,Male,Electronics,3.79,9,5,1.71,34.11,32.4,Credit Card,11,4,False,South,604.02
4778,08-20-23,1340,37,Male,Sports,125.82,6,20,150.98,754.92,603.94,Mobile Wallet,26,5,False,North,1374.18
4779,12-11-24,3989,67,Other,Sports,32.25,1,15,4.84,32.25,27.41,Debit Card,3,1,True,East,1046.44
4780,12-19-23,1382,52,Male,Beauty,19.0,8,10,15.2,152.0,136.8,PayPal,22,5,False,East,1305.7
4781,11-16-23,2003,35,Female,Beauty,33.91,1,0,0.0,33.91,33.91,Debit Card,9,5,False,East,115.77
4782,05-13-23,2556,36,Other,Beauty,38.05,2,10,7.61,76.1,68.49,Credit Card,26,2,False,West,136.18
4783,04-16-23,1299,61,Male,Clothing,93.62,6,0,0.0,561.72,561.72,PayPal,8,5,False,West,561.72
4784,01-28-24,1138,47,Other,Books,39.09,5,15,29.32,195.45,166.13,Credit Card,24,4,False,North,2009.67
4785,05-30-24,1358,16,Female,Beauty,28.23,2,20,11.29,56.46,45.17,Debit Card,8,4,False,West,45.17
4786,08-25-24,1835,49,Male,Electronics,162.67,6,10,97.6,976.02,878.42,Mobile Wallet,13,2,False,West,952.62
4787,11-10-23,2522,53,Female,Beauty,172.98,7,20,242.17,1210.86,968.69,Debit Card,11,3,False,East,1356.3
4788,06-21-23,4456,59,Male,Books,1.96,3,15,0.88,5.88,5.0,Mobile Wallet,6,5,False,West,190.03
4789,03-08-23,2627,28,Other,Electronics,61.35,8,20,98.16,490.8,392.64,PayPal,13,4,False,East,411.45
4790,02-16-23,2982,27,Male,Electronics,23.24,4,20,18.59,92.96,74.37,Mobile Wallet,28,1,False,North,1136.08
4791,11-02-23,2303,20,Male,Electronics,56.23,9,10,50.61,506.07,455.46,Mobile Wallet,11,4,False,South,1817.81
4792,10-25-23,4708,39,Male,Books,50.66,7,15,53.19,354.62,301.43,PayPal,14,5,False,North,841.46
4793,04-11-24,3530,45,Other,Beauty,20.03,3,20,12.02,60.09,48.07,Credit Card,14,4,False,North,170.13
4794,06-16-24,1908,27,Male,Books,215.84,5,0,0.0,1079.2,1079.2,PayPal,19,2,False,South,1079.2
4795,09-02-24,2134,32,Female,Books,22.09,9,5,9.94,198.81,188.87,Credit Card,5,5,False,East,533.56
4796,06-20-24,3913,4,Other,Home & Garden,49.98,9,0,0.0,449.82,449.82,PayPal,15,5,True,West,875.21
4797,12-12-23,3186,57,Other,Books,83.94,8,20,134.3,671.52,537.22,Mobile Wallet,13,5,False,East,597.43
4798,03-20-24,1995,11,Female,Clothing,7.86,8,15,9.43,62.88,53.45,Debit Card,24,5,False,West,273.13
4799,12-04-24,3482,40,Other,Home & Garden,17.87,9,0,0.0,160.83,160.83,Mobile Wallet,16,3,False,North,856.48
4800,05-18-23,3556,38,Male,Electronics,11.09,5,15,8.32,55.45,47.13,Credit Card,29,5,False,East,331.5
4801,12-17-23,3320,35,Other,Beauty,76.12,9,0,0.0,685.08,685.08,Debit Card,19,5,False,North,1853.71
4802,05-16-24,4170,36,Female,Sports,80.77,6,15,72.69,484.62,411.93,Mobile Wallet,17,5,False,North,1449.09
4803,01-03-24,4835,19,Other,Beauty,14.78,6,20,17.74,88.68,70.94,Mobile Wallet,28,4,False,West,209.54
4804,07-12-23,4921,30,Female,Home & Garden,0.21,6,10,0.13,1.26,1.13,Debit Card,16,4,False,East,614.5
4805,06-18-23,3151,49,Other,Home & Garden,27.53,7,0,0.0,192.71,192.71,Mobile Wallet,29,3,False,North,625.46
4806,02-18-24,2237,53,Female,Electronics,58.1,9,15,78.44,522.9,444.46,Credit Card,14,5,False,West,444.46
4807,01-20-23,2784,28,Other,Books,48.71,3,0,0.0,146.13,146.13,PayPal,17,5,False,East,157.81
4808,08-22-23,4735,11,Male,Books,29.5,6,15,26.55,177.0,150.45,Credit Card,7,2,False,South,1624.08
4809,08-18-23,3809,23,Female,Home & Garden,17.97,5,15,13.48,89.85,76.37,Mobile Wallet,6,1,False,North,815.81
4810,05-15-23,3834,62,Female,Books,32.16,4,10,12.86,128.64,115.78,Debit Card,5,5,False,East,115.78
4811,08-05-23,1164,24,Other,Home & Garden,0.76,8,15,0.91,6.08,5.17,Debit Card,24,1,False,South,902.31
4812,01-23-23,1998,33,Other,Beauty,3.84,3,0,0.0,11.52,11.52,Debit Card,24,5,False,North,900.58
4813,08-26-24,4924,56,Other,Sports,8.88,2,20,3.55,17.76,14.21,Mobile Wallet,27,4,False,South,1324.7
4814,05-31-24,3567,27,Male,Beauty,49.1,4,5,9.82,196.4,186.58,Debit Card,1,5,False,North,532.58
4815,06-23-23,2307,32,Other,Sports,12.35,3,15,5.56,37.05,31.49,Credit Card,16,2,False,East,78.63
4816,05-07-23,3564,46,Female,Electronics,27.53,7,5,9.64,192.71,183.07,Credit Card,23,5,False,South,195.33
4817,01-11-24,1656,60,Other,Clothing,48.57,4,20,38.86,194.28,155.42,Mobile Wallet,14,5,False,South,306.0
4818,12-29-24,3660,25,Male,Clothing,88.77,9,5,39.95,798.93,758.98,Credit Card,27,5,False,South,1218.02
4819,10-28-24,3211,55,Other,Beauty,39.89,5,15,29.92,199.45,169.53,Credit Card,2,4,False,East,181.23
4820,02-08-23,2909,30,Other,Books,9.75,3,0,0.0,29.25,29.25,Debit Card,29,5,True,North,1603.29
4821,01-20-24,4730,21,Female,Clothing,151.56,2,10,30.31,303.12,272.81,PayPal,4,4,False,East,1750.17
4822,10-17-24,3046,38,Other,Sports,4.72,6,15,4.25,28.32,24.07,Credit Card,1,5,False,South,1539.63
4823,09-19-23,3111,17,Male,Electronics,22.87,6,15,20.58,137.22,116.64,Mobile Wallet,2,4,False,South,116.64
4824,07-01-24,4162,42,Other,Sports,127.12,1,10,12.71,127.12,114.41,Debit Card,29,5,False,South,121.04
4825,09-30-24,2140,82,Other,Home & Garden,46.11,7,10,32.28,322.77,290.49,Credit Card,26,2,False,West,1316.86
4826,02-19-23,2889,51,Female,Books,54.33,5,10,27.16,271.65,244.49,Mobile Wallet,9,4,False,East,417.59
4827,08-31-24,1266,33,Other,Books,17.95,7,10,12.56,125.65,113.09,Mobile Wallet,28,2,False,South,138.25
4828,02-19-23,2845,50,Female,Clothing,4.09,4,10,1.64,16.36,14.72,Debit Card,1,2,False,North,215.79
4829,11-08-24,2708,21,Female,Home & Garden,22.77,5,15,17.08,113.85,96.77,Mobile Wallet,23,4,False,North,801.57
4830,04-21-23,4630,23,Other,Clothing,25.72,7,5,9.0,180.04,171.04,PayPal,20,4,False,East,467.61
4831,10-31-24,4211,33,Female,Clothing,15.75,6,0,0.0,94.5,94.5,PayPal,23,4,False,North,340.47
4832,01-21-23,3293,36,Female,Clothing,12.13,1,15,1.82,12.13,10.31,Credit Card,16,4,False,East,407.03
4833,02-19-23,4732,15,Other,Home & Garden,21.96,1,20,4.39,21.96,17.57,PayPal,14,3,True,East,28.27
4834,12-07-24,4829,30,Other,Clothing,51.0,2,15,15.3,102.0,86.7,Debit Card,23,4,False,South,141.87
4835,04-29-23,3442,32,Male,Books,148.83,3,15,66.97,446.49,379.52,Debit Card,27,5,False,East,1115.06
4836,03-02-24,2510,58,Male,Clothing,60.83,1,5,3.04,60.83,57.79,Credit Card,13,5,False,South,513.82
4837,03-30-24,1475,15,Female,Home & Garden,75.62,2,10,15.12,151.24,136.12,PayPal,26,4,False,North,1111.97
4838,01-25-24,4588,14,Female,Home & Garden,18.27,2,20,7.31,36.54,29.23,Mobile Wallet,19,5,False,North,497.51
4839,05-07-23,1976,37,Other,Sports,5.53,7,5,1.94,38.71,36.77,Mobile Wallet,15,5,False,South,527.93
4840,07-14-24,2207,52,Male,Clothing,17.23,6,0,0.0,103.38,103.38,PayPal,29,1,False,South,405.88
4841,09-16-23,2043,43,Male,Home & Garden,25.76,9,20,46.37,231.84,185.47,Debit Card,18,5,False,North,2123.55
4842,04-30-24,2960,39,Other,Beauty,58.54,5,20,58.54,292.7,234.16,Debit Card,3,5,False,East,890.5
4843,12-19-24,1557,30,Other,Clothing,140.14,3,5,21.02,420.42,399.4,Debit Card,15,4,False,West,884.36
4844,06-06-23,2017,45,Other,Electronics,82.85,1,20,16.57,82.85,66.28,Debit Card,15,4,False,South,66.28
4845,07-30-23,4595,47,Other,Books,15.49,1,15,2.32,15.49,13.17,PayPal,5,4,False,South,190.43
4846,12-12-24,2605,31,Male,Books,85.82,2,15,25.75,171.64,145.89,Credit Card,13,4,False,West,1005.44
4847,12-03-24,4600,20,Other,Beauty,26.53,3,10,7.96,79.59,71.63,PayPal,24,5,False,South,2336.09
4848,10-07-24,1882,20,Other,Clothing,9.65,5,5,2.41,48.25,45.84,PayPal,27,5,False,East,693.68
4849,01-10-23,3194,48,Male,Books,30.93,7,15,32.48,216.51,184.03,Debit Card,25,3,True,East,643.87
4850,11-05-23,1665,11,Other,Books,41.42,4,20,33.14,165.68,132.54,Debit Card,20,4,False,West,235.63
4851,03-06-24,4375,60,Male,Electronics,72.07,6,20,86.48,432.42,345.94,Debit Card,16,4,False,West,345.94
4852,11-08-24,3667,28,Male,Books,21.53,6,15,19.38,129.18,109.8,Credit Card,22,4,False,West,1731.17
4853,04-14-23,2771,39,Other,Books,7.94,2,5,0.79,15.88,15.09,Credit Card,20,3,False,South,104.82
4854,11-09-24,3867,45,Other,Home & Garden,4.96,6,5,1.49,29.76,28.27,Debit Card,15,2,False,West,171.37
4855,06-16-24,1863,24,Female,Books,5.96,5,0,0.0,29.8,29.8,Debit Card,14,2,False,North,44.0
4856,10-04-23,1581,28,Female,Clothing,149.81,6,5,44.94,898.86,853.92,PayPal,9,3,False,East,1146.82
4857,09-29-24,4070,36,Male,Books,151.57,4,15,90.94,606.28,515.34,PayPal,21,4,False,South,553.06
4858,09-12-24,1694,22,Male,Clothing,173.3,1,0,0.0,173.3,173.3,PayPal,18,5,False,East,565.33
4859,12-18-24,4833,18,Female,Books,18.01,9,20,32.42,162.09,129.67,Debit Card,17,5,True,North,1351.66
4860,05-21-23,2251,20,Male,Clothing,10.64,3,15,4.79,31.92,27.13,PayPal,5,5,False,West,267.32
4861,03-04-24,4173,53,Female,Books,197.94,1,10,19.79,197.94,178.15,Mobile Wallet,15,5,False,East,652.95
4862,04-18-23,2610,40,Other,Beauty,222.26,4,10,88.9,889.04,800.14,Credit Card,24,5,False,North,977.5
4863,06-07-24,4488,23,Other,Clothing,4.08,7,5,1.43,28.56,27.13,PayPal,11,4,False,West,27.13
4864,09-24-24,2239,48,Other,Books,69.82,4,0,0.0,279.28,279.28,Credit Card,27,3,False,West,546.57
4865,05-01-23,3454,23,Male,Electronics,17.03,4,0,0.0,68.12,68.12,PayPal,29,4,False,West,610.92
4866,10-17-23,1398,5,Other,Home & Garden,120.01,9,20,216.02,1080.09,864.07,Credit Card,22,2,False,East,1274.26
4867,04-27-23,2946,45,Male,Home & Garden,4.67,6,5,1.4,28.02,26.62,Debit Card,27,4,False,South,519.06
4868,04-19-23,1714,59,Other,Home & Garden,109.72,9,0,0.0,987.48,987.48,Mobile Wallet,12,1,False,South,1941.88
4869,05-24-24,1703,43,Male,Home & Garden,0.13,2,15,0.04,0.26,0.22,Credit Card,7,3,True,South,1808.67
4870,07-23-23,3808,6,Male,Electronics,36.9,7,20,51.66,258.3,206.64,PayPal,25,5,False,North,944.15
4871,09-15-24,3546,34,Female,Beauty,20.44,7,0,0.0,143.08,143.08,Debit Card,20,3,True,West,636.27
4872,07-24-23,4825,30,Female,Beauty,27.87,8,10,22.3,222.96,200.66,Mobile Wallet,21,4,False,North,350.4
4873,09-27-23,4536,40,Female,Electronics,28.44,9,10,25.6,255.96,230.36,Debit Card,9,5,False,East,1244.13
4874,06-19-24,2714,22,Male,Books,53.01,8,0,0.0,424.08,424.08,Debit Card,3,1,False,South,752.55
4875,07-26-23,2972,29,Female,Electronics,1.17,2,10,0.23,2.34,2.11,Credit Card,17,1,True,East,270.68
4876,01-02-24,4021,13,Female,Home & Garden,58.78,3,15,26.45,176.34,149.89,Mobile Wallet,24,3,False,North,511.76
4877,12-21-24,4802,38,Female,Beauty,1.12,2,20,0.45,2.24,1.79,Debit Card,9,5,False,South,1064.62
4878,02-24-24,1081,14,Male,Sports,10.25,1,15,1.54,10.25,8.71,PayPal,11,3,False,East,207.98
4879,10-30-23,1603,41,Male,Books,46.66,7,10,32.66,326.62,293.96,Debit Card,14,5,False,East,575.87
4880,06-14-23,2970,23,Female,Clothing,4.52,8,0,0.0,36.16,36.16,PayPal,26,4,False,East,67.89
4881,02-10-23,2710,-12,Female,Beauty,234.99,5,0,0.0,1174.95,1174.95,Debit Card,27,3,False,East,3861.17
4882,07-15-24,3046,46,Male,Home & Garden,76.71,9,20,138.08,690.39,552.31,Mobile Wallet,28,3,True,North,1539.63
4883,05-23-24,4822,42,Male,Beauty,61.15,4,10,24.46,244.6,220.14,Mobile Wallet,10,4,False,North,323.01
4884,08-01-23,3819,55,Female,Home & Garden,15.58,1,10,1.56,15.58,14.02,Mobile Wallet,4,5,False,West,554.36
4885,12-05-24,1902,3,Female,Home & Garden,2.49,4,10,1.0,9.96,8.96,Credit Card,16,4,False,East,125.24
4886,05-07-24,1364,25,Female,Beauty,192.64,5,5,48.16,963.2,915.04,Debit Card,16,3,False,North,1345.72
4887,12-05-23,1162,36,Male,Beauty,8.0,8,0,0.0,64.0,64.0,Mobile Wallet,29,4,False,South,444.51
4888,08-29-23,4119,43,Female,Beauty,88.76,5,10,44.38,443.8,399.42,PayPal,12,5,True,South,516.06
4889,01-03-23,3558,13,Male,Electronics,11.0,9,20,19.8,99.0,79.2,PayPal,6,4,True,West,301.15
4890,01-14-23,4400,41,Other,Beauty,23.43,6,5,7.03,140.58,133.55,Debit Card,7,5,False,East,133.55
4891,11-18-24,2863,26,Female,Clothing,59.14,8,10,47.31,473.12,425.81,Mobile Wallet,23,4,False,West,1622.17
4892,04-02-23,1115,7,Other,Books,145.35,3,0,0.0,436.05,436.05,Credit Card,8,5,False,South,1179.77
4893,04-24-23,3988,23,Male,Home & Garden,1.0,3,5,0.15,3.0,2.85,Mobile Wallet,6,5,False,South,64.13
4894,08-10-24,4920,42,Other,Beauty,15.11,9,15,20.4,135.99,115.59,Debit Card,7,4,False,West,403.52
4895,11-16-24,3384,7,Female,Clothing,72.4,6,20,86.88,434.4,347.52,Credit Card,9,5,False,East,389.89
4896,05-20-24,1880,44,Other,Sports,9.52,4,0,0.0,38.08,38.08,PayPal,16,5,False,North,2160.99
4897,06-02-23,3784,39,Other,Beauty,5.91,8,15,7.09,47.28,40.19,Mobile Wallet,22,5,False,West,220.96
4898,04-03-23,4935,31,Other,Electronics,2.36,4,0,0.0,9.44,9.44,Mobile Wallet,13,5,True,West,153.44
4899,06-07-24,1839,10,Male,Home & Garden,34.91,4,20,27.93,139.64,111.71,PayPal,15,5,False,West,248.71
4900,03-18-23,3194,11,Female,Clothing,72.99,7,10,51.09,510.93,459.84,Debit Card,18,5,True,East,643.87
4901,04-14-23,4646,29,Male,Beauty,163.16,7,15,171.32,1142.12,970.8,Credit Card,4,1,False,West,1502.55
4902,09-20-23,4877,18,Other,Clothing,15.56,8,15,18.67,124.48,105.81,PayPal,5,3,False,East,359.64
4903,10-21-24,2346,29,Other,Home & Garden,6.47,7,5,2.26,45.29,43.03,Credit Card,8,3,False,North,244.99
4904,08-25-23,3490,48,Male,Clothing,25.75,8,10,20.6,206.0,185.4,Debit Card,4,2,False,North,208.01
4905,04-12-24,3884,30,Male,Clothing,2.85,8,20,4.56,22.8,18.24,Credit Card,17,5,False,West,1247.1
4906,10-31-23,2036,30,Other,Beauty,20.13,7,5,7.05,140.91,133.86,Credit Card,17,2,False,North,1080.02
4907,09-28-23,1942,30,Female,Beauty,51.51,1,15,7.73,51.51,43.78,Mobile Wallet,2,3,False,West,526.28
4908,04-20-24,4565,50,Male,Books,9.21,4,0,0.0,36.84,36.84,PayPal,24,4,False,South,885.29
4909,02-21-23,2724,54,Other,Electronics,49.97,3,20,29.98,149.91,119.93,Credit Card,16,5,False,North,852.14
4910,04-13-23,3334,41,Other,Books,178.69,9,5,80.41,1608.21,1527.8,Credit Card,19,5,False,South,3436.42
4911,06-28-23,3767,37,Female,Electronics,99.83,8,10,79.86,798.64,718.78,PayPal,22,5,True,North,912.91
4912,02-10-23,2137,38,Other,Electronics,22.07,9,0,0.0,198.63,198.63,PayPal,7,5,False,West,614.37
4913,10-25-23,3527,56,Male,Books,27.37,5,5,6.84,136.85,130.01,Debit Card,11,4,False,East,583.32
4914,01-04-24,1021,42,Other,Home & Garden,27.18,5,20,27.18,135.9,108.72,PayPal,1,5,False,North,1046.95
4915,11-24-24,4420,57,Other,Clothing,98.27,5,0,0.0,491.35,491.35,Credit Card,21,3,False,East,1139.65
4916,11-17-23,2749,28,Other,Sports,254.38,2,5,25.44,508.76,483.32,Mobile Wallet,18,4,True,West,1850.82
4917,03-12-24,1682,14,Other,Books,87.41,7,5,30.59,611.87,581.28,Debit Card,7,5,False,West,581.28
4918,04-29-23,4906,24,Female,Books,40.84,8,20,65.34,326.72,261.38,PayPal,28,3,False,East,693.3
4919,04-08-23,4637,26,Male,Home & Garden,5.12,5,10,2.56,25.6,23.04,PayPal,28,5,False,North,471.53
4920,02-16-23,3953,59,Other,Clothing,154.48,8,0,0.0,1235.84,1235.84,PayPal,13,4,False,South,1990.66
4921,01-10-23,2833,46,Male,Beauty,98.32,6,5,29.5,589.92,560.42,Debit Card,3,3,False,South,582.74
4922,05-22-23,3367,25,Female,Books,92.07,4,20,73.66,368.28,294.62,Debit Card,9,4,False,West,309.54
4923,11-10-24,1125,47,Male,Sports,24.86,7,5,8.7,174.02,165.32,PayPal,17,5,False,West,774.04
4924,10-24-24,1276,33,Female,Clothing,29.64,8,20,47.42,237.12,189.7,Debit Card,2,2,False,West,363.61
4925,06-24-23,2999,59,Male,Books,6.37,9,20,11.47,57.33,45.86,Mobile Wallet,15,4,False,South,191.87
4926,12-03-23,2227,29,Male,Beauty,138.93,5,5,34.73,694.65,659.92,Credit Card,9,5,False,West,872.16
4927,01-02-24,3241,11,Other,Books,143.44,9,20,258.19,1290.96,1032.77,Mobile Wallet,7,5,False,West,2956.18
4928,03-24-24,4752,32,Male,Beauty,14.68,8,0,0.0,117.44,117.44,Credit Card,19,4,False,West,954.49
4929,09-28-24,4735,30,Other,Electronics,59.54,1,20,11.91,59.54,47.63,Debit Card,11,4,True,East,1624.08
4930,10-02-23,4618,14,Other,Electronics,11.38,8,10,9.1,91.04,81.94,PayPal,24,5,False,West,556.47
4931,04-06-23,1695,43,Male,Books,24.96,8,10,19.97,199.68,179.71,Debit Card,21,3,False,South,179.71
4932,01-17-24,2309,56,Other,Home & Garden,18.0,7,20,25.2,126.0,100.8,Mobile Wallet,18,5,False,East,100.8
4933,12-17-23,1056,18,Male,Electronics,24.68,1,0,0.0,24.68,24.68,Mobile Wallet,26,4,False,North,24.68
4934,07-07-23,4805,49,Other,Books,18.48,6,15,16.63,110.88,94.25,Debit Card,17,3,False,South,1680.78
4935,04-27-23,4374,25,Other,Beauty,21.18,2,15,6.35,42.36,36.01,PayPal,22,1,False,West,624.01
4936,02-15-24,4234,34,Female,Clothing,78.29,6,0,0.0,469.74,469.74,PayPal,4,2,False,North,1780.42
4937,02-14-24,1018,33,Female,Beauty,17.84,2,10,3.57,35.68,32.11,Credit Card,2,5,False,North,1186.82
4938,04-12-24,4441,34,Male,Sports,84.29,2,20,33.72,168.58,134.86,Mobile Wallet,17,5,False,East,421.5
4939,10-06-23,3311,42,Other,Electronics,41.96,7,5,14.69,293.72,279.03,Credit Card,23,3,False,West,408.56
4940,01-30-24,3841,19,Female,Books,75.81,1,20,15.16,75.81,60.65,Debit Card,20,5,False,East,336.79
4941,12-07-24,1112,54,Female,Electronics,125.6,5,20,125.6,628.0,502.4,Credit Card,1,5,False,West,573.94
4942,05-04-24,4559,42,Female,Beauty,7.45,1,15,1.12,7.45,6.33,PayPal,13,3,False,West,6.33
4943,03-07-24,4398,47,Other,Beauty,21.07,9,20,37.93,189.63,151.7,Mobile Wallet,10,4,False,East,898.38
4944,10-26-24,1541,23,Male,Clothing,2.86,5,15,2.14,14.3,12.16,PayPal,17,3,False,West,357.53
4945,06-20-23,3694,18,Other,Home & Garden,26.12,5,5,6.53,130.6,124.07,Credit Card,23,5,False,East,134.06
4946,04-26-23,1578,52,Other,Books,13.55,4,20,10.84,54.2,43.36,Debit Card,21,5,False,South,244.31
4947,05-16-23,2088,17,Female,Clothing,42.39,3,0,0.0,127.17,127.17,Credit Card,17,4,False,East,506.38
4948,12-13-24,4363,37,Other,Sports,76.48,8,20,122.37,611.84,489.47,PayPal,11,5,False,North,1051.17
4949,03-02-23,1024,50,Other,Books,33.31,7,0,0.0,233.17,233.17,Mobile Wallet,9,5,False,South,358.51
4950,06-13-23,2572,33,Female,Sports,20.29,9,15,27.39,182.61,155.22,Credit Card,3,5,False,South,1681.08
4951,04-17-23,3048,52,Female,Home & Garden,8.28,6,20,9.94,49.68,39.74,Mobile Wallet,10,5,False,West,672.38
4952,03-02-24,3958,30,Other,Books,1.36,1,15,0.2,1.36,1.16,Mobile Wallet,17,4,True,South,1402.83
4953,08-27-24,2572,15,Female,Books,56.64,5,0,0.0,283.2,283.2,Credit Card,16,1,False,South,1681.08
4954,05-09-24,1140,40,Male,Clothing,1.55,5,15,1.16,7.75,6.59,PayPal,16,5,False,East,836.91
4955,08-05-24,2767,37,Male,Electronics,126.81,7,10,88.77,887.67,798.9,Debit Card,15,5,False,South,1248.29
4956,11-25-24,1647,75,Male,Books,45.1,1,0,0.0,45.1,45.1,PayPal,13,5,False,South,45.1
4957,03-24-24,4972,20,Male,Home & Garden,21.79,1,15,3.27,21.79,18.52,Credit Card,2,1,False,South,1021.68
4958,07-05-23,3235,31,Male,Books,2.14,6,20,2.57,12.84,10.27,Mobile Wallet,26,5,False,East,681.44
4959,09-17-24,4199,24,Female,Books,26.68,6,15,24.01,160.08,136.07,PayPal,6,5,False,East,545.74
4960,01-24-24,1200,32,Female,Books,100.98,9,5,45.44,908.82,863.38,Debit Card,3,4,False,South,1001.7
4961,01-03-24,4198,32,Male,Books,175.03,3,0,0.0,525.09,525.09,Mobile Wallet,26,5,False,South,1525.73
4962,09-18-24,1256,21,Male,Home & Garden,4.44,5,15,3.33,22.2,18.87,Debit Card,24,5,False,West,779.46
4963,01-30-23,4747,42,Male,Clothing,75.06,5,10,37.53,375.3,337.77,Mobile Wallet,1,1,True,North,2607.07
4964,12-01-24,1546,31,Female,Electronics,14.94,1,5,0.75,14.94,14.19,Debit Card,17,3,False,South,934.16
4965,05-14-23,3241,55,Female,Home & Garden,23.86,6,0,0.0,143.16,143.16,Debit Card,24,5,False,North,2956.18
4966,05-09-24,3750,25,Other,Home & Garden,39.67,4,5,7.93,158.68,150.75,Credit Card,27,1,True,North,457.43
4967,05-14-24,4175,62,Other,Sports,262.27,6,20,314.72,1573.62,1258.9,Credit Card,1,5,False,West,1473.47
4968,04-26-23,4606,39,Other,Electronics,11.71,8,10,9.37,93.68,84.31,Mobile Wallet,11,1,False,South,209.71
4969,02-26-24,4336,54,Other,Clothing,6.99,8,20,11.18,55.92,44.74,Credit Card,4,5,False,East,568.48
4970,03-27-24,1801,36,Female,Beauty,45.19,3,15,20.34,135.57,115.23,Credit Card,11,5,False,East,487.31
4971,02-17-23,1941,23,Female,Clothing,95.88,9,5,43.15,862.92,819.77,Debit Card,13,5,True,South,1171.55
4972,03-06-23,4455,31,Female,Beauty,52.24,4,20,41.79,208.96,167.17,Mobile Wallet,29,5,False,North,442.05
4973,09-25-23,4331,14,Female,Sports,21.35,1,15,3.2,21.35,18.15,Debit Card,22,2,False,East,1901.05
4974,11-01-24,1413,33,Male,Sports,188.58,9,10,169.72,1697.22,1527.5,Credit Card,17,3,False,East,1527.5
4975,11-18-23,3014,37,Other,Home & Garden,265.24,5,20,265.24,1326.2,1060.96,Credit Card,20,5,False,North,2359.01
4976,01-13-23,2381,35,Female,Clothing,73.63,8,5,29.45,589.04,559.59,PayPal,29,5,False,West,591.75
4977,12-22-24,2098,54,Female,Beauty,81.08,7,20,113.51,567.56,454.05,Debit Card,21,2,False,West,1495.52
4978,11-25-24,4426,32,Other,Clothing,71.53,5,10,35.76,357.65,321.89,Credit Card,13,5,False,East,1027.19
4979,06-21-24,4655,6,Female,Beauty,14.9,8,15,17.88,119.2,101.32,Mobile Wallet,17,4,False,North,1309.4
4980,08-13-24,4842,88,Male,Clothing,8.14,1,20,1.63,8.14,6.51,Mobile Wallet,2,4,False,South,6.51
4981,08-01-24,1909,24,Female,Home & Garden,40.41,4,20,32.33,161.64,129.31,Credit Card,2,2,False,North,519.22
4982,08-18-23,1187,49,Other,Beauty,154.11,5,0,0.0,770.55,770.55,Credit Card,22,4,False,East,1242.39
4983,11-16-24,4756,12,Male,Clothing,105.31,4,15,63.19,421.24,358.05,Credit Card,18,4,False,West,508.52
4984,12-13-23,3015,38,Male,Books,5.65,6,0,0.0,33.9,33.9,Mobile Wallet,6,5,False,South,398.79
4985,06-15-24,2313,23,Other,Sports,2.93,9,0,0.0,26.37,26.37,Credit Card,25,5,False,South,89.59
4986,06-19-24,3092,-7,Other,Sports,103.48,1,10,10.35,103.48,93.13,Debit Card,2,4,True,East,105.71
4987,12-05-24,4644,30,Male,Beauty,47.47,2,10,9.49,94.94,85.45,PayPal,23,1,False,West,871.4
4988,12-18-24,3130,34,Female,Sports,18.14,1,5,0.91,18.14,17.23,PayPal,11,3,False,East,342.82
4989,09-25-24,2146,31,Other,Sports,41.25,7,15,43.31,288.75,245.44,PayPal,17,3,False,North,334.0
4990,04-08-23,1357,38,Male,Books,12.53,2,15,3.76,25.06,21.3,Debit Card,9,5,False,West,83.03
4991,03-19-24,2551,30,Other,Electronics,146.83,9,10,132.15,1321.47,1189.32,Credit Card,20,5,False,West,2078.6
4992,11-08-24,2089,36,Female,Clothing,87.78,8,10,70.22,702.24,632.02,PayPal,5,5,False,North,1387.25
4993,09-12-23,3983,37,Female,Beauty,163.82,1,0,0.0,163.82,163.82,Mobile Wallet,20,3,True,West,601.29
4994,05-08-24,2680,34,Male,Sports,10.35,3,10,3.1,31.05,27.95,Credit Card,15,5,False,South,783.81
4995,12-21-23,3422,32,Female,Clothing,92.79,6,20,111.35,556.74,445.39,Mobile Wallet,26,3,False,South,445.39
4996,11-10-24,1161,21,Female,Clothing,41.08,3,15,18.49,123.24,104.75,PayPal,25,4,False,East,713.84
4997,11-23-24,4817,43,Female,Books,19.65,9,5,8.84,176.85,168.01,Debit Card,17,5,False,North,168.01
4998,10-18-24,4451,30,Other,Clothing,32.66,2,0,0.0,65.32,65.32,PayPal,10,2,False,South,466.38
4999,01-30-24,4727,29,Male,Sports,144.46,6,20,173.35,866.76,693.41,PayPal,6,4,False,West,842.75
5000,06-02-23,4429,42,Male,Beauty,58.79,2,10,11.76,117.58,105.82,Credit Card,13,3,True,West,151.67
5001,07-25-24,4259,38,Male,Clothing,22.31,3,5,3.35,66.93,63.58,Credit Card,28,4,False,East,491.45
5002,09-19-24,3369,24,Female,Books,460.36,9,10,414.32,4143.24,3728.92,PayPal,21,4,False,West,4631.18
5003,02-25-23,1449,53,Other,Beauty,21.21,9,20,38.18,190.89,152.71,Debit Card,16,5,False,North,273.76
5004,01-12-23,2497,17,Male,Beauty,84.03,2,5,8.4,168.06,159.66,Mobile Wallet,24,4,True,South,214.69
5005,10-20-24,2036,19,Other,Beauty,76.71,8,10,61.37,613.68,552.31,Mobile Wallet,2,4,False,East,1080.02
5006,06-10-23,3231,45,Male,Sports,64.17,3,20,38.5,192.51,154.01,Debit Card,28,5,False,East,934.21
5007,06-01-24,3158,61,Female,Books,55.35,2,20,22.14,110.7,88.56,Credit Card,20,5,False,South,1915.25
5008,04-25-24,2950,26,Male,Home & Garden,5.75,8,5,2.3,46.0,43.7,PayPal,5,5,False,South,1553.75
5009,05-22-24,3555,41,Male,Electronics,264.48,3,20,158.69,793.44,634.75,PayPal,24,4,False,North,851.88
5010,06-19-23,2313,17,Female,Clothing,8.78,8,10,7.02,70.24,63.22,PayPal,29,5,False,West,89.59
5011,03-18-23,3342,21,Female,Clothing,45.33,6,5,13.6,271.98,258.38,Mobile Wallet,17,5,False,West,258.38
5012,05-18-24,4522,51,Male,Clothing,14.33,1,0,0.0,14.33,14.33,Debit Card,7,2,False,South,1400.25
5013,11-25-23,3951,40,Other,Home & Garden,9.24,2,20,3.7,18.48,14.78,Debit Card,24,1,False,West,29.32
5014,09-04-23,2238,52,Female,Beauty,40.99,2,10,8.2,81.98,73.78,PayPal,17,5,False,South,134.12
5015,12-05-23,1973,51,Male,Beauty,90.5,7,5,31.68,633.5,601.82,PayPal,5,5,False,West,1329.81
5016,10-12-23,1631,3,Female,Electronics,23.66,6,0,0.0,141.96,141.96,Debit Card,6,5,False,South,208.67
5017,02-21-23,4965,17,Other,Books,4.02,2,0,0.0,8.04,8.04,Mobile Wallet,10,5,False,West,14.08
5018,06-03-24,2590,39,Male,Home & Garden,48.88,1,15,7.33,48.88,41.55,Credit Card,5,5,False,North,1395.98
5019,08-17-23,2050,9,Male,Home & Garden,72.71,5,15,54.53,363.55,309.02,PayPal,14,3,False,East,318.51
5020,07-17-24,4701,19,Other,Sports,17.55,2,5,1.76,35.1,33.34,Debit Card,25,4,False,West,883.21
5021,10-20-24,3780,56,Other,Beauty,58.65,6,20,70.38,351.9,281.52,Mobile Wallet,20,4,False,South,809.78
5022,01-23-24,4302,26,Male,Home & Garden,3.94,2,10,0.79,7.88,7.09,Credit Card,14,3,False,North,203.91
5023,02-17-24,2588,45,Other,Home & Garden,22.43,9,20,40.37,201.87,161.5,Debit Card,2,5,True,North,161.5
5024,08-29-23,4878,34,Other,Clothing,32.14,5,10,16.07,160.7,144.63,PayPal,9,2,True,East,530.47
5025,03-22-23,3368,24,Male,Beauty,76.15,7,10,53.3,533.05,479.75,Debit Card,18,5,False,North,1377.69
5026,04-15-24,3960,10,Female,Sports,20.64,4,15,12.38,82.56,70.18,Mobile Wallet,18,5,False,East,160.84
5027,03-30-24,4304,38,Other,Books,30.23,2,15,9.07,60.46,51.39,PayPal,28,4,False,West,766.46
5028,08-09-24,2693,56,Female,Electronics,49.49,3,20,29.69,148.47,118.78,Debit Card,22,4,False,West,1129.73
5029,04-03-24,1436,25,Female,Books,48.92,5,5,12.23,244.6,232.37,Debit Card,9,2,True,West,232.37
5030,04-01-23,3828,36,Female,Sports,36.47,1,10,3.65,36.47,32.82,PayPal,5,1,False,South,1858.8
5031,05-25-24,2556,12,Other,Clothing,19.91,4,15,11.95,79.64,67.69,PayPal,26,1,False,West,136.18
5032,04-02-24,4474,24,Male,Electronics,55.42,4,5,11.08,221.68,210.6,Mobile Wallet,18,3,False,East,1045.8
5033,11-20-23,2076,40,Male,Books,90.75,2,15,27.22,181.5,154.28,PayPal,12,5,False,West,584.42
5034,05-02-23,4858,46,Male,Beauty,8.35,9,10,7.52,75.15,67.63,Mobile Wallet,6,4,False,North,1165.29
5035,05-24-24,4384,43,Male,Beauty,20.81,6,0,0.0,124.86,124.86,Debit Card,17,2,False,East,1144.49
5036,10-31-24,2304,4,Male,Electronics,55.24,9,15,74.57,497.16,422.59,PayPal,14,5,False,West,567.86
5037,01-19-23,3773,28,Male,Electronics,70.48,6,5,21.14,422.88,401.74,Mobile Wallet,10,4,False,South,2324.83
5038,04-16-23,3078,20,Female,Electronics,76.04,2,20,30.42,152.08,121.66,Debit Card,26,1,True,East,286.72
5039,02-18-24,3384,30,Female,Home & Garden,52.96,1,20,10.59,52.96,42.37,Credit Card,19,5,False,East,389.89
5040,02-27-24,1182,33,Female,Sports,32.53,4,10,13.01,130.12,117.11,Debit Card,3,4,False,East,331.39
5041,02-06-23,4094,50,Other,Beauty,51.89,1,0,0.0,51.89,51.89,PayPal,10,4,False,South,527.27
5042,07-24-24,3591,39,Other,Beauty,7.25,8,15,8.7,58.0,49.3,Mobile Wallet,14,5,False,West,198.79
5043,07-16-24,2469,56,Other,Sports,11.64,1,15,1.75,11.64,9.89,Credit Card,15,2,False,North,575.7
5044,01-01-23,4145,24,Male,Clothing,131.23,5,0,0.0,656.15,656.15,Mobile Wallet,16,5,False,North,1050.48
5045,04-04-23,4081,13,Female,Beauty,127.66,9,10,114.89,1148.94,1034.05,Mobile Wallet,6,3,False,South,3037.37
5046,09-10-24,4555,56,Other,Books,64.35,1,10,6.44,64.35,57.91,Credit Card,14,5,False,North,89.56
5047,09-25-24,2479,41,Female,Clothing,19.8,4,5,3.96,79.2,75.24,Credit Card,4,5,False,East,657.19
5048,10-14-24,2589,23,Male,Books,52.33,8,5,20.93,418.64,397.71,Mobile Wallet,13,4,False,East,779.47
5049,11-08-23,2587,41,Female,Electronics,58.2,8,5,23.28,465.6,442.32,PayPal,27,5,False,North,1020.96
5050,06-04-24,1659,47,Male,Beauty,36.19,1,10,3.62,36.19,32.57,Credit Card,27,5,False,East,380.0
5051,07-29-24,1159,36,Other,Books,69.02,8,15,82.82,552.16,469.34,PayPal,8,5,False,South,1269.17
5052,07-31-23,4953,24,Male,Books,1.51,3,20,0.91,4.53,3.62,Credit Card,23,5,True,East,493.51
5053,11-01-24,4085,28,Male,Electronics,14.8,7,10,10.36,103.6,93.24,Mobile Wallet,9,4,False,South,599.93
5054,11-18-24,4249,39,Female,Clothing,79.1,1,0,0.0,79.1,79.1,Credit Card,21,4,False,West,1688.21
5055,04-12-24,3459,37,Male,Books,139.6,5,20,139.6,698.0,558.4,Mobile Wallet,11,4,False,East,667.78
5056,12-16-23,4949,53,Other,Beauty,104.41,4,10,41.76,417.64,375.88,Credit Card,5,5,False,West,375.88
5057,01-08-24,2011,30,Other,Clothing,63.03,4,10,25.21,252.12,226.91,Credit Card,5,2,False,North,741.74
5058,02-25-23,1052,20,Male,Clothing,9.05,5,5,2.26,45.25,42.99,Credit Card,25,5,False,North,636.39
5059,08-17-23,3455,73,Female,Sports,23.0,3,15,10.35,69.0,58.65,Debit Card,18,1,False,East,80.13
5060,04-10-24,3894,37,Other,Beauty,2.58,7,15,2.71,18.06,15.35,Credit Card,16,3,False,South,17.05
5061,12-06-23,2045,47,Other,Beauty,51.06,2,20,20.42,102.12,81.7,Debit Card,23,4,False,South,595.33
5062,07-27-24,2053,42,Male,Electronics,29.88,1,10,2.99,29.88,26.89,PayPal,26,3,False,South,938.77
5063,09-26-24,3750,37,Male,Electronics,42.55,6,5,12.76,255.3,242.54,PayPal,19,4,False,South,457.43
5064,09-06-24,3307,31,Other,Home & Garden,194.01,1,0,0.0,194.01,194.01,Credit Card,24,4,False,South,322.04
5065,04-29-24,2228,-7,Male,Beauty,25.73,7,10,18.01,180.11,162.1,PayPal,9,3,False,South,342.77
5066,11-03-24,4130,19,Male,Clothing,18.32,8,5,7.33,146.56,139.23,Credit Card,11,4,False,South,840.99
5067,01-08-24,2494,39,Other,Home & Garden,8.16,2,0,0.0,16.32,16.32,Debit Card,11,4,False,North,507.0
5068,04-08-24,3823,-5,Female,Beauty,7.75,4,0,0.0,31.0,31.0,PayPal,14,4,False,West,197.13
5069,04-27-23,2489,36,Female,Electronics,36.55,7,20,51.17,255.85,204.68,Mobile Wallet,10,5,False,West,848.74
5070,04-10-23,2035,44,Other,Electronics,69.16,6,15,62.24,414.96,352.72,Credit Card,9,4,False,North,1111.47
5071,11-05-24,4702,47,Male,Beauty,41.56,2,15,12.47,83.12,70.65,Credit Card,5,3,False,North,1734.64
5072,08-16-23,2950,43,Other,Home & Garden,103.29,4,20,82.63,413.16,330.53,PayPal,26,4,False,North,1553.75
5073,01-03-23,4361,49,Other,Electronics,18.98,3,10,5.69,56.94,51.25,PayPal,27,1,False,East,498.85
5074,12-16-23,1849,59,Male,Electronics,45.2,9,5,20.34,406.8,386.46,PayPal,11,2,False,South,959.75
5075,12-30-23,4831,51,Female,Sports,54.12,6,15,48.71,324.72,276.01,Credit Card,28,5,True,West,902.31
5076,10-10-24,1353,37,Female,Books,16.47,2,20,6.59,32.94,26.35,Mobile Wallet,9,4,False,North,26.35
5077,10-26-23,4710,32,Male,Beauty,25.23,2,15,7.57,50.46,42.89,Credit Card,13,2,False,South,1463.01
5078,07-14-24,2098,36,Other,Sports,44.69,3,15,20.11,134.07,113.96,Credit Card,29,4,False,South,1495.52
5079,06-18-24,3920,30,Male,Books,1.06,5,15,0.8,5.3,4.5,Debit Card,19,4,False,South,701.07
5080,01-18-24,2739,51,Other,Beauty,108.85,6,10,65.31,653.1,587.79,Credit Card,8,3,False,South,587.79
5081,12-19-24,4632,43,Male,Sports,5.89,5,20,5.89,29.45,23.56,Credit Card,23,4,False,East,434.27
5082,04-19-23,4662,29,Male,Sports,2.44,1,15,0.37,2.44,2.07,Credit Card,4,3,False,West,436.26
5083,02-16-23,2464,54,Female,Beauty,12.11,1,15,1.82,12.11,10.29,Mobile Wallet,12,4,False,South,2335.55
5084,06-18-23,1990,30,Female,Clothing,34.89,7,20,48.85,244.23,195.38,PayPal,25,4,False,North,399.37
5085,05-19-24,2264,20,Male,Home & Garden,19.93,7,0,0.0,139.51,139.51,Credit Card,7,5,False,North,268.87
5086,05-24-23,4065,34,Male,Beauty,29.0,6,10,17.4,174.0,156.6,Debit Card,24,5,False,East,173.72
5087,02-24-24,2884,22,Female,Sports,4.4,9,10,3.96,39.6,35.64,Debit Card,27,3,False,East,559.23
5088,04-20-23,4225,49,Other,Clothing,13.27,2,5,1.33,26.54,25.21,PayPal,8,4,False,West,413.96
5089,09-18-23,2809,22,Female,Sports,5.14,1,5,0.26,5.14,4.88,Debit Card,19,4,False,South,259.12
5090,09-17-24,4167,33,Other,Home & Garden,13.05,6,0,0.0,78.3,78.3,Debit Card,23,4,True,East,381.18
5091,07-20-23,4797,49,Female,Clothing,60.75,6,5,18.23,364.5,346.27,Mobile Wallet,8,5,False,East,2403.94
5092,07-12-23,3341,24,Female,Beauty,42.82,9,15,57.81,385.38,327.57,Credit Card,19,3,False,North,626.88
5093,05-04-23,3256,41,Other,Books,20.32,1,15,3.05,20.32,17.27,Credit Card,25,5,False,East,398.66
5094,02-07-24,4414,20,Male,Home & Garden,15.14,1,5,0.76,15.14,14.38,Credit Card,29,3,False,North,346.32
5095,08-09-23,2111,38,Female,Electronics,300.13,6,10,180.08,1800.78,1620.7,Credit Card,26,2,False,West,2569.22
5096,04-13-24,1817,43,Female,Beauty,73.02,5,0,0.0,365.1,365.1,Credit Card,4,5,False,West,623.06
5097,07-15-23,2799,34,Female,Beauty,86.31,6,15,77.68,517.86,440.18,Debit Card,29,4,False,North,1568.57
5098,12-13-23,2960,35,Male,Beauty,1.34,6,0,0.0,8.04,8.04,Mobile Wallet,10,4,True,North,890.5
5099,04-21-23,3437,41,Female,Clothing,3.07,4,5,0.61,12.28,11.67,Credit Card,15,5,False,West,260.28
5100,02-29-24,3372,30,Male,Electronics,62.35,8,20,99.76,498.8,399.04,Debit Card,23,5,False,South,946.24
5101,02-17-23,3987,48,Female,Clothing,10.65,5,0,0.0,53.25,53.25,PayPal,8,5,False,North,796.42
5102,10-10-24,1888,55,Other,Books,27.73,6,0,0.0,166.38,166.38,Debit Card,15,3,False,East,1651.04
5103,11-19-24,2855,21,Female,Clothing,10.18,2,5,1.02,20.36,19.34,Mobile Wallet,16,3,False,West,2514.91
5104,08-25-24,2180,61,Female,Beauty,9.74,1,5,0.49,9.74,9.25,Credit Card,24,4,False,East,155.29
5105,05-07-23,1667,30,Male,Sports,5.77,8,15,6.92,46.16,39.24,Credit Card,21,5,False,West,236.16
5106,04-06-24,4722,64,Male,Electronics,45.1,6,20,54.12,270.6,216.48,Credit Card,7,4,False,North,801.16
5107,04-13-24,1632,30,Male,Electronics,67.22,9,20,121.0,604.98,483.98,Mobile Wallet,8,2,False,North,1320.74
5108,11-05-24,3624,45,Other,Clothing,2.93,5,0,0.0,14.65,14.65,PayPal,29,5,False,North,125.63
5109,08-26-24,2642,45,Other,Sports,16.12,8,20,25.79,128.96,103.17,PayPal,13,5,False,North,523.42
5110,05-31-24,4730,29,Male,Sports,53.7,7,5,18.8,375.9,357.1,Debit Card,13,5,False,North,1750.17
5111,05-18-23,1136,36,Other,Clothing,24.91,1,5,1.25,24.91,23.66,Debit Card,27,4,True,West,994.9
5112,05-25-24,2946,56,Male,Home & Garden,60.98,7,5,21.34,426.86,405.52,Credit Card,29,3,False,East,519.06
5113,01-05-23,2697,30,Other,Books,71.2,4,0,0.0,284.8,284.8,Credit Card,2,5,False,South,285.62
5114,06-27-24,1427,28,Male,Clothing,1.64,6,10,0.98,9.84,8.86,Credit Card,26,5,False,West,251.62
5115,02-19-23,2475,17,Male,Beauty,23.97,9,5,10.79,215.73,204.94,Debit Card,20,2,False,North,324.38
5116,07-20-24,3659,58,Other,Sports,65.31,9,20,117.56,587.79,470.23,Credit Card,15,4,False,North,1536.4
5117,03-19-24,4921,27,Female,Books,23.77,9,20,42.79,213.93,171.14,Debit Card,6,1,False,South,614.5
5118,08-22-24,3958,52,Male,Clothing,0.29,5,5,0.07,1.45,1.38,Debit Card,25,3,True,North,1402.83
5119,05-09-24,1818,25,Male,Books,20.5,4,10,8.2,82.0,73.8,Mobile Wallet,18,2,False,East,73.8
5120,06-04-24,3188,52,Female,Home & Garden,103.04,6,0,0.0,618.24,618.24,Credit Card,7,3,False,East,920.09
5121,07-01-23,2106,47,Male,Sports,151.76,5,5,37.94,758.8,720.86,Credit Card,2,4,False,South,825.47
5122,12-09-24,3224,31,Male,Home & Garden,41.11,5,0,0.0,205.55,205.55,Debit Card,26,3,False,North,691.77
5123,08-15-24,1197,23,Other,Home & Garden,18.29,8,10,14.63,146.32,131.69,Debit Card,2,2,False,North,771.29
5124,06-27-23,3671,25,Female,Sports,31.37,5,5,7.84,156.85,149.01,Debit Card,1,4,False,East,361.76
5125,05-12-23,4639,25,Male,Beauty,13.47,1,5,0.67,13.47,12.8,Mobile Wallet,25,5,False,East,415.19
5126,04-17-23,2995,50,Male,Home & Garden,9.2,5,5,2.3,46.0,43.7,Mobile Wallet,22,2,False,North,140.81
5127,02-01-24,3738,37,Female,Clothing,34.02,5,15,25.52,170.1,144.58,Debit Card,29,5,False,North,182.12
5128,11-04-24,4492,18,Female,Clothing,66.72,5,5,16.68,333.6,316.92,Mobile Wallet,14,5,False,North,316.92
5129,09-06-24,3448,31,Other,Books,12.58,3,5,1.89,37.74,35.85,Mobile Wallet,2,4,False,North,545.4
5130,09-12-24,4769,33,Other,Clothing,120.14,9,10,108.13,1081.26,973.13,PayPal,10,4,False,North,1263.43
5131,11-26-23,1470,2,Other,Clothing,9.21,5,10,4.61,46.05,41.44,Credit Card,4,4,False,East,866.21
5132,05-31-24,3265,32,Male,Books,40.87,2,15,12.26,81.74,69.48,Debit Card,4,4,False,West,576.31
5133,01-29-24,2948,45,Female,Electronics,74.89,5,5,18.72,374.45,355.73,PayPal,28,2,False,East,1758.88
5134,03-04-24,1928,32,Other,Sports,12.0,9,20,21.6,108.0,86.4,PayPal,23,2,False,East,797.16
5135,09-15-24,4899,38,Female,Clothing,17.58,8,0,0.0,140.64,140.64,Mobile Wallet,7,4,False,West,541.16
5136,12-10-24,3010,42,Male,Books,2.64,6,5,0.79,15.84,15.05,Debit Card,20,5,False,East,703.35
5137,09-12-23,4800,29,Male,Home & Garden,144.07,9,15,194.49,1296.63,1102.14,Mobile Wallet,5,3,False,South,1203.11
5138,10-08-23,3679,45,Female,Home & Garden,33.37,7,20,46.72,233.59,186.87,PayPal,27,5,False,East,870.76
5139,02-12-24,3998,56,Female,Beauty,3.32,2,10,0.66,6.64,5.98,PayPal,12,4,False,West,451.63
5140,12-18-23,1905,12,Other,Clothing,88.64,1,0,0.0,88.64,88.64,PayPal,12,5,False,North,325.93
5141,10-29-23,3222,29,Female,Sports,42.12,3,15,18.95,126.36,107.41,Credit Card,25,4,False,East,437.2
5142,04-08-24,1022,69,Other,Books,2.84,4,10,1.14,11.36,10.22,Debit Card,6,4,False,East,269.15
5143,05-17-23,4796,37,Female,Beauty,29.97,9,5,13.49,269.73,256.24,Credit Card,18,3,False,West,399.46
5144,05-22-23,4988,34,Female,Beauty,28.49,5,15,21.37,142.45,121.08,PayPal,29,4,False,East,694.67
5145,02-27-24,1234,31,Female,Books,7.9,2,5,0.79,15.8,15.01,PayPal,2,2,False,South,336.36
5146,09-08-24,4084,54,Male,Books,27.27,5,15,20.45,136.35,115.9,PayPal,19,4,True,East,879.31
5147,12-17-24,2124,20,Male,Books,16.62,2,15,4.99,33.24,28.25,Credit Card,29,4,False,East,306.74
5148,06-08-24,1928,48,Male,Books,60.19,9,5,27.09,541.71,514.62,Mobile Wallet,27,5,False,North,797.16
5149,11-03-23,4607,30,Other,Sports,0.28,6,15,0.25,1.68,1.43,Debit Card,16,4,False,North,460.96
5150,12-19-24,4947,23,Other,Books,5.62,5,10,2.81,28.1,25.29,Mobile Wallet,23,5,False,West,37.68
5151,07-14-24,1522,31,Male,Sports,125.45,2,10,25.09,250.9,225.81,Mobile Wallet,2,3,False,North,388.69
5152,11-18-23,2808,34,Male,Sports,28.4,7,0,0.0,198.8,198.8,PayPal,17,1,False,North,462.68
5153,12-29-24,4523,27,Female,Sports,9.69,7,0,0.0,67.83,67.83,Credit Card,20,4,False,South,1599.81
5154,07-20-24,1430,51,Female,Home & Garden,78.81,2,15,23.64,157.62,133.98,Mobile Wallet,26,4,False,East,158.85
5155,10-09-24,1792,23,Other,Electronics,95.39,6,10,57.23,572.34,515.11,Credit Card,7,5,False,South,814.67
5156,08-11-23,2629,37,Other,Beauty,11.86,3,5,1.78,35.58,33.8,Credit Card,21,4,False,East,1016.13
5157,07-25-23,2736,43,Female,Clothing,62.52,8,15,75.02,500.16,425.14,Credit Card,7,1,False,North,515.84
5158,08-03-23,1532,36,Other,Home & Garden,47.74,5,5,11.94,238.7,226.76,Debit Card,23,5,False,East,255.74
5159,10-01-24,4923,46,Male,Electronics,68.34,8,20,109.34,546.72,437.38,Mobile Wallet,12,5,False,East,586.86
5160,10-25-23,4026,28,Female,Beauty,77.53,7,0,0.0,542.71,542.71,PayPal,23,4,False,East,542.71
5161,12-04-24,2746,44,Female,Home & Garden,54.08,8,15,64.9,432.64,367.74,PayPal,29,5,False,South,367.74
5162,12-20-23,2675,44,Other,Beauty,156.43,1,15,23.46,156.43,132.97,Debit Card,11,4,False,North,178.21
5163,11-19-24,2316,49,Female,Sports,99.84,6,5,29.95,599.04,569.09,Mobile Wallet,29,4,True,West,850.93
5164,05-16-23,3857,6,Female,Sports,13.0,3,0,0.0,39.0,39.0,PayPal,17,5,False,North,1525.72
5165,12-28-24,1912,42,Male,Books,122.42,5,5,30.6,612.1,581.5,Credit Card,11,5,False,South,1022.31
5166,10-27-24,2124,48,Female,Sports,22.28,2,5,2.23,44.56,42.33,PayPal,8,5,False,South,306.74
5167,07-02-23,2525,28,Female,Home & Garden,64.83,4,0,0.0,259.32,259.32,Mobile Wallet,6,2,False,South,272.24
5168,05-30-24,2327,26,Female,Beauty,94.2,6,20,113.04,565.2,452.16,Credit Card,6,2,False,West,1019.16
5169,07-09-24,3918,24,Female,Clothing,28.67,1,10,2.87,28.67,25.8,Debit Card,15,5,False,West,410.2
5170,12-11-24,3587,19,Male,Beauty,2.64,2,10,0.53,5.28,4.75,PayPal,26,4,False,West,1282.41
5171,10-14-24,2023,44,Female,Sports,149.45,2,20,59.78,298.9,239.12,PayPal,20,5,False,North,288.9
5172,11-27-23,2576,69,Male,Beauty,3.76,9,0,0.0,33.84,33.84,Debit Card,12,2,False,North,343.58
5173,12-28-24,2378,26,Male,Electronics,21.39,5,15,16.04,106.95,90.91,Mobile Wallet,9,4,False,North,950.34
5174,04-29-23,4374,28,Male,Beauty,45.37,5,0,0.0,226.85,226.85,Credit Card,13,4,False,South,624.01
5175,12-27-23,2519,35,Other,Home & Garden,6.25,6,5,1.88,37.5,35.62,PayPal,15,5,False,West,365.62
5176,07-29-24,2681,10,Other,Electronics,91.07,3,0,0.0,273.21,273.21,Mobile Wallet,15,3,False,West,1098.54
5177,05-06-24,4839,24,Female,Books,11.37,9,10,10.23,102.33,92.1,Credit Card,26,4,True,South,383.54
5178,08-19-24,2997,34,Male,Books,213.45,3,15,96.05,640.35,544.3,PayPal,29,3,False,North,3001.2
5179,08-07-24,1226,21,Other,Beauty,124.11,4,20,99.29,496.44,397.15,Mobile Wallet,13,4,False,East,692.91
5180,11-14-24,2259,52,Female,Clothing,46.39,9,0,0.0,417.51,417.51,Mobile Wallet,9,5,False,East,606.16
5181,12-28-24,1872,15,Other,Home & Garden,53.94,8,15,64.73,431.52,366.79,Debit Card,11,5,False,North,414.37
5182,03-03-24,1891,48,Male,Clothing,38.14,6,15,34.33,228.84,194.51,PayPal,22,5,True,West,845.44
5183,11-21-24,2478,57,Female,Electronics,24.81,8,10,19.85,198.48,178.63,Credit Card,11,2,False,East,1946.55
5184,06-30-24,2036,40,Male,Clothing,21.67,1,5,1.08,21.67,20.59,PayPal,9,4,False,South,1080.02
5185,10-20-23,3257,32,Male,Electronics,111.12,4,15,66.67,444.48,377.81,Debit Card,17,5,False,West,706.3
5186,03-08-24,3788,38,Other,Clothing,42.97,4,15,25.78,171.88,146.1,Credit Card,23,5,False,North,146.1
5187,01-14-23,1396,28,Female,Books,86.66,2,0,0.0,173.32,173.32,Mobile Wallet,25,5,False,South,178.54
5188,06-19-24,2123,4,Female,Home & Garden,36.08,2,20,14.43,72.16,57.73,Debit Card,21,4,False,East,57.73
5189,04-20-23,3078,20,Female,Clothing,18.34,9,0,0.0,165.06,165.06,Credit Card,6,1,False,North,286.72
5190,01-26-23,3945,34,Other,Beauty,4.81,6,10,2.89,28.86,25.97,Credit Card,22,5,True,West,277.03
5191,01-26-24,4599,20,Female,Electronics,19.56,7,15,20.54,136.92,116.38,PayPal,5,5,False,East,443.29
5192,05-29-23,1648,28,Other,Beauty,106.06,4,5,21.21,424.24,403.03,Mobile Wallet,26,5,False,South,1184.05
5193,02-24-23,1328,42,Female,Home & Garden,62.23,3,15,28.0,186.69,158.69,Debit Card,25,5,False,North,158.69
5194,11-17-24,4237,37,Other,Beauty,77.05,3,5,11.56,231.15,219.59,Mobile Wallet,21,3,False,West,814.99
5195,02-27-23,2482,50,Female,Books,74.24,5,5,18.56,371.2,352.64,Debit Card,3,2,False,South,481.26
5196,07-24-23,4893,39,Other,Books,6.39,6,5,1.92,38.34,36.42,PayPal,6,5,False,South,959.66
5197,10-01-23,1951,40,Male,Sports,8.65,2,20,3.46,17.3,13.84,Credit Card,22,2,False,South,238.77
5198,06-14-23,3005,24,Male,Home & Garden,19.08,7,0,0.0,133.56,133.56,PayPal,17,5,False,South,159.01
5199,10-21-23,3016,15,Male,Clothing,17.91,7,10,12.54,125.37,112.83,Debit Card,11,4,False,North,355.06
5200,11-30-24,4171,28,Female,Books,3.42,1,20,0.68,3.42,2.74,Mobile Wallet,4,1,True,East,336.97
5201,09-14-23,3668,24,Other,Clothing,8.33,7,20,11.66,58.31,46.65,Credit Card,26,3,False,West,579.15
5202,05-30-23,2878,32,Male,Clothing,96.98,4,5,19.4,387.92,368.52,Debit Card,12,3,False,West,1448.07
5203,03-05-23,2196,19,Female,Electronics,44.46,4,20,35.57,177.84,142.27,Credit Card,10,5,False,East,164.98
5204,12-08-24,2772,47,Other,Beauty,20.95,3,10,6.28,62.85,56.57,Credit Card,17,5,False,South,1776.28
5205,10-30-23,1161,24,Male,Clothing,37.38,9,10,33.64,336.42,302.78,PayPal,6,3,False,South,713.84
5206,07-28-23,4976,29,Male,Sports,15.14,3,15,6.81,45.42,38.61,Debit Card,18,5,True,South,135.01
5207,07-08-24,2751,34,Female,Home & Garden,43.83,4,20,35.06,175.32,140.26,Mobile Wallet,21,1,False,West,722.36
5208,02-03-23,1775,51,Other,Home & Garden,3.88,3,15,1.75,11.64,9.89,PayPal,19,2,False,East,713.41
5209,01-03-24,4334,61,Female,Electronics,116.47,8,10,93.18,931.76,838.58,PayPal,22,4,False,North,856.08
5210,04-08-24,2827,62,Male,Sports,13.75,8,20,22.0,110.0,88.0,PayPal,29,5,False,East,1613.86
5211,04-15-23,3321,15,Female,Beauty,85.48,8,5,34.19,683.84,649.65,Debit Card,25,5,False,East,747.86
5212,09-22-24,4074,29,Female,Sports,53.94,5,5,13.48,269.7,256.22,Debit Card,15,4,False,South,372.52
5213,11-22-24,2051,26,Male,Home & Garden,37.01,7,20,51.81,259.07,207.26,Credit Card,12,2,False,South,477.41
5214,07-29-24,3373,40,Male,Sports,132.82,3,15,59.77,398.46,338.69,Credit Card,19,5,False,West,601.6
5215,08-18-23,1939,39,Other,Beauty,8.53,8,15,10.24,68.24,58.0,Credit Card,25,4,False,North,227.07
5216,10-24-24,4220,26,Other,Books,6.35,2,5,0.64,12.7,12.06,Credit Card,5,4,False,South,294.63
5217,07-28-24,1539,25,Male,Clothing,19.42,8,15,23.3,155.36,132.06,PayPal,29,5,False,West,237.32
5218,02-03-24,3535,20,Male,Clothing,88.66,6,5,26.6,531.96,505.36,Mobile Wallet,18,4,False,West,731.44
5219,09-01-23,1821,-4,Other,Home & Garden,1.79,2,0,0.0,3.58,3.58,Credit Card,26,4,False,West,456.25
5220,06-07-24,2461,15,Female,Home & Garden,13.68,6,5,4.1,82.08,77.98,Debit Card,12,4,True,West,676.27
5221,12-13-24,2088,48,Male,Beauty,27.64,2,0,0.0,55.28,55.28,Credit Card,26,5,False,West,506.38
5222,10-22-23,1355,56,Male,Sports,62.4,3,20,37.44,187.2,149.76,Debit Card,26,5,False,South,2353.92
5223,12-10-24,4604,55,Female,Beauty,17.78,5,0,0.0,88.9,88.9,Mobile Wallet,15,3,True,South,1037.43
5224,11-11-24,4323,48,Other,Electronics,29.72,1,10,2.97,29.72,26.75,PayPal,10,4,True,East,808.89
5225,02-18-23,1234,19,Other,Home & Garden,20.54,9,15,27.73,184.86,157.13,Mobile Wallet,28,5,False,North,336.36
5226,01-26-24,3274,17,Female,Home & Garden,4.83,3,0,0.0,14.49,14.49,Mobile Wallet,25,1,False,West,421.52
5227,02-01-24,2548,7,Male,Home & Garden,67.1,1,10,6.71,67.1,60.39,PayPal,19,3,False,North,620.44
5228,03-02-24,4384,26,Female,Beauty,30.94,6,10,18.56,185.64,167.08,Debit Card,9,4,False,West,1144.49
5229,12-02-24,3096,36,Male,Beauty,83.7,1,15,12.56,83.7,71.14,Mobile Wallet,6,5,False,East,288.39
5230,11-17-23,1117,19,Other,Sports,59.32,3,5,8.9,177.96,169.06,PayPal,14,5,False,West,237.27
5231,07-19-24,3101,41,Male,Books,2.98,7,10,2.09,20.86,18.77,Debit Card,1,3,False,West,922.2
5232,02-25-23,2673,44,Male,Home & Garden,34.66,4,0,0.0,138.64,138.64,Debit Card,1,3,False,East,1144.62
5233,01-14-23,3612,27,Male,Books,234.73,9,15,316.89,2112.57,1795.68,Debit Card,29,5,False,South,2754.04
5234,09-15-23,2067,14,Male,Beauty,18.4,7,0,0.0,128.8,128.8,PayPal,11,2,False,North,1098.66
5235,07-27-23,4886,55,Male,Sports,33.96,5,5,8.49,169.8,161.31,Credit Card,3,3,False,East,255.33
5236,09-27-24,3100,35,Other,Beauty,52.78,9,15,71.25,475.02,403.77,PayPal,21,5,False,East,472.28
5237,03-29-24,4657,64,Female,Electronics,11.3,3,10,3.39,33.9,30.51,Mobile Wallet,22,3,False,South,517.54
5238,08-19-23,1557,36,Other,Clothing,60.62,8,0,0.0,484.96,484.96,PayPal,5,5,False,West,884.36
5239,10-10-24,4596,37,Male,Clothing,53.91,8,0,0.0,431.28,431.28,PayPal,8,4,False,South,935.89
5240,12-22-24,4748,20,Female,Beauty,23.5,4,10,9.4,94.0,84.6,Mobile Wallet,22,4,False,West,221.16
5241,12-27-24,4173,28,Male,Clothing,16.73,1,10,1.67,16.73,15.06,PayPal,18,2,False,North,652.95
5242,10-25-24,2815,11,Other,Clothing,125.73,4,5,25.15,502.92,477.77,PayPal,5,5,False,North,740.66
5243,01-12-24,4841,14,Other,Sports,6.79,9,5,3.06,61.11,58.05,Mobile Wallet,12,5,False,North,59.83
5244,08-25-24,3005,46,Male,Clothing,28.28,1,10,2.83,28.28,25.45,Credit Card,23,5,True,South,159.01
5245,07-13-24,4920,30,Male,Sports,72.83,3,15,32.77,218.49,185.72,Credit Card,29,4,False,North,403.52
5246,09-09-24,3915,28,Female,Electronics,8.02,8,10,6.42,64.16,57.74,Debit Card,18,5,False,South,575.77
5247,07-21-23,1397,23,Female,Home & Garden,135.1,3,10,40.53,405.3,364.77,Credit Card,21,4,False,North,1143.39
5248,07-18-23,4209,29,Male,Home & Garden,37.35,2,20,14.94,74.7,59.76,PayPal,12,5,False,South,59.76
5249,10-29-23,1674,51,Female,Home & Garden,35.14,1,15,5.27,35.14,29.87,Mobile Wallet,21,4,False,North,104.66
5250,04-04-24,4992,37,Male,Sports,27.61,9,15,37.27,248.49,211.22,Debit Card,8,3,False,East,1028.76
5251,07-01-23,1386,17,Male,Sports,101.04,3,5,15.16,303.12,287.96,PayPal,9,2,True,South,1894.5
5252,11-30-24,3158,50,Male,Sports,148.25,7,5,51.89,1037.75,985.86,Debit Card,15,3,False,East,1915.25
5253,03-18-23,3661,60,Other,Electronics,23.91,3,5,3.59,71.73,68.14,Mobile Wallet,3,4,False,North,608.11
5254,07-11-23,3064,42,Male,Books,39.09,8,0,0.0,312.72,312.72,PayPal,15,3,True,South,539.31
5255,06-27-23,4851,48,Male,Sports,18.95,9,15,25.58,170.55,144.97,Debit Card,28,1,False,North,237.97
5256,06-10-24,4253,53,Male,Sports,22.94,8,20,36.7,183.52,146.82,Debit Card,4,4,False,South,2288.98
5257,05-03-23,1883,10,Female,Home & Garden,1.44,5,5,0.36,7.2,6.84,Credit Card,28,4,False,West,296.97
5258,01-22-24,4607,62,Male,Beauty,77.07,2,5,7.71,154.14,146.43,Debit Card,16,4,False,East,460.96
5259,02-11-23,1540,51,Other,Clothing,174.23,6,5,52.27,1045.38,993.11,Credit Card,25,4,False,West,1135.02
5260,03-14-24,1170,42,Other,Clothing,73.38,8,5,29.35,587.04,557.69,Credit Card,25,5,False,North,1153.46
5261,10-13-23,3456,33,Male,Electronics,36.51,2,5,3.65,73.02,69.37,Mobile Wallet,19,5,False,South,69.37
5262,07-23-24,1739,14,Male,Clothing,87.87,6,0,0.0,527.22,527.22,Credit Card,18,3,True,East,655.94
5263,09-28-23,2401,30,Male,Books,97.55,7,20,136.57,682.85,546.28,Debit Card,27,5,False,East,1421.94
5264,05-14-23,4259,41,Other,Home & Garden,39.32,9,15,53.08,353.88,300.8,Credit Card,16,3,False,East,491.45
5265,06-14-23,3905,18,Female,Electronics,138.36,9,20,249.05,1245.24,996.19,Credit Card,12,5,False,North,2921.38
5266,08-21-24,3277,33,Female,Clothing,1.53,2,10,0.31,3.06,2.75,Debit Card,12,5,False,North,342.09
5267,09-19-23,4904,17,Male,Clothing,0.51,1,15,0.08,0.51,0.43,Mobile Wallet,23,2,False,East,1451.58
5268,01-06-23,4923,29,Female,Beauty,4.25,7,5,1.49,29.75,28.26,Mobile Wallet,4,5,False,South,586.86
5269,12-05-23,1118,14,Other,Home & Garden,2.98,6,10,1.79,17.88,16.09,Debit Card,15,5,False,North,67.59
5270,04-22-24,4227,13,Male,Electronics,27.64,4,10,11.06,110.56,99.5,PayPal,19,5,False,North,1879.47
5271,12-27-24,3831,40,Female,Home & Garden,140.94,9,10,126.85,1268.46,1141.61,PayPal,18,5,False,North,2087.26
5272,06-08-23,4758,26,Male,Electronics,56.23,1,10,5.62,56.23,50.61,Debit Card,26,5,False,West,467.28
5273,02-10-23,3512,27,Male,Clothing,53.86,7,5,18.85,377.02,358.17,Credit Card,11,2,False,East,565.39
5274,06-07-23,3151,25,Other,Home & Garden,24.3,5,10,12.15,121.5,109.35,Debit Card,28,3,False,South,625.46
5275,11-27-23,4675,75,Other,Home & Garden,38.15,5,20,38.15,190.75,152.6,Debit Card,24,3,False,North,785.58
5276,09-03-24,3745,44,Female,Books,18.13,6,5,5.44,108.78,103.34,PayPal,23,4,True,South,1572.13
5277,02-22-23,2995,45,Other,Beauty,36.47,2,10,7.29,72.94,65.65,PayPal,15,4,False,North,140.81
5278,10-02-24,4866,23,Male,Home & Garden,68.65,3,10,20.6,205.95,185.35,Debit Card,16,5,False,North,1006.91
5279,09-22-24,4573,42,Other,Electronics,40.9,9,20,73.62,368.1,294.48,Credit Card,11,4,False,South,328.2
5280,11-08-24,4764,31,Female,Books,27.14,4,0,0.0,108.56,108.56,Mobile Wallet,11,5,False,South,1990.04
5281,11-05-23,2705,23,Female,Home & Garden,93.19,6,0,0.0,559.14,559.14,Debit Card,21,5,False,South,1173.81
5282,05-17-24,2722,63,Female,Home & Garden,16.94,3,20,10.16,50.82,40.66,Debit Card,13,5,False,East,1293.2
5283,08-09-24,3222,43,Other,Books,32.84,3,0,0.0,98.52,98.52,Mobile Wallet,7,5,False,South,437.2
5284,07-17-24,4805,42,Other,Clothing,191.17,9,15,258.08,1720.53,1462.45,PayPal,15,5,False,South,1680.78
5285,01-02-24,3792,20,Other,Home & Garden,171.05,9,15,230.92,1539.45,1308.53,Credit Card,17,5,False,South,1308.53
5286,03-16-23,2697,15,Other,Sports,0.32,3,15,0.14,0.96,0.82,PayPal,25,2,False,South,285.62
5287,12-25-24,2444,34,Other,Beauty,37.99,3,0,0.0,113.97,113.97,Mobile Wallet,24,5,True,South,186.6
5288,11-22-23,4205,26,Female,Clothing,20.54,6,15,18.49,123.24,104.75,Mobile Wallet,27,1,False,South,346.16
5289,06-22-24,4462,44,Female,Home & Garden,17.21,1,15,2.58,17.21,14.63,Mobile Wallet,13,5,False,South,406.97
5290,08-14-23,2759,45,Other,Clothing,45.35,5,0,0.0,226.75,226.75,Mobile Wallet,4,2,False,North,1245.11
5291,07-08-23,2524,35,Male,Electronics,29.56,9,20,53.21,266.04,212.83,Credit Card,1,5,False,South,272.85
5292,06-17-24,1664,47,Female,Clothing,66.0,9,5,29.7,594.0,564.3,Debit Card,12,5,False,South,580.82
5293,03-11-23,1032,37,Male,Books,1.38,8,15,1.66,11.04,9.38,Debit Card,4,3,False,West,9.38
5294,06-01-24,3102,21,Male,Home & Garden,130.79,6,0,0.0,784.74,784.74,Mobile Wallet,1,4,True,South,856.89
5295,06-13-23,3566,32,Female,Clothing,41.92,9,5,18.86,377.28,358.42,Credit Card,6,5,False,West,1019.08
5296,03-01-24,3803,37,Male,Sports,57.61,3,5,8.64,172.83,164.19,Mobile Wallet,24,3,False,South,502.42
5297,07-10-24,4896,48,Male,Electronics,46.39,9,10,41.75,417.51,375.76,Credit Card,11,4,False,South,1161.89
5298,07-03-24,4709,38,Female,Electronics,226.09,8,5,90.44,1808.72,1718.28,Debit Card,21,1,False,North,2289.63
5299,02-18-24,3059,26,Female,Clothing,214.51,1,15,32.18,214.51,182.33,Credit Card,25,5,False,West,629.98
5300,04-05-23,2551,49,Other,Books,47.07,9,20,84.73,423.63,338.9,Debit Card,26,3,False,East,2078.6
5301,12-24-23,1719,40,Female,Electronics,57.59,8,15,69.11,460.72,391.61,Credit Card,18,4,False,South,2195.31
5302,08-15-23,3602,58,Male,Clothing,48.19,8,10,38.55,385.52,346.97,PayPal,28,4,False,North,346.97
5303,08-07-23,3420,36,Female,Clothing,18.6,6,5,5.58,111.6,106.02,Credit Card,18,2,False,East,106.02
5304,11-10-24,1483,19,Other,Electronics,10.7,9,10,9.63,96.3,86.67,Mobile Wallet,20,5,False,West,355.76
5305,12-06-23,1972,52,Female,Clothing,25.77,8,15,30.92,206.16,175.24,PayPal,6,4,False,South,654.81
5306,12-06-23,4718,26,Male,Clothing,57.4,2,15,17.22,114.8,97.58,PayPal,14,3,False,North,97.58
5307,01-05-24,4299,39,Female,Beauty,2.88,6,15,2.59,17.28,14.69,PayPal,6,5,False,East,52.59
5308,10-28-23,3670,37,Male,Sports,36.11,8,20,57.78,288.88,231.1,PayPal,22,5,True,East,741.27
5309,08-12-23,1306,35,Female,Clothing,26.25,6,15,23.62,157.5,133.88,PayPal,15,5,False,East,206.45
5310,09-25-24,1456,32,Other,Beauty,37.48,9,15,50.6,337.32,286.72,PayPal,22,4,False,East,1599.0
5311,06-27-24,3207,10,Other,Beauty,98.39,5,5,24.6,491.95,467.35,PayPal,29,4,False,East,1231.89
5312,05-01-24,1330,19,Female,Clothing,2.44,8,20,3.9,19.52,15.62,Credit Card,1,5,False,North,79.97
5313,07-28-24,3823,51,Male,Books,72.12,2,5,7.21,144.24,137.03,Mobile Wallet,17,2,False,South,197.13
5314,10-26-24,1224,41,Other,Electronics,54.97,5,10,27.48,274.85,247.37,Credit Card,29,5,False,West,541.71
5315,01-10-23,4030,63,Male,Beauty,11.4,1,0,0.0,11.4,11.4,PayPal,12,3,False,East,934.99
5316,04-28-23,3776,19,Female,Beauty,66.25,5,5,16.56,331.25,314.69,PayPal,3,4,False,North,439.62
5317,11-15-24,4575,34,Other,Books,34.3,7,20,48.02,240.1,192.08,PayPal,2,5,False,South,456.39
5318,12-21-23,2479,52,Other,Home & Garden,32.79,1,5,1.64,32.79,31.15,Credit Card,23,4,False,North,657.19
5319,04-01-24,4116,26,Male,Books,32.99,3,0,0.0,98.97,98.97,Mobile Wallet,6,4,True,West,628.04
5320,09-04-23,4285,27,Other,Home & Garden,149.03,6,5,44.71,894.18,849.47,Mobile Wallet,5,2,False,North,1390.75
5321,10-19-24,2082,30,Male,Home & Garden,144.45,1,0,0.0,144.45,144.45,Credit Card,8,3,True,East,1245.16
5322,09-20-24,1643,28,Male,Books,122.44,3,20,73.46,367.32,293.86,Debit Card,2,1,False,South,742.5
5323,09-28-24,1615,42,Female,Sports,108.9,8,5,43.56,871.2,827.64,Debit Card,27,5,True,North,1295.49
5324,09-07-23,1194,8,Male,Books,1.92,9,20,3.46,17.28,13.82,Mobile Wallet,12,5,False,South,450.08
5325,02-10-23,4996,59,Other,Beauty,25.59,7,20,35.83,179.13,143.3,Debit Card,7,2,True,East,705.13
5326,11-29-24,1488,20,Male,Electronics,112.63,4,10,45.05,450.52,405.47,Credit Card,14,4,True,West,518.58
5327,11-25-23,3204,3,Other,Books,70.35,7,10,49.24,492.45,443.21,Mobile Wallet,10,5,False,West,947.73
5328,01-26-24,3657,34,Male,Sports,30.5,7,5,10.68,213.5,202.82,Mobile Wallet,20,2,False,South,789.4
5329,04-27-23,2249,29,Female,Books,74.2,7,5,25.97,519.4,493.43,Credit Card,14,3,False,East,1093.59
5330,01-31-24,3459,32,Female,Sports,11.67,8,20,18.67,93.36,74.69,Credit Card,11,4,False,West,667.78
5331,09-20-23,4276,39,Male,Electronics,45.79,4,10,18.32,183.16,164.84,Credit Card,28,2,False,North,660.61
5332,07-07-24,2102,44,Male,Clothing,38.07,4,5,7.61,152.28,144.67,PayPal,19,4,False,South,266.72
5333,10-17-23,2147,60,Male,Sports,42.61,9,5,19.17,383.49,364.32,Debit Card,1,5,False,South,564.44
5334,01-26-23,3518,24,Female,Sports,63.97,8,5,25.59,511.76,486.17,Debit Card,26,4,False,East,1398.91
5335,06-13-24,2241,46,Male,Beauty,149.59,4,10,59.84,598.36,538.52,Mobile Wallet,2,5,False,East,1319.91
5336,01-19-24,1515,45,Male,Sports,15.33,6,5,4.6,91.98,87.38,Debit Card,23,5,False,West,1269.67
5337,06-10-24,2625,-4,Other,Electronics,70.95,9,20,127.71,638.55,510.84,Mobile Wallet,3,3,False,South,2288.82
5338,06-04-24,2127,22,Female,Home & Garden,51.8,6,5,15.54,310.8,295.26,Mobile Wallet,27,5,False,North,351.24
5339,04-01-24,1392,15,Female,Sports,59.4,5,15,44.55,297.0,252.45,PayPal,5,2,False,North,1718.73
5340,05-13-24,1630,41,Male,Electronics,28.01,7,0,0.0,196.07,196.07,Mobile Wallet,11,5,False,North,630.86
5341,02-14-23,4716,40,Male,Beauty,144.64,2,20,57.86,289.28,231.42,PayPal,19,3,True,North,1936.18
5342,10-31-23,2847,40,Other,Beauty,32.66,8,5,13.06,261.28,248.22,Debit Card,7,5,False,East,1397.43
5343,10-29-24,3655,30,Male,Clothing,6.48,7,15,6.8,45.36,38.56,PayPal,28,5,False,West,123.87
5344,07-17-23,1979,31,Female,Sports,57.08,6,10,34.25,342.48,308.23,Credit Card,16,3,False,East,963.04
5345,11-25-23,1433,34,Other,Home & Garden,6.9,3,20,4.14,20.7,16.56,PayPal,20,3,False,North,384.15
5346,06-10-24,4402,28,Female,Electronics,19.48,9,20,35.06,175.32,140.26,Mobile Wallet,8,2,False,North,165.52
5347,03-26-23,4214,46,Male,Clothing,12.94,2,5,1.29,25.88,24.59,Debit Card,26,3,False,West,35.63
5348,04-09-23,4871,18,Other,Home & Garden,38.71,4,10,15.48,154.84,139.36,Mobile Wallet,24,5,False,South,513.59
5349,06-21-23,3587,23,Female,Clothing,21.35,2,5,2.13,42.7,40.57,Debit Card,4,4,False,East,1282.41
5350,07-04-24,1277,36,Female,Home & Garden,8.71,6,15,7.84,52.26,44.42,Mobile Wallet,12,5,False,West,496.8
5351,06-30-24,1232,29,Female,Books,78.23,7,0,0.0,547.61,547.61,PayPal,18,1,False,North,629.56
5352,01-08-23,2552,18,Male,Books,31.6,9,10,28.44,284.4,255.96,Mobile Wallet,23,2,False,North,383.58
5353,10-03-24,2594,42,Male,Books,30.3,6,0,0.0,181.8,181.8,Credit Card,14,5,False,South,581.35
5354,03-09-23,2113,26,Male,Clothing,108.74,6,15,97.87,652.44,554.57,Credit Card,17,5,False,West,642.88
5355,08-04-23,4563,22,Male,Books,38.7,5,20,38.7,193.5,154.8,Debit Card,29,4,False,West,564.75
5356,11-17-24,4270,32,Female,Electronics,61.88,4,15,37.13,247.52,210.39,Debit Card,12,3,False,North,227.8
5357,10-06-24,3409,21,Other,Electronics,19.88,4,0,0.0,79.52,79.52,PayPal,9,4,True,South,601.71
5358,08-07-23,4512,34,Male,Books,41.2,4,10,16.48,164.8,148.32,Mobile Wallet,16,4,False,East,636.46
5359,12-02-24,1025,29,Other,Home & Garden,64.81,5,5,16.2,324.05,307.85,Credit Card,21,5,False,North,307.85
5360,03-10-24,4096,27,Female,Home & Garden,17.58,1,0,0.0,17.58,17.58,PayPal,10,4,False,North,808.11
5361,04-17-23,2417,27,Male,Clothing,58.32,2,10,11.66,116.64,104.98,Debit Card,20,5,False,South,104.98
5362,07-30-23,3554,49,Female,Home & Garden,42.05,3,0,0.0,126.15,126.15,PayPal,20,4,False,South,126.15
5363,07-04-24,4372,40,Male,Sports,28.48,7,20,39.87,199.36,159.49,Debit Card,11,3,False,West,475.41
5364,12-20-24,4410,9,Male,Home & Garden,62.41,1,20,12.48,62.41,49.93,Debit Card,28,3,False,North,55.87
5365,03-21-24,3314,48,Other,Electronics,19.06,3,5,2.86,57.18,54.32,PayPal,28,4,False,East,522.03
5366,10-24-24,1460,42,Female,Beauty,62.68,7,20,87.75,438.76,351.01,Mobile Wallet,9,5,False,North,1670.95
5367,03-15-23,4764,41,Female,Home & Garden,40.05,6,15,36.04,240.3,204.26,PayPal,1,5,False,South,1990.04
5368,12-03-24,3503,48,Female,Clothing,14.09,2,5,1.41,28.18,26.77,Debit Card,16,3,False,East,279.34
5369,06-07-23,4431,35,Other,Home & Garden,55.17,4,0,0.0,220.68,220.68,Credit Card,4,1,False,North,1176.93
5370,01-25-23,2091,44,Other,Clothing,108.04,1,15,16.21,108.04,91.83,Mobile Wallet,22,5,False,West,330.63
5371,04-15-24,2006,28,Female,Sports,18.55,5,10,9.28,92.75,83.47,Mobile Wallet,29,3,False,East,114.78
5372,12-06-23,3910,47,Female,Books,83.65,2,0,0.0,167.3,167.3,Credit Card,8,5,False,South,284.17
5373,02-08-23,4483,38,Male,Sports,20.48,8,20,32.77,163.84,131.07,Mobile Wallet,2,4,True,West,671.21
5374,03-31-23,2994,14,Male,Electronics,86.05,6,0,0.0,516.3,516.3,Debit Card,14,4,False,West,986.44
5375,03-17-23,1490,50,Other,Beauty,2.63,1,20,0.53,2.63,2.1,PayPal,24,2,True,West,2700.31
5376,02-25-23,4904,33,Male,Sports,0.36,2,15,0.11,0.72,0.61,Debit Card,9,5,False,South,1451.58
5377,07-02-23,2072,30,Female,Sports,6.01,4,15,3.61,24.04,20.43,Mobile Wallet,24,5,False,South,56.26
5378,09-15-23,4758,28,Female,Electronics,103.55,3,15,46.6,310.65,264.05,Credit Card,14,4,True,North,467.28
5379,07-25-24,3611,29,Male,Electronics,38.15,9,5,17.17,343.35,326.18,Mobile Wallet,14,4,False,West,1886.8
5380,03-14-23,4173,38,Male,Books,45.08,1,20,9.02,45.08,36.06,Debit Card,21,5,True,East,652.95
5381,08-11-24,1215,20,Other,Books,92.32,7,0,0.0,646.24,646.24,Mobile Wallet,12,4,False,East,945.74
5382,08-22-23,4509,11,Male,Home & Garden,2.6,9,0,0.0,23.4,23.4,Mobile Wallet,11,5,False,West,58.91
5383,09-22-23,2723,19,Other,Clothing,24.48,9,0,0.0,220.32,220.32,Debit Card,1,2,False,South,1141.72
5384,02-22-24,2592,40,Male,Electronics,51.51,6,5,15.45,309.06,293.61,Mobile Wallet,22,5,False,North,293.61
5385,02-02-24,3606,32,Male,Sports,25.93,7,5,9.08,181.51,172.43,Debit Card,1,3,False,South,511.62
5386,04-06-24,1158,51,Male,Sports,1.63,8,20,2.61,13.04,10.43,Credit Card,11,3,False,South,185.87
5387,10-07-24,3536,34,Male,Books,52.63,3,5,7.89,157.89,150.0,Mobile Wallet,20,1,False,West,551.96
5388,02-19-24,1685,47,Female,Clothing,24.83,5,15,18.62,124.15,105.53,Credit Card,25,5,False,West,761.14
5389,03-19-24,4313,24,Female,Electronics,0.97,4,0,0.0,3.88,3.88,PayPal,15,2,False,North,703.87
5390,11-20-23,3841,28,Female,Books,9.35,9,15,12.62,84.15,71.53,Mobile Wallet,28,5,False,West,336.79
5391,01-18-23,2776,35,Male,Clothing,12.27,9,5,5.52,110.43,104.91,PayPal,21,4,False,South,1078.71
5392,02-03-24,4953,32,Other,Electronics,35.73,4,0,0.0,142.92,142.92,Credit Card,23,5,False,East,493.51
5393,11-20-24,3052,31,Male,Sports,10.31,2,10,2.06,20.62,18.56,Credit Card,9,5,False,West,1175.73
5394,05-02-23,4667,21,Female,Sports,22.42,1,15,3.36,22.42,19.06,Debit Card,20,3,False,North,1178.29
5395,07-01-24,2843,11,Other,Books,69.45,3,10,20.84,208.35,187.51,PayPal,21,5,False,North,239.76
5396,01-07-23,3408,44,Other,Clothing,82.44,2,20,32.98,164.88,131.9,PayPal,22,5,False,South,1275.33
5397,10-18-24,3506,42,Female,Sports,79.34,5,15,59.5,396.7,337.2,Debit Card,17,4,True,West,505.98
5398,09-25-24,3295,25,Male,Clothing,59.39,6,0,0.0,356.34,356.34,PayPal,10,5,False,North,589.3
5399,03-06-23,2589,40,Other,Books,39.02,9,0,0.0,351.18,351.18,Credit Card,15,5,False,South,779.47
5400,08-22-24,2696,32,Other,Home & Garden,40.0,4,10,16.0,160.0,144.0,Credit Card,12,4,False,South,364.35
5401,02-16-23,3993,51,Female,Clothing,153.29,4,0,0.0,613.16,613.16,Credit Card,5,4,False,West,835.95
5402,12-18-24,3469,15,Other,Beauty,105.13,4,15,63.08,420.52,357.44,Credit Card,14,4,False,West,2655.03
5403,03-16-23,2946,33,Other,Clothing,52.46,1,5,2.62,52.46,49.84,Mobile Wallet,10,4,False,West,519.06
5404,01-02-24,4809,31,Other,Books,31.6,3,5,4.74,94.8,90.06,Debit Card,20,4,False,South,962.68
5405,05-29-24,3062,37,Male,Beauty,65.29,4,0,0.0,261.16,261.16,Mobile Wallet,1,5,False,South,2145.37
5406,04-19-23,3783,58,Male,Home & Garden,3.24,1,20,0.65,3.24,2.59,Mobile Wallet,16,4,False,East,226.14
5407,10-24-23,4644,33,Female,Sports,144.67,5,15,108.5,723.35,614.85,PayPal,4,5,False,South,871.4
5408,12-03-24,2145,46,Male,Electronics,39.66,9,20,71.39,356.94,285.55,Debit Card,5,4,False,North,425.28
5409,11-05-23,3324,32,Other,Books,34.94,1,10,3.49,34.94,31.45,Mobile Wallet,9,4,False,South,775.01
5410,09-13-24,2581,51,Male,Electronics,17.18,7,0,0.0,120.26,120.26,Mobile Wallet,17,2,False,West,1463.2
5411,03-30-23,3500,46,Other,Home & Garden,0.17,2,10,0.03,0.34,0.31,Debit Card,6,5,False,South,10.43
5412,10-16-23,4461,30,Other,Beauty,3.16,9,20,5.69,28.44,22.75,Credit Card,24,5,False,West,877.95
5413,03-24-24,4365,28,Male,Home & Garden,15.26,4,15,9.16,61.04,51.88,Debit Card,25,4,False,South,1197.73
5414,01-26-24,4645,42,Male,Clothing,38.99,3,20,23.39,116.97,93.58,Debit Card,27,4,False,East,1114.93
5415,02-09-24,3645,25,Male,Electronics,4.36,7,5,1.53,30.52,28.99,Debit Card,5,5,False,South,383.07
5416,11-07-24,3493,37,Male,Electronics,178.87,6,20,214.64,1073.22,858.58,Credit Card,18,1,False,South,1343.77
5417,02-01-23,3257,29,Female,Home & Garden,26.46,8,20,42.34,211.68,169.34,Debit Card,17,5,False,North,706.3
5418,04-30-24,4661,40,Male,Beauty,19.01,9,20,34.22,171.09,136.87,Credit Card,21,4,False,East,212.25
5419,06-10-23,3761,32,Female,Electronics,37.24,7,20,52.14,260.68,208.54,Mobile Wallet,11,5,False,West,904.26
5420,06-30-24,3349,24,Other,Sports,3.36,6,15,3.02,20.16,17.14,Mobile Wallet,3,5,False,North,201.9
5421,08-14-23,2932,51,Female,Home & Garden,95.01,8,0,0.0,760.08,760.08,Credit Card,6,2,False,South,1924.93
5422,05-20-23,4294,38,Other,Clothing,30.83,9,15,41.62,277.47,235.85,PayPal,9,5,False,North,970.49
5423,02-05-24,2757,34,Female,Clothing,9.82,8,10,7.86,78.56,70.7,Debit Card,13,5,False,West,1051.91
5424,07-12-24,3050,41,Female,Clothing,8.82,6,5,2.65,52.92,50.27,Mobile Wallet,27,1,False,West,436.3
5425,10-30-23,1989,9,Other,Electronics,22.39,8,0,0.0,179.12,179.12,Mobile Wallet,1,5,False,North,881.24
5426,10-11-24,2541,66,Female,Home & Garden,42.59,9,5,19.17,383.31,364.14,Credit Card,15,5,False,East,567.89
5427,05-28-23,2116,35,Other,Clothing,26.97,6,5,8.09,161.82,153.73,PayPal,20,3,True,West,427.22
5428,11-02-23,3567,5,Male,Home & Garden,45.42,6,0,0.0,272.52,272.52,PayPal,4,2,False,East,532.58
5429,11-24-24,4499,52,Other,Electronics,61.12,2,0,0.0,122.24,122.24,PayPal,28,4,True,West,1307.46
5430,10-25-24,1492,23,Female,Sports,69.01,9,10,62.11,621.09,558.98,Credit Card,23,2,False,East,1056.81
5431,01-18-24,4306,50,Male,Sports,25.62,8,15,30.74,204.96,174.22,Credit Card,2,3,False,West,536.61
5432,01-12-23,1619,36,Female,Sports,63.12,5,0,0.0,315.6,315.6,Debit Card,16,5,False,North,1248.62
5433,07-20-24,4232,11,Male,Electronics,7.63,3,10,2.29,22.89,20.6,Mobile Wallet,24,5,False,East,319.4
5434,07-22-24,4792,38,Other,Clothing,35.98,9,20,64.76,323.82,259.06,Mobile Wallet,29,5,False,North,1506.53
5435,05-25-23,4823,37,Male,Electronics,3.76,7,0,0.0,26.32,26.32,Credit Card,6,3,False,North,299.66
5436,05-07-23,3378,52,Male,Home & Garden,13.99,9,15,18.89,125.91,107.02,Mobile Wallet,20,3,True,West,946.99
5437,02-12-23,3380,42,Male,Sports,43.76,7,20,61.26,306.32,245.06,Debit Card,15,4,False,South,271.29
5438,01-06-23,3097,16,Female,Home & Garden,67.43,8,20,107.89,539.44,431.55,Credit Card,19,5,False,North,724.91
5439,08-09-24,2546,50,Male,Electronics,5.01,5,20,5.01,25.05,20.04,Mobile Wallet,26,1,False,South,337.53
5440,09-02-24,1862,28,Other,Books,11.6,6,20,13.92,69.6,55.68,PayPal,28,1,False,West,266.9
5441,02-08-24,2691,60,Other,Books,240.78,8,5,96.31,1926.24,1829.93,Credit Card,7,5,False,North,1829.93
5442,07-04-24,4563,29,Other,Electronics,20.6,7,15,21.63,144.2,122.57,Mobile Wallet,25,5,False,South,564.75
5443,07-14-24,2605,31,Male,Clothing,16.71,1,10,1.67,16.71,15.04,Mobile Wallet,11,5,False,East,1005.44
5444,03-29-23,4752,22,Other,Beauty,4.46,4,0,0.0,17.84,17.84,Debit Card,18,4,False,South,954.49
5445,11-09-23,3319,27,Female,Home & Garden,59.35,8,10,47.48,474.8,427.32,Debit Card,8,2,False,North,443.88
5446,08-04-23,1579,23,Other,Electronics,35.49,9,5,15.97,319.41,303.44,PayPal,2,2,False,South,831.68
5447,12-19-23,2890,52,Male,Electronics,8.57,6,20,10.28,51.42,41.14,PayPal,27,5,False,West,752.54
5448,08-05-23,2275,15,Other,Books,50.11,4,0,0.0,200.44,200.44,PayPal,12,4,False,South,240.62
5449,02-27-24,3607,47,Male,Sports,37.3,2,15,11.19,74.6,63.41,Debit Card,22,5,False,East,908.49
5450,10-23-24,3743,47,Male,Sports,41.61,9,0,0.0,374.49,374.49,Mobile Wallet,8,4,False,South,906.46
5451,06-08-24,2855,55,Other,Beauty,263.48,1,0,0.0,263.48,263.48,Credit Card,1,5,False,East,2514.91
5452,05-26-23,4770,35,Female,Clothing,1.45,5,10,0.72,7.25,6.53,Credit Card,7,3,False,South,128.95
5453,06-14-23,4161,19,Female,Clothing,123.24,8,20,197.18,985.92,788.74,Debit Card,9,4,True,West,1248.66
5454,07-08-23,3493,32,Other,Beauty,92.22,4,15,55.33,368.88,313.55,Debit Card,22,4,False,West,1343.77
5455,08-15-23,4064,43,Male,Clothing,26.84,1,0,0.0,26.84,26.84,Debit Card,22,3,True,South,203.34
5456,09-23-24,2355,36,Other,Books,106.41,4,5,21.28,425.64,404.36,Debit Card,9,4,False,North,787.18
5457,09-16-23,2162,40,Male,Electronics,52.29,5,5,13.07,261.45,248.38,Credit Card,2,4,False,North,408.66
5458,07-18-23,1356,55,Male,Clothing,110.07,5,20,110.07,550.35,440.28,PayPal,4,4,False,East,845.73
5459,04-28-23,2624,43,Male,Books,45.16,1,0,0.0,45.16,45.16,Credit Card,14,4,False,East,913.28
5460,07-05-23,3321,37,Female,Home & Garden,12.18,2,20,4.87,24.36,19.49,Debit Card,14,2,False,North,747.86
5461,11-18-24,4090,7,Female,Electronics,42.93,6,0,0.0,257.58,257.58,PayPal,27,4,False,East,596.68
5462,08-03-24,3006,23,Other,Beauty,9.87,5,15,7.4,49.35,41.95,Credit Card,8,4,False,North,535.57
5463,02-25-23,3358,28,Female,Home & Garden,7.59,9,5,3.42,68.31,64.89,Debit Card,21,5,True,South,169.34
5464,07-16-24,1869,5,Male,Sports,53.07,7,10,37.15,371.49,334.34,Debit Card,9,1,False,East,786.21
5465,04-17-24,1885,18,Male,Sports,147.32,5,20,147.32,736.6,589.28,Mobile Wallet,3,3,False,South,623.66
5466,10-22-24,3001,30,Other,Electronics,44.4,9,15,59.94,399.6,339.66,Mobile Wallet,22,5,False,North,546.38
5467,07-16-24,3201,33,Male,Clothing,79.43,1,5,3.97,79.43,75.46,Debit Card,22,4,False,East,255.12
5468,03-16-23,2413,42,Other,Electronics,9.22,3,15,4.15,27.66,23.51,Credit Card,19,3,False,East,720.76
5469,10-25-23,2283,31,Other,Clothing,53.1,2,10,10.62,106.2,95.58,Mobile Wallet,6,5,False,East,325.96
5470,11-18-24,1619,38,Male,Beauty,66.02,7,0,0.0,462.14,462.14,Credit Card,1,1,False,East,1248.62
5471,03-10-23,1882,28,Female,Sports,2.13,9,0,0.0,19.17,19.17,Credit Card,21,4,False,South,693.68
5472,09-14-23,1796,35,Male,Electronics,5.11,2,15,1.53,10.22,8.69,Mobile Wallet,18,5,False,East,1671.4
5473,04-11-23,4642,41,Male,Electronics,76.07,6,15,68.46,456.42,387.96,Debit Card,8,5,False,East,1249.45
5474,07-22-23,3172,57,Other,Beauty,28.99,2,20,11.6,57.98,46.38,Mobile Wallet,7,3,True,West,514.85
5475,08-17-24,4425,27,Female,Clothing,26.01,3,15,11.7,78.03,66.33,Credit Card,7,3,False,East,1215.03
5476,05-13-24,2296,37,Other,Sports,126.52,1,0,0.0,126.52,126.52,PayPal,10,4,False,East,2674.26
5477,12-05-23,1618,48,Male,Sports,241.2,6,15,217.08,1447.2,1230.12,Mobile Wallet,4,3,False,West,1230.12
5478,01-01-24,2834,13,Other,Clothing,72.28,2,5,7.23,144.56,137.33,PayPal,18,3,False,North,218.62
5479,05-12-23,1244,64,Other,Beauty,78.65,3,5,11.8,235.95,224.15,Debit Card,19,4,False,South,1495.53
5480,11-18-24,3895,52,Male,Clothing,11.68,6,0,0.0,70.08,70.08,Mobile Wallet,10,2,False,North,946.77
5481,11-02-24,3497,9,Other,Beauty,10.67,6,15,9.6,64.02,54.42,PayPal,20,5,False,West,261.77
5482,08-29-23,1929,40,Male,Clothing,197.34,4,15,118.4,789.36,670.96,Debit Card,19,4,False,West,1234.22
5483,04-13-23,2270,26,Other,Sports,59.39,1,15,8.91,59.39,50.48,Credit Card,3,4,False,South,530.26
5484,10-19-23,1519,29,Female,Sports,58.03,7,5,20.31,406.21,385.9,Debit Card,29,5,False,East,1317.11
5485,09-26-24,4212,40,Male,Electronics,16.86,2,0,0.0,33.72,33.72,Debit Card,17,4,True,East,1123.88
5486,03-13-23,3409,50,Female,Beauty,108.79,6,20,130.55,652.74,522.19,Credit Card,1,5,False,North,601.71
5487,07-18-23,1007,28,Other,Sports,2.27,7,5,0.79,15.89,15.1,Debit Card,24,3,False,West,622.22
5488,11-22-23,3525,28,Female,Beauty,16.05,2,0,0.0,32.1,32.1,Mobile Wallet,8,4,False,South,686.17
5489,05-12-24,4423,40,Female,Beauty,9.93,6,0,0.0,59.58,59.58,Debit Card,17,5,False,West,757.06
5490,04-06-24,3019,43,Female,Home & Garden,62.08,1,20,12.42,62.08,49.66,PayPal,4,4,False,East,236.34
5491,12-03-23,1494,19,Other,Home & Garden,62.82,6,10,37.69,376.92,339.23,Debit Card,2,2,False,West,1849.35
5492,09-23-24,2629,60,Male,Clothing,38.26,8,20,61.22,306.08,244.86,PayPal,17,5,False,South,1016.13
5493,11-06-24,3880,25,Other,Beauty,0.26,8,20,0.42,2.08,1.66,Debit Card,2,4,False,West,152.31
5494,11-10-23,4498,49,Other,Clothing,103.48,7,0,0.0,724.36,724.36,Mobile Wallet,1,4,False,South,1087.49
5495,12-11-24,2062,41,Other,Clothing,155.71,4,10,62.28,622.84,560.56,Credit Card,5,5,False,South,1456.7
5496,08-21-24,3640,44,Male,Electronics,11.3,4,10,4.52,45.2,40.68,Credit Card,26,5,False,South,1267.56
5497,06-06-23,1186,25,Other,Home & Garden,92.33,5,15,69.25,461.65,392.4,PayPal,28,1,False,North,2486.94
5498,08-02-24,4667,9,Other,Home & Garden,181.13,8,20,289.81,1449.04,1159.23,Debit Card,6,4,False,East,1178.29
5499,08-03-24,4671,34,Male,Sports,19.8,4,20,15.84,79.2,63.36,Debit Card,12,4,False,East,63.36
5500,01-09-24,3801,34,Male,Home & Garden,10.23,9,10,9.21,92.07,82.86,Mobile Wallet,24,1,False,East,249.05
5501,11-20-23,2877,20,Male,Sports,189.8,3,10,56.94,569.4,512.46,Debit Card,10,1,False,South,512.46
5502,03-14-24,3140,48,Female,Beauty,3.08,9,10,2.77,27.72,24.95,PayPal,8,4,False,South,1588.24
5503,06-22-23,1085,34,Male,Electronics,16.15,2,0,0.0,32.3,32.3,PayPal,14,4,False,West,229.99
5504,01-05-23,4115,22,Female,Clothing,67.75,6,0,0.0,406.5,406.5,Mobile Wallet,4,5,False,South,494.54
5505,11-17-23,1136,43,Female,Clothing,48.03,5,0,0.0,240.15,240.15,PayPal,19,4,False,South,994.9
5506,09-10-23,3468,44,Other,Beauty,57.68,5,20,57.68,288.4,230.72,PayPal,28,5,False,North,644.83
5507,08-15-23,3121,24,Female,Sports,61.57,6,10,36.94,369.42,332.48,Mobile Wallet,5,5,False,South,1730.69
5508,12-30-24,4619,53,Other,Books,57.94,7,0,0.0,405.58,405.58,PayPal,24,5,False,South,770.85
5509,10-18-24,2636,68,Female,Beauty,20.95,4,15,12.57,83.8,71.23,PayPal,21,4,False,South,3197.14
5510,03-22-24,4583,18,Male,Sports,18.66,4,10,7.46,74.64,67.18,Credit Card,26,5,False,South,316.93
5511,10-11-23,4227,32,Other,Beauty,27.97,9,10,25.17,251.73,226.56,Mobile Wallet,7,4,True,West,1879.47
5512,01-04-24,4326,40,Female,Electronics,82.43,4,10,32.97,329.72,296.75,Credit Card,20,4,False,North,296.75
5513,05-18-23,3218,69,Other,Beauty,139.25,8,0,0.0,1114.0,1114.0,Debit Card,2,4,False,South,2721.63
5514,11-26-24,2751,23,Male,Beauty,30.37,1,5,1.52,30.37,28.85,Mobile Wallet,25,4,False,East,722.36
5515,12-06-23,3217,20,Female,Home & Garden,4.48,4,15,2.69,17.92,15.23,Debit Card,11,2,False,South,149.07
5516,05-06-24,2787,20,Female,Sports,139.27,2,15,41.78,278.54,236.76,PayPal,10,4,False,North,808.56
5517,04-18-24,1871,53,Male,Electronics,4.19,5,5,1.05,20.95,19.9,Credit Card,18,3,False,South,96.34
5518,04-01-24,3369,24,Female,Clothing,8.66,2,15,2.6,17.32,14.72,PayPal,2,5,False,East,4631.18
5519,01-03-24,4638,22,Female,Books,101.13,7,0,0.0,707.91,707.91,Credit Card,14,5,False,West,726.0
5520,11-09-23,3503,38,Other,Books,40.09,7,10,28.06,280.63,252.57,Credit Card,24,3,False,South,279.34
5521,05-13-24,1943,39,Female,Sports,21.75,9,5,9.79,195.75,185.96,Credit Card,10,4,False,North,2913.03
5522,07-18-24,2626,51,Male,Beauty,133.62,4,10,53.45,534.48,481.03,Credit Card,6,5,False,South,481.03
5523,04-22-23,3837,36,Female,Home & Garden,161.58,5,15,121.18,807.9,686.72,PayPal,21,5,False,North,1075.26
5524,06-29-23,3660,38,Other,Beauty,20.08,3,20,12.05,60.24,48.19,PayPal,3,2,False,South,1218.02
5525,10-23-24,4226,33,Female,Sports,101.41,7,15,106.48,709.87,603.39,PayPal,23,5,False,South,1538.39
5526,09-13-24,3936,15,Other,Books,56.74,5,15,42.56,283.7,241.14,Credit Card,16,5,False,West,635.81
5527,03-25-23,1348,32,Female,Books,16.04,9,5,7.22,144.36,137.14,Debit Card,8,4,True,West,320.16
5528,10-15-23,4522,35,Other,Beauty,141.88,7,10,99.32,993.16,893.84,PayPal,9,5,False,South,1400.25
5529,05-24-23,4947,28,Other,Beauty,3.26,4,5,0.65,13.04,12.39,PayPal,11,5,False,North,37.68
5530,07-05-24,2676,11,Female,Beauty,19.13,7,0,0.0,133.91,133.91,Mobile Wallet,16,5,False,East,1019.79
5531,07-21-23,2196,17,Male,Clothing,25.23,1,10,2.52,25.23,22.71,Debit Card,2,5,False,West,164.98
5532,09-27-23,1009,34,Male,Home & Garden,58.66,2,0,0.0,117.32,117.32,PayPal,24,3,False,South,919.43
5533,10-03-24,3787,48,Female,Home & Garden,1.96,3,0,0.0,5.88,5.88,PayPal,5,5,False,North,5.88
5534,03-20-23,4336,60,Female,Books,110.26,5,5,27.56,551.3,523.74,Mobile Wallet,1,4,False,South,568.48
5535,03-19-23,2461,32,Female,Books,53.81,5,15,40.36,269.05,228.69,Credit Card,26,4,False,South,676.27
5536,01-20-23,4831,24,Female,Sports,16.08,7,20,22.51,112.56,90.05,Debit Card,23,5,False,West,902.31
5537,06-03-24,4318,29,Female,Sports,53.7,9,15,72.5,483.3,410.8,Debit Card,15,5,False,North,1010.08
5538,10-08-24,1666,19,Male,Clothing,38.49,9,15,51.96,346.41,294.45,Mobile Wallet,7,5,False,South,647.01
5539,02-01-23,3593,46,Other,Books,20.49,6,10,12.29,122.94,110.65,Debit Card,16,1,False,West,1278.97
5540,08-18-24,2522,67,Other,Sports,1.45,7,5,0.51,10.15,9.64,PayPal,26,4,False,North,1356.3
5541,08-15-24,3176,24,Male,Clothing,40.05,8,10,32.04,320.4,288.36,Debit Card,12,5,False,North,537.01
5542,02-19-24,4743,17,Male,Home & Garden,4.29,4,20,3.43,17.16,13.73,Mobile Wallet,19,4,False,South,81.47
5543,08-27-24,1600,50,Other,Books,83.08,7,5,29.08,581.56,552.48,Credit Card,15,5,False,South,1736.74
5544,08-06-23,3652,39,Male,Electronics,4.63,6,15,4.17,27.78,23.61,Mobile Wallet,27,5,False,North,454.97
5545,02-07-23,1326,40,Female,Books,28.0,8,0,0.0,224.0,224.0,Debit Card,3,4,False,North,822.65
5546,07-18-24,4824,58,Male,Sports,28.51,1,15,4.28,28.51,24.23,Mobile Wallet,20,4,True,West,107.02
5547,09-24-23,4906,14,Male,Books,40.62,5,15,30.46,203.1,172.64,Mobile Wallet,21,2,False,East,693.3
5548,07-10-24,1979,14,Male,Electronics,2.02,3,5,0.3,6.06,5.76,Debit Card,21,5,True,North,963.04
5549,07-06-24,3451,32,Male,Books,11.4,9,15,15.39,102.6,87.21,Credit Card,5,3,False,South,146.01
5550,04-28-24,1628,35,Other,Sports,11.13,9,20,20.03,100.17,80.14,PayPal,15,5,False,North,519.04
5551,10-31-24,2629,29,Other,Home & Garden,45.69,3,15,20.56,137.07,116.51,Mobile Wallet,22,5,False,South,1016.13
5552,06-02-23,4746,71,Other,Sports,15.3,2,0,0.0,30.6,30.6,Credit Card,17,4,False,East,907.04
5553,01-10-24,4682,30,Other,Clothing,7.79,5,5,1.95,38.95,37.0,Credit Card,16,1,False,North,265.55
5554,02-06-24,4696,26,Female,Sports,0.93,4,20,0.74,3.72,2.98,Mobile Wallet,16,5,False,South,913.47
5555,08-17-23,4430,36,Female,Clothing,91.8,7,5,32.13,642.6,610.47,Debit Card,23,4,False,South,1858.03
5556,08-26-24,4674,49,Other,Books,177.98,8,0,0.0,1423.84,1423.84,Debit Card,12,4,False,South,1560.65
5557,10-25-23,4929,24,Other,Clothing,60.75,4,10,24.3,243.0,218.7,Mobile Wallet,4,5,False,West,218.7
5558,05-18-23,3765,32,Other,Beauty,26.61,3,20,15.97,79.83,63.86,Debit Card,29,5,False,South,63.86
5559,04-20-24,4088,49,Male,Books,6.51,9,0,0.0,58.59,58.59,Debit Card,5,2,False,East,141.97
5560,05-28-24,1273,50,Female,Clothing,32.23,8,10,25.78,257.84,232.06,Credit Card,24,5,False,South,939.46
5561,06-06-24,1684,38,Female,Sports,30.56,7,0,0.0,213.92,213.92,PayPal,29,3,False,North,3778.81
5562,04-03-23,1115,71,Male,Electronics,27.23,8,10,21.78,217.84,196.06,PayPal,8,5,False,East,1179.77
5563,02-11-24,1860,64,Male,Books,23.77,8,10,19.02,190.16,171.14,Debit Card,12,5,False,South,282.66
5564,01-08-24,3003,13,Male,Clothing,34.33,8,5,13.73,274.64,260.91,Debit Card,5,2,False,East,502.21
5565,05-29-24,1692,9,Female,Electronics,3.8,1,15,0.57,3.8,3.23,Mobile Wallet,11,5,False,North,423.83
5566,01-11-23,4162,46,Male,Clothing,1.95,4,15,1.17,7.8,6.63,Debit Card,29,5,False,East,121.04
5567,11-09-24,2105,55,Male,Clothing,3.3,7,0,0.0,23.1,23.1,Mobile Wallet,19,4,False,West,741.51
5568,09-02-23,3371,31,Male,Clothing,11.16,6,10,6.7,66.96,60.26,PayPal,10,1,False,West,1570.47
5569,09-20-24,4008,27,Other,Sports,16.29,3,15,7.33,48.87,41.54,Credit Card,24,5,False,East,75.14
5570,12-01-24,3161,22,Male,Clothing,9.28,3,0,0.0,27.84,27.84,Mobile Wallet,18,4,False,South,964.74
5571,06-19-23,2792,17,Other,Electronics,14.51,4,0,0.0,58.04,58.04,Credit Card,12,3,False,South,1210.44
5572,06-10-24,4129,52,Female,Beauty,10.28,6,20,12.34,61.68,49.34,PayPal,9,2,False,South,548.85
5573,05-24-23,1153,29,Female,Clothing,8.17,1,5,0.41,8.17,7.76,Credit Card,22,3,False,South,566.71
5574,04-01-24,2900,39,Female,Beauty,17.34,4,5,3.47,69.36,65.89,PayPal,10,3,False,North,614.56
5575,06-13-23,2427,7,Other,Home & Garden,25.33,9,10,22.8,227.97,205.17,Credit Card,20,5,False,North,603.2
5576,07-03-23,4699,50,Male,Books,68.18,7,15,71.59,477.26,405.67,Credit Card,20,5,False,West,1536.74
5577,08-02-24,4926,43,Female,Sports,155.67,6,10,93.4,934.02,840.62,Debit Card,19,4,False,East,1262.26
5578,08-02-24,2289,14,Male,Home & Garden,125.64,5,15,94.23,628.2,533.97,PayPal,27,4,False,North,1959.71
5579,11-06-24,1314,38,Other,Home & Garden,32.31,2,15,9.69,64.62,54.93,Mobile Wallet,21,5,True,West,87.14
5580,05-30-23,4786,35,Female,Electronics,30.93,2,15,9.28,61.86,52.58,PayPal,6,5,False,South,151.36
5581,05-10-24,2064,28,Male,Electronics,6.72,6,15,6.05,40.32,34.27,Debit Card,10,5,False,West,785.09
5582,01-03-24,1104,-8,Male,Beauty,178.32,9,15,240.73,1604.88,1364.15,Mobile Wallet,19,4,True,North,1474.64
5583,02-11-23,2924,25,Female,Beauty,71.38,9,20,128.48,642.42,513.94,Debit Card,9,4,False,East,656.24
5584,08-13-23,2913,39,Male,Sports,94.05,1,20,18.81,94.05,75.24,PayPal,16,5,False,North,949.68
5585,05-14-24,2216,26,Other,Sports,13.34,7,15,14.01,93.38,79.37,PayPal,8,5,False,East,106.21
5586,08-26-23,2424,31,Female,Books,25.63,7,0,0.0,179.41,179.41,Debit Card,12,5,False,East,1168.03
5587,03-06-23,4349,57,Female,Clothing,5.42,2,0,0.0,10.84,10.84,Mobile Wallet,22,5,False,South,1247.33
5588,09-28-23,3401,33,Female,Sports,141.35,4,5,28.27,565.4,537.13,PayPal,5,4,False,East,1190.67
5589,01-14-24,4063,3,Female,Sports,16.83,8,15,20.2,134.64,114.44,Debit Card,11,4,True,East,114.44
5590,08-28-23,2772,32,Other,Beauty,45.32,6,0,0.0,271.92,271.92,PayPal,19,3,False,South,1776.28
5591,02-13-23,2960,36,Other,Clothing,8.26,7,5,2.89,57.82,54.93,Debit Card,3,2,True,West,890.5
5592,11-15-24,3780,22,Male,Books,81.18,6,0,0.0,487.08,487.08,PayPal,24,5,False,East,809.78
5593,07-31-23,2603,46,Other,Electronics,10.31,9,5,4.64,92.79,88.15,PayPal,22,5,False,North,1719.74
5594,06-14-24,1708,13,Male,Books,82.87,9,10,74.58,745.83,671.25,Credit Card,26,4,False,North,942.87
5595,01-05-24,4327,32,Male,Clothing,25.69,6,0,0.0,154.14,154.14,Mobile Wallet,15,1,False,West,267.24
5596,02-02-24,1650,12,Female,Electronics,43.11,6,15,38.8,258.66,219.86,PayPal,27,5,False,West,419.12
5597,04-25-24,3871,30,Male,Electronics,15.72,9,15,21.22,141.48,120.26,Mobile Wallet,22,4,True,North,126.3
5598,04-10-24,1946,45,Female,Electronics,107.18,9,20,192.92,964.62,771.7,Debit Card,20,5,False,East,1677.56
5599,02-17-23,1660,32,Male,Books,71.33,3,10,21.4,213.99,192.59,Credit Card,3,5,False,East,298.84
5600,02-10-23,3146,31,Other,Beauty,21.87,7,10,15.31,153.09,137.78,Debit Card,22,2,False,South,1376.5
5601,10-26-24,3635,35,Female,Clothing,44.02,3,0,0.0,132.06,132.06,Mobile Wallet,1,4,False,West,568.48
5602,11-28-23,3329,36,Male,Books,6.91,4,5,1.38,27.64,26.26,Debit Card,11,5,False,East,397.28
5603,04-16-23,4954,45,Other,Books,8.75,9,20,15.75,78.75,63.0,Debit Card,13,5,False,West,680.23
5604,12-21-24,3450,45,Other,Home & Garden,38.14,8,10,30.51,305.12,274.61,Debit Card,5,3,False,East,610.52
5605,06-17-24,2132,56,Female,Sports,51.17,6,10,30.7,307.02,276.32,Mobile Wallet,7,3,False,West,433.61
5606,10-10-24,1699,37,Female,Books,40.76,6,15,36.68,244.56,207.88,PayPal,1,3,False,North,1051.95
5607,10-08-23,3246,10,Female,Home & Garden,40.98,8,15,49.18,327.84,278.66,Debit Card,13,5,True,North,435.27
5608,09-27-23,4374,47,Male,Beauty,67.8,2,5,6.78,135.6,128.82,Mobile Wallet,10,3,False,East,624.01
5609,08-15-24,3038,55,Female,Beauty,116.35,5,0,0.0,581.75,581.75,Credit Card,28,5,False,South,2538.59
5610,07-11-24,3374,71,Other,Clothing,24.52,7,5,8.58,171.64,163.06,Credit Card,20,5,False,West,706.66
5611,08-06-24,3201,56,Other,Home & Garden,38.49,3,0,0.0,115.47,115.47,Mobile Wallet,18,4,False,North,255.12
5612,06-28-23,1551,27,Female,Books,111.76,8,20,178.82,894.08,715.26,Debit Card,13,1,False,West,1252.97
5613,01-21-24,4716,37,Female,Clothing,31.21,3,10,9.36,93.63,84.27,PayPal,1,2,False,East,1936.18
5614,10-31-24,1404,30,Other,Home & Garden,29.45,4,5,5.89,117.8,111.91,Credit Card,17,4,False,South,604.57
5615,01-23-24,1461,28,Male,Books,72.73,6,0,0.0,436.38,436.38,PayPal,12,3,False,South,436.38
5616,01-10-24,3179,33,Other,Clothing,104.9,6,20,125.88,629.4,503.52,Mobile Wallet,23,3,False,East,1343.88
5617,08-24-24,3838,54,Other,Clothing,66.91,2,5,6.69,133.82,127.13,Credit Card,6,4,False,North,1129.21
5618,10-31-24,1873,11,Other,Sports,5.27,2,10,1.05,10.54,9.49,Debit Card,7,1,False,South,285.24
5619,03-21-23,1083,19,Female,Beauty,31.25,3,20,18.75,93.75,75.0,Credit Card,1,2,True,South,180.52
5620,06-13-24,2422,53,Male,Books,11.91,3,15,5.36,35.73,30.37,Debit Card,10,5,False,South,614.55
5621,09-15-23,3801,56,Male,Sports,19.09,4,10,7.64,76.36,68.72,PayPal,28,4,False,West,249.05
5622,01-21-24,3675,25,Female,Clothing,31.63,4,15,18.98,126.52,107.54,Credit Card,3,5,False,West,2281.46
5623,08-17-23,4180,59,Other,Clothing,12.52,4,20,10.02,50.08,40.06,Mobile Wallet,7,1,False,North,722.94
5624,06-12-24,1220,49,Female,Home & Garden,36.28,3,20,21.77,108.84,87.07,Credit Card,10,1,False,East,773.96
5625,02-20-24,4975,30,Female,Sports,51.54,1,15,7.73,51.54,43.81,Debit Card,10,5,False,West,43.81
5626,12-28-23,3600,-1,Male,Electronics,103.93,9,0,0.0,935.37,935.37,PayPal,9,4,False,South,1866.1
5627,12-20-23,2391,9,Male,Books,11.88,2,20,4.75,23.76,19.01,Mobile Wallet,6,5,False,North,627.97
5628,05-13-24,4218,25,Female,Beauty,18.59,3,5,2.79,55.77,52.98,Debit Card,24,5,False,West,500.39
5629,05-08-24,1111,46,Female,Sports,26.03,2,5,2.6,52.06,49.46,Debit Card,9,4,False,North,49.46
5630,09-10-24,1614,46,Male,Clothing,12.72,6,20,15.26,76.32,61.06,Mobile Wallet,23,4,False,South,370.82
5631,01-07-23,2581,28,Male,Home & Garden,20.18,6,15,18.16,121.08,102.92,Mobile Wallet,9,5,False,North,1463.2
5632,05-28-24,3971,31,Other,Books,107.43,1,15,16.11,107.43,91.32,PayPal,27,5,False,South,518.45
5633,05-23-23,4565,34,Female,Beauty,7.46,4,10,2.98,29.84,26.86,Debit Card,10,3,False,North,885.29
5634,03-26-24,4576,31,Other,Books,29.33,5,15,22.0,146.65,124.65,Debit Card,29,5,False,East,991.74
5635,06-19-23,1474,37,Other,Home & Garden,18.62,6,0,0.0,111.72,111.72,PayPal,4,5,False,North,393.23
5636,08-24-23,3883,34,Other,Clothing,4.02,5,0,0.0,20.1,20.1,Credit Card,25,5,False,East,200.14
5637,03-20-23,2913,9,Male,Beauty,5.05,3,5,0.76,15.15,14.39,Mobile Wallet,16,5,False,East,949.68
5638,06-10-24,1270,31,Other,Electronics,76.83,3,20,46.1,230.49,184.39,PayPal,25,3,False,South,291.24
5639,10-20-24,3468,34,Male,Home & Garden,95.64,3,5,14.35,286.92,272.57,Mobile Wallet,2,5,False,North,644.83
5640,10-15-23,2920,49,Male,Electronics,67.63,6,20,81.16,405.78,324.62,PayPal,11,5,False,West,1641.39
5641,08-05-23,3754,22,Male,Sports,38.74,4,5,7.75,154.96,147.21,PayPal,9,2,False,East,147.21
5642,06-03-23,2390,38,Female,Books,74.07,4,20,59.26,296.28,237.02,Debit Card,3,4,False,South,1481.68
5643,07-11-23,4351,43,Other,Beauty,8.24,3,20,4.94,24.72,19.78,Mobile Wallet,27,4,False,West,35.33
5644,06-11-23,4354,32,Male,Clothing,75.75,4,5,15.15,303.0,287.85,PayPal,7,4,True,North,1867.52
5645,01-06-24,1039,8,Female,Electronics,27.54,8,10,22.03,220.32,198.29,Debit Card,13,5,True,East,1129.95
5646,09-08-24,2982,50,Female,Clothing,69.38,3,0,0.0,208.14,208.14,PayPal,27,2,False,North,1136.08
5647,05-02-23,3236,46,Female,Sports,12.92,3,15,5.81,38.76,32.95,Mobile Wallet,13,5,False,North,245.69
5648,11-07-24,4235,38,Male,Electronics,89.35,6,0,0.0,536.1,536.1,PayPal,28,1,False,West,1186.77
5649,08-24-23,1993,35,Male,Clothing,41.98,1,15,6.3,41.98,35.68,Debit Card,19,4,False,South,1411.25
5650,02-29-24,3012,8,Male,Clothing,0.37,6,20,0.44,2.22,1.78,Debit Card,28,3,True,South,408.1
5651,12-05-23,4607,46,Female,Sports,36.62,9,5,16.48,329.58,313.1,Credit Card,11,5,True,West,460.96
5652,04-27-23,3583,57,Male,Home & Garden,18.57,3,5,2.79,55.71,52.92,Mobile Wallet,29,4,False,South,465.27
5653,05-08-24,4075,18,Other,Beauty,2.96,2,15,0.89,5.92,5.03,Credit Card,5,5,True,North,115.71
5654,11-22-24,4906,55,Male,Sports,29.65,3,5,4.45,88.95,84.5,Debit Card,16,5,False,West,693.3
5655,05-05-24,1289,51,Male,Electronics,18.66,3,5,2.8,55.98,53.18,Credit Card,28,4,True,East,53.18
5656,05-05-24,3480,17,Other,Electronics,11.43,2,5,1.14,22.86,21.72,Mobile Wallet,2,4,False,West,21.72
5657,08-04-23,3518,29,Male,Books,21.47,4,0,0.0,85.88,85.88,Debit Card,10,4,False,West,1398.91
5658,08-27-24,4252,14,Male,Clothing,9.9,8,5,3.96,79.2,75.24,Credit Card,10,5,False,West,223.07
5659,06-15-23,4319,34,Male,Beauty,17.82,7,10,12.47,124.74,112.27,Credit Card,19,4,False,North,147.33
5660,10-24-24,3675,41,Male,Electronics,6.13,9,15,8.28,55.17,46.89,Debit Card,26,2,False,West,2281.46
5661,02-25-24,1278,15,Female,Home & Garden,4.4,8,0,0.0,35.2,35.2,PayPal,20,5,False,North,35.2
5662,01-23-23,3924,40,Male,Home & Garden,120.41,7,0,0.0,842.87,842.87,Debit Card,26,1,True,South,2101.77
5663,09-07-23,1580,44,Other,Sports,116.53,6,20,139.84,699.18,559.34,Credit Card,28,3,False,North,868.99
5664,02-14-23,1862,44,Other,Electronics,88.01,3,20,52.81,264.03,211.22,Mobile Wallet,28,5,False,East,266.9
5665,05-11-23,1253,41,Female,Beauty,13.09,4,5,2.62,52.36,49.74,Credit Card,6,2,True,South,967.08
5666,08-10-24,1180,16,Male,Beauty,64.71,8,0,0.0,517.68,517.68,Debit Card,27,4,False,West,953.71
5667,08-29-24,4901,33,Other,Electronics,44.54,2,0,0.0,89.08,89.08,Credit Card,22,5,False,North,128.73
5668,06-14-23,1680,40,Female,Books,2.63,6,5,0.79,15.78,14.99,Debit Card,16,5,False,East,329.89
5669,05-18-23,1824,56,Male,Books,114.92,1,15,17.24,114.92,97.68,Credit Card,13,4,False,West,472.73
5670,10-06-24,4580,35,Female,Books,310.28,7,0,0.0,2171.96,2171.96,Credit Card,19,3,False,North,2247.25
5671,06-08-24,4832,41,Male,Electronics,61.67,4,20,49.34,246.68,197.34,PayPal,3,5,False,South,250.24
5672,02-10-23,1699,21,Female,Sports,13.17,1,5,0.66,13.17,12.51,Debit Card,9,5,False,North,1051.95
5673,08-09-24,3613,17,Female,Beauty,40.42,5,0,0.0,202.1,202.1,PayPal,10,4,True,East,740.67
5674,05-31-23,2349,15,Other,Sports,5.79,5,20,5.79,28.95,23.16,PayPal,16,3,False,North,282.57
5675,02-27-23,2380,28,Other,Sports,17.75,6,10,10.65,106.5,95.85,Credit Card,18,1,False,East,1023.57
5676,06-20-23,4896,65,Female,Sports,63.16,8,0,0.0,505.28,505.28,Debit Card,4,3,False,North,1161.89
5677,09-22-23,2673,28,Male,Home & Garden,17.91,4,5,3.58,71.64,68.06,Mobile Wallet,21,5,False,East,1144.62
5678,07-04-23,3727,40,Male,Electronics,7.96,7,20,11.14,55.72,44.58,Credit Card,24,2,False,North,135.07
5679,06-13-24,3438,43,Male,Clothing,0.37,4,0,0.0,1.48,1.48,Debit Card,24,2,False,North,1054.87
5680,02-20-24,2638,18,Male,Electronics,42.49,2,20,17.0,84.98,67.98,PayPal,22,3,False,North,599.21
5681,09-05-24,2957,28,Male,Sports,173.16,8,5,69.26,1385.28,1316.02,Credit Card,16,4,False,East,1316.02
5682,07-31-24,4156,44,Other,Home & Garden,33.1,5,0,0.0,165.5,165.5,Mobile Wallet,18,3,True,West,555.64
5683,10-14-24,4388,41,Female,Home & Garden,11.95,4,5,2.39,47.8,45.41,Credit Card,26,5,True,North,399.55
5684,01-20-23,1211,5,Other,Electronics,31.11,2,15,9.33,62.22,52.89,PayPal,29,3,False,North,52.89
5685,11-08-24,2538,43,Male,Clothing,46.08,7,0,0.0,322.56,322.56,PayPal,10,5,False,South,1533.02
5686,10-18-23,1383,26,Female,Sports,80.82,5,0,0.0,404.1,404.1,Debit Card,1,5,False,North,806.16
5687,03-29-23,2714,27,Male,Home & Garden,30.14,9,20,54.25,271.26,217.01,Mobile Wallet,23,5,False,North,752.55
5688,08-10-23,1341,41,Male,Sports,9.49,7,0,0.0,66.43,66.43,Credit Card,10,1,False,West,352.35
5689,04-04-24,2838,57,Female,Sports,10.41,9,15,14.05,93.69,79.64,PayPal,17,3,False,East,379.2
5690,09-13-24,2987,31,Male,Beauty,114.99,5,20,114.99,574.95,459.96,Debit Card,27,3,False,South,707.71
5691,04-27-24,1843,52,Other,Sports,13.48,6,20,16.18,80.88,64.7,Mobile Wallet,19,4,False,South,466.76
5692,05-08-24,4109,13,Other,Books,65.1,8,10,52.08,520.8,468.72,Mobile Wallet,16,3,False,South,561.75
5693,06-24-23,2534,36,Other,Beauty,15.66,6,0,0.0,93.96,93.96,Debit Card,25,2,False,West,630.22
5694,08-13-23,1419,26,Male,Sports,63.75,4,10,25.5,255.0,229.5,PayPal,6,3,False,South,1303.78
5695,02-25-24,3798,39,Other,Sports,4.08,2,15,1.22,8.16,6.94,Mobile Wallet,8,4,False,East,274.95
5696,09-07-24,4240,30,Male,Clothing,11.62,6,0,0.0,69.72,69.72,Credit Card,16,1,False,North,593.41
5697,05-27-23,2988,14,Male,Beauty,26.27,9,10,23.64,236.43,212.79,PayPal,12,3,False,North,375.82
5698,08-19-24,2932,21,Other,Beauty,36.21,8,10,28.97,289.68,260.71,PayPal,9,3,False,East,1924.93
5699,07-06-23,4414,10,Other,Clothing,21.77,3,20,13.06,65.31,52.25,Debit Card,16,5,False,East,346.32
5700,09-30-24,2849,15,Male,Books,42.61,5,10,21.3,213.05,191.75,Mobile Wallet,7,3,False,East,191.75
5701,11-06-24,1305,42,Male,Beauty,19.68,6,10,11.81,118.08,106.27,Debit Card,8,5,False,West,482.29
5702,06-07-24,4613,31,Male,Books,56.73,7,0,0.0,397.11,397.11,Mobile Wallet,20,4,False,North,2012.54
5703,09-28-23,3749,38,Male,Sports,35.79,2,0,0.0,71.58,71.58,Debit Card,5,5,False,West,1093.32
5704,06-21-23,1868,62,Other,Home & Garden,61.06,6,20,73.27,366.36,293.09,PayPal,29,4,False,North,586.44
5705,12-03-24,3584,30,Male,Home & Garden,28.19,2,0,0.0,56.38,56.38,Debit Card,23,5,True,East,309.86
5706,12-17-23,2135,44,Male,Electronics,104.58,8,15,125.5,836.64,711.14,PayPal,9,3,False,South,2646.65
5707,04-09-24,2434,35,Male,Home & Garden,24.07,7,20,33.7,168.49,134.79,PayPal,8,5,False,East,826.72
5708,09-02-24,1205,76,Male,Home & Garden,18.42,2,15,5.53,36.84,31.31,Debit Card,23,3,True,East,83.53
5709,08-27-24,4256,-10,Male,Clothing,40.72,4,0,0.0,162.88,162.88,Mobile Wallet,20,5,False,West,376.78
5710,03-12-23,4453,24,Female,Electronics,35.58,7,0,0.0,249.06,249.06,PayPal,16,1,False,South,2068.77
5711,08-24-23,1495,44,Female,Electronics,36.5,9,20,65.7,328.5,262.8,Debit Card,11,4,False,West,329.98
5712,01-23-24,4450,23,Female,Clothing,79.51,3,10,23.85,238.53,214.68,PayPal,1,4,False,South,221.6
5713,01-30-24,4118,43,Other,Home & Garden,44.41,8,5,17.76,355.28,337.52,PayPal,17,5,False,South,1506.74
5714,05-16-23,2909,34,Male,Home & Garden,108.26,9,5,48.72,974.34,925.62,Debit Card,12,4,False,South,1603.29
5715,04-22-23,4811,47,Other,Electronics,48.26,8,0,0.0,386.08,386.08,PayPal,5,4,True,East,457.3
5716,01-17-23,4622,18,Male,Home & Garden,1.1,4,15,0.66,4.4,3.74,PayPal,14,5,False,West,853.48
5717,07-27-23,4599,37,Female,Electronics,102.16,4,20,81.73,408.64,326.91,Debit Card,7,2,False,East,443.29
5718,06-19-24,3551,41,Male,Home & Garden,91.56,7,10,64.09,640.92,576.83,Credit Card,27,3,False,North,1023.13
5719,05-31-24,2045,36,Other,Sports,2.5,4,0,0.0,10.0,10.0,Debit Card,28,5,False,West,595.33
5720,12-01-24,1212,37,Other,Clothing,6.69,7,15,7.02,46.83,39.81,Mobile Wallet,24,3,True,North,107.88
5721,03-05-24,1309,53,Male,Beauty,40.64,9,0,0.0,365.76,365.76,Credit Card,7,5,False,East,470.14
5722,06-03-23,3708,9,Other,Books,2.19,9,5,0.99,19.71,18.72,PayPal,4,4,False,North,3560.74
5723,09-12-24,2991,36,Female,Sports,26.48,9,0,0.0,238.32,238.32,Mobile Wallet,15,2,False,North,409.63
5724,04-09-23,3800,16,Male,Home & Garden,185.17,6,15,166.65,1111.02,944.37,Credit Card,27,1,False,North,1058.99
5725,07-01-23,1271,46,Female,Books,9.48,1,5,0.47,9.48,9.01,Debit Card,7,5,False,West,236.96
5726,05-02-24,4642,22,Female,Beauty,11.54,8,0,0.0,92.32,92.32,PayPal,22,5,False,South,1249.45
5727,09-21-24,2822,-2,Other,Sports,56.4,6,5,16.92,338.4,321.48,Credit Card,24,3,False,South,970.76
5728,09-06-24,3985,46,Male,Beauty,2.25,7,20,3.15,15.75,12.6,Debit Card,9,3,False,West,398.67
5729,02-09-23,4273,30,Female,Clothing,85.93,2,15,25.78,171.86,146.08,Credit Card,1,5,False,South,344.36
5730,06-28-24,3079,40,Female,Books,11.1,3,15,4.99,33.3,28.31,Debit Card,2,5,False,East,1316.97
5731,05-30-24,1442,56,Male,Beauty,37.92,6,20,45.5,227.52,182.02,Mobile Wallet,8,3,False,West,1096.31
5732,05-01-23,3209,40,Other,Books,14.3,3,15,6.44,42.9,36.46,Mobile Wallet,7,4,False,West,989.39
5733,04-06-23,3814,37,Female,Clothing,53.78,5,15,40.33,268.9,228.57,PayPal,23,5,False,South,765.73
5734,05-08-24,1253,34,Male,Beauty,44.24,4,0,0.0,176.96,176.96,Debit Card,3,5,False,West,967.08
5735,11-06-24,1520,17,Male,Sports,146.35,5,10,73.18,731.75,658.57,Credit Card,7,4,False,North,1558.53
5736,05-14-23,1976,31,Female,Books,29.49,8,0,0.0,235.92,235.92,PayPal,20,3,False,West,527.93
5737,09-09-24,4722,64,Female,Beauty,103.92,4,20,83.14,415.68,332.54,PayPal,26,5,False,West,801.16
5738,07-06-24,4551,29,Female,Clothing,42.88,9,20,77.18,385.92,308.74,Debit Card,16,3,False,West,322.84
5739,01-02-23,1009,32,Other,Beauty,122.94,3,10,36.88,368.82,331.94,Mobile Wallet,26,4,False,East,919.43
5740,11-25-24,3773,53,Other,Beauty,17.25,7,0,0.0,120.75,120.75,PayPal,2,5,True,East,2324.83
5741,10-26-24,3552,11,Male,Sports,39.9,7,0,0.0,279.3,279.3,Credit Card,1,4,False,North,439.01
5742,03-17-24,3832,44,Male,Home & Garden,24.72,1,0,0.0,24.72,24.72,PayPal,8,3,False,North,787.48
5743,06-18-24,4907,11,Female,Electronics,3.41,3,5,0.51,10.23,9.72,Debit Card,5,5,True,South,660.55
5744,03-06-24,2583,40,Male,Home & Garden,42.7,1,5,2.13,42.7,40.57,Mobile Wallet,10,4,False,North,47.76
5745,01-15-24,3483,34,Other,Home & Garden,79.05,8,0,0.0,632.4,632.4,Debit Card,4,4,False,West,921.04
5746,02-14-23,2134,44,Male,Electronics,40.62,5,5,10.15,203.1,192.95,PayPal,9,2,False,South,533.56
5747,12-15-24,1152,19,Male,Beauty,16.38,4,0,0.0,65.52,65.52,Credit Card,14,4,False,East,157.86
5748,06-26-24,2658,26,Female,Home & Garden,15.31,3,20,9.19,45.93,36.74,PayPal,29,4,False,South,229.63
5749,03-15-24,3964,44,Female,Home & Garden,13.58,7,0,0.0,95.06,95.06,PayPal,21,5,False,East,2127.34
5750,08-23-23,3916,27,Other,Clothing,194.69,8,5,77.88,1557.52,1479.64,Mobile Wallet,10,4,False,West,1479.64
5751,05-08-24,4173,46,Male,Clothing,25.48,8,10,20.38,203.84,183.46,Debit Card,18,5,False,West,652.95
5752,01-26-24,3800,38,Male,Sports,19.05,1,20,3.81,19.05,15.24,Mobile Wallet,25,5,False,East,1058.99
5753,12-25-23,2856,28,Male,Books,27.1,7,15,28.46,189.7,161.24,PayPal,26,4,False,South,1002.68
5754,08-26-24,2214,30,Female,Beauty,6.15,5,10,3.08,30.75,27.67,Credit Card,23,3,True,East,632.19
5755,12-14-24,2752,35,Other,Sports,10.91,2,10,2.18,21.82,19.64,Credit Card,9,3,False,North,19.64
5756,08-12-24,3610,31,Male,Clothing,35.56,8,15,42.67,284.48,241.81,Mobile Wallet,5,3,False,West,377.89
5757,04-11-23,4875,45,Male,Clothing,80.18,2,20,32.07,160.36,128.29,Credit Card,23,4,False,East,520.48
5758,03-11-24,2104,29,Male,Electronics,104.55,6,15,94.1,627.3,533.2,Credit Card,8,5,False,South,1294.63
5759,05-18-23,3536,26,Male,Electronics,100.49,5,20,100.49,502.45,401.96,Credit Card,12,5,False,East,551.96
5760,09-18-23,1894,48,Other,Clothing,144.8,6,20,173.76,868.8,695.04,PayPal,20,2,True,South,1849.0
5761,05-03-24,2111,28,Other,Home & Garden,6.72,8,20,10.75,53.76,43.01,Credit Card,24,4,False,West,2569.22
5762,08-27-23,4265,26,Other,Sports,2.09,9,10,1.88,18.81,16.93,Mobile Wallet,23,4,False,South,25.06
5763,03-27-23,1103,-2,Female,Clothing,5.59,3,20,3.35,16.77,13.42,Credit Card,19,4,False,West,1235.88
5764,10-18-23,4854,19,Male,Beauty,45.91,3,15,20.66,137.73,117.07,PayPal,14,4,False,West,1670.59
5765,09-04-24,4167,22,Male,Clothing,40.61,7,10,28.43,284.27,255.84,PayPal,11,4,False,South,381.18
5766,07-10-24,4494,26,Male,Electronics,55.62,3,20,33.37,166.86,133.49,Credit Card,11,4,False,East,749.93
5767,02-23-24,2914,24,Male,Sports,23.19,5,5,5.8,115.95,110.15,Mobile Wallet,24,4,False,North,1197.49
5768,09-21-23,4269,49,Other,Sports,24.85,4,5,4.97,99.4,94.43,Credit Card,4,4,False,East,322.2
5769,07-13-23,4072,23,Female,Books,39.44,9,20,70.99,354.96,283.97,Debit Card,18,5,False,South,1312.35
5770,01-06-23,2006,24,Female,Clothing,4.12,8,5,1.65,32.96,31.31,Mobile Wallet,9,4,False,West,114.78
5771,12-27-24,1406,37,Male,Books,80.44,9,0,0.0,723.96,723.96,Mobile Wallet,8,5,False,South,1166.32
5772,01-08-23,2401,18,Other,Electronics,128.1,6,10,76.86,768.6,691.74,Mobile Wallet,4,5,False,East,1421.94
5773,08-14-24,1166,58,Female,Books,24.5,2,0,0.0,49.0,49.0,Mobile Wallet,19,4,False,South,49.0
5774,06-19-24,1508,47,Female,Home & Garden,67.27,8,10,53.82,538.16,484.34,Mobile Wallet,19,4,False,West,484.34
5775,05-01-23,2661,17,Male,Clothing,39.8,1,15,5.97,39.8,33.83,Credit Card,22,5,False,South,475.65
5776,06-16-24,3360,50,Female,Clothing,13.46,5,5,3.36,67.3,63.94,Credit Card,2,4,False,West,90.78
5777,01-08-23,4664,53,Male,Sports,3.51,2,5,0.35,7.02,6.67,Mobile Wallet,11,5,False,West,6.67
5778,01-20-24,4489,17,Other,Books,14.11,7,5,4.94,98.77,93.83,Mobile Wallet,3,5,False,South,513.79
5779,11-01-24,1762,17,Male,Sports,46.43,5,20,46.43,232.15,185.72,Debit Card,1,5,False,East,835.2
5780,07-30-23,1680,25,Female,Beauty,2.05,3,10,0.62,6.15,5.53,PayPal,10,3,False,East,329.89
5781,12-05-24,3524,13,Male,Books,90.45,7,20,126.63,633.15,506.52,PayPal,21,5,False,North,1654.76
5782,11-20-23,3120,23,Male,Books,175.84,3,5,26.38,527.52,501.14,Mobile Wallet,13,5,False,North,1325.58
5783,02-23-24,2164,28,Male,Electronics,4.36,6,15,3.92,26.16,22.24,Mobile Wallet,3,3,False,East,294.04
5784,01-06-24,1581,42,Male,Books,14.16,4,5,2.83,56.64,53.81,PayPal,27,5,False,West,1146.82
5785,04-20-23,1261,36,Male,Sports,56.29,2,20,22.52,112.58,90.06,Credit Card,7,1,False,South,321.65
5786,06-08-23,2363,32,Male,Beauty,82.02,9,5,36.91,738.18,701.27,Debit Card,25,3,False,South,1821.17
5787,03-12-24,2331,27,Female,Books,21.23,6,0,0.0,127.38,127.38,Debit Card,5,4,False,South,367.91
5788,10-29-24,3292,15,Male,Books,36.2,5,0,0.0,181.0,181.0,Mobile Wallet,2,5,False,West,181.0
5789,08-22-24,2538,43,Female,Clothing,111.17,5,20,111.17,555.85,444.68,Credit Card,18,4,False,East,1533.02
5790,09-17-23,4408,43,Male,Clothing,24.26,8,0,0.0,194.08,194.08,Credit Card,28,5,False,East,723.36
5791,09-25-23,4646,25,Other,Beauty,4.25,5,10,2.12,21.25,19.13,Credit Card,14,5,False,West,1502.55
5792,07-02-24,1560,18,Male,Clothing,263.87,8,10,211.1,2110.96,1899.86,Credit Card,20,3,False,West,1969.58
5793,03-09-24,2099,58,Female,Home & Garden,9.94,8,20,15.9,79.52,63.62,Mobile Wallet,26,5,False,East,115.01
5794,08-01-24,2903,38,Female,Clothing,2.5,1,0,0.0,2.5,2.5,PayPal,28,4,False,South,750.26
5795,01-10-24,1174,40,Other,Home & Garden,26.44,4,10,10.58,105.76,95.18,Mobile Wallet,25,2,False,South,374.07
5796,09-18-24,3156,41,Male,Beauty,6.47,9,0,0.0,58.23,58.23,Debit Card,27,3,False,South,2147.93
5797,10-10-23,3230,16,Other,Home & Garden,192.53,2,5,19.25,385.06,365.81,Debit Card,2,4,False,East,1206.11
5798,11-27-24,1191,57,Male,Beauty,23.97,4,0,0.0,95.88,95.88,Mobile Wallet,5,5,False,South,1031.17
5799,02-11-24,1064,28,Male,Sports,87.38,4,0,0.0,349.52,349.52,Debit Card,13,3,False,West,608.8
5800,07-28-23,4920,47,Female,Clothing,9.72,1,20,1.94,9.72,7.78,PayPal,7,3,False,East,403.52
5801,02-28-24,4010,56,Other,Books,7.47,7,5,2.61,52.29,49.68,PayPal,10,5,False,East,486.53
5802,07-19-24,2497,36,Other,Electronics,52.39,1,10,5.24,52.39,47.15,Mobile Wallet,28,5,False,South,214.69
5803,07-24-24,4854,17,Female,Books,120.02,5,10,60.01,600.1,540.09,Debit Card,20,4,False,North,1670.59
5804,05-09-24,4171,-2,Female,Clothing,6.08,8,0,0.0,48.64,48.64,PayPal,7,4,False,East,336.97
5805,07-03-23,2567,34,Other,Books,44.49,4,15,26.69,177.96,151.27,PayPal,23,3,True,West,1230.31
5806,01-15-24,3911,38,Female,Clothing,4.44,5,15,3.33,22.2,18.87,Debit Card,18,1,False,East,61.65
5807,07-26-24,2151,26,Male,Clothing,83.61,3,10,25.08,250.83,225.75,Credit Card,18,3,False,South,281.76
5808,07-22-24,4523,37,Other,Books,120.01,5,0,0.0,600.05,600.05,Debit Card,2,2,False,West,1599.81
5809,05-10-24,2937,41,Other,Home & Garden,49.55,3,0,0.0,148.65,148.65,Mobile Wallet,25,4,False,North,445.89
5810,09-17-23,1368,49,Female,Sports,58.29,4,5,11.66,233.16,221.5,Credit Card,16,5,False,North,253.06
5811,11-11-23,1850,31,Male,Sports,2.85,3,20,1.71,8.55,6.84,Mobile Wallet,13,5,False,South,110.79
5812,08-14-24,1042,34,Other,Sports,3.79,5,15,2.84,18.95,16.11,PayPal,17,5,False,West,1061.36
5813,12-19-23,2907,32,Other,Sports,9.9,2,0,0.0,19.8,19.8,Credit Card,6,4,False,West,709.2
5814,12-23-24,4490,35,Male,Electronics,16.0,9,10,14.4,144.0,129.6,Mobile Wallet,23,5,False,North,272.01
5815,02-12-24,3535,27,Female,Beauty,71.33,3,15,32.1,213.99,181.89,Mobile Wallet,9,4,False,South,731.44
5816,05-22-23,1077,27,Female,Clothing,28.58,1,20,5.72,28.58,22.86,Mobile Wallet,3,3,False,South,321.06
5817,11-06-24,3873,28,Female,Electronics,4.07,5,0,0.0,20.35,20.35,Credit Card,25,4,True,North,69.43
5818,05-02-23,2824,37,Female,Sports,95.75,4,15,57.45,383.0,325.55,Mobile Wallet,7,4,False,East,357.19
5819,08-24-23,2293,22,Male,Sports,254.38,2,0,0.0,508.76,508.76,Credit Card,5,5,False,North,508.76
5820,04-02-24,1673,28,Male,Books,30.35,8,20,48.56,242.8,194.24,Credit Card,28,5,False,West,1150.08
5821,12-17-24,1700,62,Other,Sports,35.85,9,5,16.13,322.65,306.52,Mobile Wallet,21,5,False,East,323.18
5822,06-15-23,1758,48,Other,Clothing,4.09,6,15,3.68,24.54,20.86,PayPal,7,2,False,East,977.31
5823,04-13-23,2923,20,Male,Sports,24.15,8,20,38.64,193.2,154.56,Debit Card,10,5,False,East,1071.95
5824,08-08-23,3775,47,Other,Sports,23.25,2,5,2.33,46.5,44.17,Debit Card,22,5,False,West,74.07
5825,06-04-24,4386,44,Male,Electronics,168.76,6,5,50.63,1012.56,961.93,Credit Card,24,5,True,North,977.36
5826,02-15-24,3972,33,Female,Clothing,54.0,1,20,10.8,54.0,43.2,Mobile Wallet,10,5,False,East,1140.52
5827,12-13-23,4922,24,Male,Home & Garden,76.21,3,10,22.86,228.63,205.77,Debit Card,10,5,False,South,205.77
5828,07-17-24,1901,22,Male,Books,6.87,7,20,9.62,48.09,38.47,Debit Card,25,4,False,South,1421.64
5829,09-20-24,3936,38,Other,Home & Garden,26.97,1,0,0.0,26.97,26.97,Mobile Wallet,6,5,False,East,635.81
5830,12-14-24,1992,22,Male,Beauty,10.63,6,10,6.38,63.78,57.4,Debit Card,19,4,False,North,431.38
5831,12-01-24,2191,51,Female,Electronics,98.37,7,5,34.43,688.59,654.16,Mobile Wallet,28,4,False,West,2255.33
5832,12-24-24,3386,55,Female,Sports,8.27,3,15,3.72,24.81,21.09,Debit Card,25,5,False,East,528.09
5833,02-23-23,3240,34,Other,Books,28.89,8,5,11.56,231.12,219.56,PayPal,18,3,False,West,362.03
5834,06-14-23,2476,52,Other,Beauty,2.76,8,15,3.31,22.08,18.77,Mobile Wallet,21,5,False,South,18.77
5835,02-03-24,3330,28,Male,Beauty,50.3,5,15,37.72,251.5,213.78,Debit Card,15,4,False,South,674.69
5836,10-13-24,4407,24,Other,Clothing,32.88,2,20,13.15,65.76,52.61,Credit Card,26,2,True,East,52.61
5837,01-06-23,1389,51,Female,Books,34.45,2,20,13.78,68.9,55.12,Mobile Wallet,13,4,False,West,1424.19
5838,04-04-23,1999,58,Other,Beauty,5.36,5,5,1.34,26.8,25.46,Debit Card,20,5,False,North,25.46
5839,05-29-23,1524,64,Other,Electronics,36.08,4,20,28.86,144.32,115.46,PayPal,2,4,False,South,868.48
5840,04-27-24,4311,39,Female,Sports,41.48,4,5,8.3,165.92,157.62,Debit Card,22,5,False,West,523.96
5841,09-06-24,2855,47,Male,Electronics,164.63,5,20,164.63,823.15,658.52,Credit Card,28,5,False,North,2514.91
5842,03-21-24,2506,39,Male,Beauty,1.69,1,20,0.34,1.69,1.35,Mobile Wallet,10,3,False,West,335.48
5843,04-01-23,1658,56,Other,Clothing,128.01,7,15,134.41,896.07,761.66,PayPal,23,2,False,South,1094.44
5844,03-07-23,3763,41,Female,Home & Garden,32.65,3,10,9.8,97.95,88.15,Debit Card,2,2,False,South,198.3
5845,09-27-23,4663,47,Female,Sports,11.79,8,20,18.86,94.32,75.46,Credit Card,29,4,False,East,143.56
5846,08-16-23,1890,17,Female,Sports,54.76,9,20,98.57,492.84,394.27,Credit Card,3,2,False,West,979.5
5847,01-15-24,4626,31,Male,Electronics,36.39,8,5,14.56,291.12,276.56,Credit Card,5,4,False,South,389.3
5848,03-23-23,2481,47,Female,Electronics,12.86,2,15,3.86,25.72,21.86,Debit Card,25,5,False,West,175.57
5849,09-15-24,4160,45,Female,Electronics,49.29,7,15,51.75,345.03,293.28,PayPal,15,5,False,East,322.5
5850,02-08-23,4731,48,Male,Beauty,32.05,4,10,12.82,128.2,115.38,Debit Card,7,4,False,South,1352.1
5851,01-29-24,4166,36,Female,Sports,58.4,5,10,29.2,292.0,262.8,PayPal,15,5,False,South,715.41
5852,02-15-24,1451,25,Male,Electronics,58.41,5,10,29.2,292.05,262.85,Mobile Wallet,28,2,False,North,460.85
5853,09-20-24,3475,34,Other,Books,32.01,9,20,57.62,288.09,230.47,PayPal,12,5,False,East,290.09
5854,11-02-24,4222,35,Other,Beauty,24.78,2,5,2.48,49.56,47.08,Credit Card,3,2,True,West,123.35
5855,06-17-24,2537,38,Other,Beauty,3.27,2,0,0.0,6.54,6.54,Credit Card,10,4,False,West,643.34
5856,10-21-23,4447,20,Other,Books,34.05,3,5,5.11,102.15,97.04,Credit Card,4,4,False,North,986.25
5857,12-29-24,4093,31,Other,Books,13.93,5,15,10.45,69.65,59.2,Debit Card,7,3,True,East,141.68
5858,09-03-24,1882,33,Male,Beauty,2.74,4,10,1.1,10.96,9.86,Mobile Wallet,11,5,False,West,693.68
5859,02-28-23,1312,1,Male,Sports,20.05,9,0,0.0,180.45,180.45,PayPal,17,3,False,West,1104.04
5860,06-29-23,1839,47,Male,Electronics,4.58,3,15,2.06,13.74,11.68,Credit Card,20,4,True,North,248.71
5861,10-17-24,3566,37,Female,Clothing,43.34,1,10,4.33,43.34,39.01,Mobile Wallet,15,4,False,South,1019.08
5862,05-21-24,4277,38,Other,Electronics,35.03,5,0,0.0,175.15,175.15,Mobile Wallet,17,4,False,West,331.56
5863,03-25-24,1374,27,Female,Sports,78.61,8,5,31.44,628.88,597.44,Debit Card,14,1,False,East,1233.1
5864,01-11-23,1450,43,Female,Books,15.57,1,15,2.34,15.57,13.23,PayPal,21,5,False,West,1269.49
5865,07-26-23,4697,22,Female,Sports,23.22,1,20,4.64,23.22,18.58,Mobile Wallet,28,1,False,West,247.24
5866,11-03-24,4855,24,Other,Electronics,58.39,6,0,0.0,350.34,350.34,PayPal,12,5,False,East,691.33
5867,06-14-24,4062,44,Female,Sports,247.7,7,0,0.0,1733.9,1733.9,Debit Card,18,3,False,East,1977.81
5868,10-20-23,1594,40,Other,Clothing,117.26,8,5,46.9,938.08,891.18,PayPal,25,2,False,South,891.18
5869,07-19-23,4250,15,Other,Sports,36.78,8,5,14.71,294.24,279.53,Debit Card,13,4,False,West,279.53
5870,02-04-23,2233,58,Other,Home & Garden,56.65,3,15,25.49,169.95,144.46,Credit Card,19,4,False,South,178.51
5871,09-05-24,1499,23,Female,Sports,37.96,4,20,30.37,151.84,121.47,PayPal,5,4,False,East,196.16
5872,06-06-24,1463,33,Other,Electronics,28.53,9,10,25.68,256.77,231.09,Debit Card,12,2,False,North,453.6
5873,06-12-24,4911,61,Other,Home & Garden,46.1,5,0,0.0,230.5,230.5,Mobile Wallet,8,1,False,North,652.76
5874,12-16-24,4195,4,Male,Books,24.43,9,0,0.0,219.87,219.87,Credit Card,8,5,False,South,360.65
5875,08-26-23,1112,9,Female,Electronics,16.44,5,15,12.33,82.2,69.87,Mobile Wallet,9,5,False,West,573.94
5876,09-21-24,2035,41,Male,Beauty,61.15,5,10,30.58,305.75,275.17,Credit Card,28,2,False,South,1111.47
5877,06-23-23,4197,-2,Male,Clothing,102.78,9,10,92.5,925.02,832.52,Credit Card,19,3,False,West,1940.7
5878,11-21-24,4636,4,Female,Sports,16.99,6,10,10.19,101.94,91.75,PayPal,19,1,False,North,650.02
5879,02-06-23,3378,52,Male,Sports,61.36,3,15,27.61,184.08,156.47,Mobile Wallet,4,5,False,North,946.99
5880,01-04-24,2924,28,Other,Electronics,28.46,5,0,0.0,142.3,142.3,Mobile Wallet,6,4,False,South,656.24
5881,09-02-23,4354,67,Male,Sports,17.98,1,5,0.9,17.98,17.08,Credit Card,23,5,False,West,1867.52
5882,11-01-24,1139,19,Male,Sports,48.53,9,0,0.0,436.77,436.77,Credit Card,28,4,False,West,450.63
5883,01-01-23,2424,30,Other,Books,140.18,7,5,49.06,981.26,932.2,Credit Card,12,5,False,West,1168.03
5884,06-11-23,3949,43,Male,Sports,21.67,1,5,1.08,21.67,20.59,Debit Card,1,5,False,West,1257.32
5885,03-30-23,4168,42,Other,Sports,71.25,4,15,42.75,285.0,242.25,PayPal,18,4,False,North,881.81
5886,10-10-23,1516,31,Female,Books,18.89,2,10,3.78,37.78,34.0,Credit Card,19,5,False,North,258.52
5887,02-14-24,3616,25,Male,Beauty,81.45,3,15,36.65,244.35,207.7,PayPal,17,5,False,North,583.58
5888,12-28-23,2947,38,Female,Sports,71.35,4,5,14.27,285.4,271.13,Credit Card,3,1,False,South,1272.96
5889,11-16-24,3893,55,Male,Beauty,72.54,2,0,0.0,145.08,145.08,Debit Card,4,4,False,North,148.77
5890,02-09-24,4140,46,Other,Books,303.92,1,5,15.2,303.92,288.72,Credit Card,27,5,False,East,979.58
5891,02-20-24,3165,25,Male,Clothing,7.57,4,15,4.54,30.28,25.74,PayPal,14,5,False,South,176.74
5892,08-23-24,1887,20,Female,Sports,24.62,9,0,0.0,221.58,221.58,Credit Card,6,5,False,East,221.58
5893,07-25-23,4130,24,Other,Electronics,49.82,9,10,44.84,448.38,403.54,PayPal,5,5,False,West,840.99
5894,06-14-24,4104,15,Other,Home & Garden,44.64,9,15,60.26,401.76,341.5,Mobile Wallet,27,5,False,East,793.62
5895,01-16-23,2341,37,Female,Clothing,75.85,3,20,45.51,227.55,182.04,PayPal,6,3,False,West,349.16
5896,12-21-24,1049,47,Female,Sports,2.4,1,5,0.12,2.4,2.28,Debit Card,13,4,False,North,339.77
5897,03-12-23,4951,33,Male,Electronics,61.05,1,10,6.1,61.05,54.95,Credit Card,9,4,False,East,54.95
5898,04-03-23,4560,60,Male,Home & Garden,66.92,3,10,20.08,200.76,180.68,Mobile Wallet,17,3,False,South,649.98
5899,07-16-24,1018,61,Other,Books,3.15,8,0,0.0,25.2,25.2,PayPal,15,5,False,West,1186.82
5900,10-19-23,1725,39,Female,Sports,38.68,4,15,23.21,154.72,131.51,Mobile Wallet,15,5,False,South,819.83
5901,07-26-24,3244,45,Female,Beauty,14.05,8,5,5.62,112.4,106.78,Debit Card,29,5,False,South,335.83
5902,08-19-24,4962,21,Male,Beauty,80.88,7,20,113.23,566.16,452.93,Mobile Wallet,19,3,False,South,1183.99
5903,12-23-23,2473,29,Male,Books,2.54,8,5,1.02,20.32,19.3,Mobile Wallet,8,5,False,North,1814.37
5904,12-22-23,3606,54,Other,Clothing,7.9,2,15,2.37,15.8,13.43,PayPal,9,3,False,South,511.62
5905,10-11-23,4750,26,Female,Beauty,5.52,8,10,4.42,44.16,39.74,Debit Card,27,5,False,East,486.25
5906,08-20-23,1451,57,Female,Home & Garden,3.37,9,20,6.07,30.33,24.26,Credit Card,2,2,False,North,460.85
5907,09-12-24,3336,51,Female,Beauty,45.82,6,0,0.0,274.92,274.92,Credit Card,14,4,False,West,548.42
5908,07-19-23,2164,46,Female,Home & Garden,101.46,3,15,45.66,304.38,258.72,Credit Card,26,2,True,West,294.04
5909,04-10-24,2107,17,Male,Beauty,35.77,7,5,12.52,250.39,237.87,Credit Card,14,4,False,South,649.66
5910,02-18-24,4765,30,Male,Books,11.82,9,15,15.96,106.38,90.42,Credit Card,5,5,False,West,176.39
5911,08-11-24,3438,44,Male,Books,21.06,8,0,0.0,168.48,168.48,Mobile Wallet,29,5,False,West,1054.87
5912,01-05-23,4662,20,Other,Beauty,22.34,8,5,8.94,178.72,169.78,Credit Card,3,5,True,East,436.26
5913,09-25-23,1214,32,Female,Clothing,30.04,7,20,42.06,210.28,168.22,Mobile Wallet,10,4,False,East,168.22
5914,06-29-23,2549,46,Male,Electronics,27.28,5,5,6.82,136.4,129.58,PayPal,2,4,False,South,310.07
5915,02-21-24,3262,26,Female,Beauty,55.61,2,5,5.56,111.22,105.66,PayPal,13,3,False,South,427.41
5916,06-02-24,4474,22,Male,Sports,20.77,5,0,0.0,103.85,103.85,Debit Card,28,5,False,East,1045.8
5917,04-20-23,1127,7,Other,Electronics,54.38,5,5,13.6,271.9,258.3,Credit Card,11,4,False,East,1100.63
5918,07-26-24,2845,29,Male,Beauty,39.57,2,15,11.87,79.14,67.27,Mobile Wallet,11,3,False,South,215.79
5919,03-16-23,4548,46,Other,Home & Garden,2.49,1,10,0.25,2.49,2.24,Credit Card,9,4,False,East,352.84
5920,05-30-24,1759,21,Female,Sports,126.08,5,0,0.0,630.4,630.4,Mobile Wallet,21,2,False,South,630.4
5921,10-29-23,3451,35,Male,Clothing,9.8,6,0,0.0,58.8,58.8,PayPal,9,5,False,North,146.01
5922,12-15-23,4100,31,Male,Electronics,30.03,7,0,0.0,210.21,210.21,Debit Card,12,3,False,North,1984.68
5923,04-30-23,2815,25,Male,Electronics,147.44,2,15,44.23,294.88,250.65,Debit Card,1,4,False,West,740.66
5924,06-09-24,3385,47,Female,Sports,14.21,6,15,12.79,85.26,72.47,Debit Card,20,4,False,West,408.1
5925,09-21-23,3878,59,Other,Clothing,1.12,8,15,1.34,8.96,7.62,Credit Card,17,4,False,South,695.75
5926,07-04-24,3761,50,Other,Beauty,33.67,6,15,30.3,202.02,171.72,Mobile Wallet,5,3,False,South,904.26
5927,08-11-24,1360,24,Male,Clothing,12.68,3,5,1.9,38.04,36.14,Credit Card,12,4,False,South,36.14
5928,09-14-23,1568,64,Female,Beauty,43.62,3,0,0.0,130.86,130.86,Debit Card,11,2,False,West,150.53
5929,12-11-24,2415,50,Other,Electronics,84.94,7,0,0.0,594.58,594.58,Credit Card,21,5,True,East,1003.16
5930,03-29-24,3265,28,Other,Beauty,35.79,2,20,14.32,71.58,57.26,Credit Card,29,2,False,East,576.31
5931,01-22-24,2597,23,Other,Electronics,51.79,3,10,15.54,155.37,139.83,Credit Card,16,4,False,West,898.4
5932,07-30-24,2692,51,Other,Books,54.85,7,5,19.2,383.95,364.75,Credit Card,7,4,False,North,746.14
5933,05-10-24,1201,37,Other,Sports,85.89,9,10,77.3,773.01,695.71,Mobile Wallet,23,3,False,South,1026.56
5934,09-07-23,3064,22,Male,Clothing,58.23,1,5,2.91,58.23,55.32,Mobile Wallet,8,4,False,South,539.31
5935,12-14-23,3369,32,Male,Home & Garden,186.85,5,5,46.71,934.25,887.54,Debit Card,22,4,False,West,4631.18
5936,04-14-24,1517,28,Male,Sports,30.46,2,5,3.05,60.92,57.87,Debit Card,26,3,False,South,547.27
5937,11-28-24,4641,22,Other,Beauty,2.58,5,0,0.0,12.9,12.9,PayPal,19,5,False,East,1468.91
5938,04-16-24,2348,50,Other,Books,25.05,6,10,15.03,150.3,135.27,Mobile Wallet,25,1,False,South,1005.8
5939,08-23-24,2435,46,Other,Sports,91.59,8,10,73.27,732.72,659.45,Credit Card,15,3,False,East,892.97
5940,01-29-23,2341,47,Male,Electronics,7.14,7,15,7.5,49.98,42.48,Mobile Wallet,5,5,False,West,349.16
5941,05-08-24,1680,47,Other,Sports,66.58,5,10,33.29,332.9,299.61,Credit Card,9,5,False,North,329.89
5942,04-30-23,2988,21,Male,Beauty,38.36,5,15,28.77,191.8,163.03,Credit Card,21,3,False,South,375.82
5943,09-22-23,4153,25,Other,Sports,115.46,2,20,46.18,230.92,184.74,PayPal,19,5,True,West,1048.27
5944,03-11-23,4545,56,Male,Sports,65.69,6,15,59.12,394.14,335.02,PayPal,13,4,False,South,678.99
5945,01-27-24,2491,36,Female,Beauty,54.02,3,5,8.1,162.06,153.96,PayPal,7,4,False,East,153.96
5946,10-10-24,1424,12,Other,Home & Garden,108.96,6,0,0.0,653.76,653.76,PayPal,25,4,True,South,731.2
5947,08-14-23,2968,38,Other,Books,119.42,3,5,17.91,358.26,340.35,Credit Card,1,5,False,West,834.62
5948,11-24-24,4802,44,Male,Sports,24.3,2,20,9.72,48.6,38.88,Credit Card,3,5,False,West,1064.62
5949,12-19-24,2712,42,Other,Sports,131.45,8,0,0.0,1051.6,1051.6,Mobile Wallet,7,3,False,East,1266.49
5950,08-24-23,4275,20,Male,Home & Garden,2.81,4,20,2.25,11.24,8.99,Credit Card,9,3,False,South,534.81
5951,11-20-23,4654,63,Male,Clothing,71.89,5,5,17.97,359.45,341.48,Mobile Wallet,4,5,False,North,406.25
5952,02-27-24,4066,12,Female,Sports,20.51,9,0,0.0,184.59,184.59,Mobile Wallet,21,4,False,West,629.74
5953,12-28-23,3434,36,Female,Beauty,33.41,4,20,26.73,133.64,106.91,PayPal,8,2,False,South,1276.0
5954,06-12-24,1777,61,Other,Beauty,90.32,1,15,13.55,90.32,76.77,Mobile Wallet,20,1,False,East,845.47
5955,07-02-24,3145,43,Other,Sports,50.67,6,10,30.4,304.02,273.62,Debit Card,18,4,False,West,832.99
5956,01-10-23,4416,47,Male,Clothing,30.58,5,5,7.64,152.9,145.26,Debit Card,23,4,False,South,2019.06
5957,12-18-24,2826,19,Male,Beauty,8.95,3,15,4.03,26.85,22.82,Credit Card,2,5,False,East,950.84
5958,09-27-23,1207,40,Male,Sports,140.06,5,20,140.06,700.3,560.24,Debit Card,14,4,False,South,1076.31
5959,09-12-23,2537,34,Male,Sports,20.21,8,20,32.34,161.68,129.34,PayPal,6,5,False,East,643.34
5960,10-22-23,2659,18,Other,Sports,5.33,1,0,0.0,5.33,5.33,PayPal,7,4,True,South,19.78
5961,04-06-23,4863,47,Female,Books,41.52,4,15,24.91,166.08,141.17,Mobile Wallet,24,5,False,North,390.33
5962,02-13-24,3633,22,Other,Beauty,26.07,3,20,15.64,78.21,62.57,Credit Card,21,5,True,South,62.57
5963,11-20-24,3213,24,Other,Electronics,44.64,4,0,0.0,178.56,178.56,Debit Card,1,2,False,East,296.78
5964,12-17-23,1021,41,Other,Books,13.3,2,10,2.66,26.6,23.94,Credit Card,16,5,False,North,1046.95
5965,03-19-23,1153,32,Female,Clothing,23.8,2,10,4.76,47.6,42.84,Mobile Wallet,3,5,False,North,566.71
5966,07-21-24,2962,37,Other,Books,179.69,2,0,0.0,359.38,359.38,PayPal,26,5,False,West,359.38
5967,07-02-23,4510,31,Female,Books,137.86,3,15,62.04,413.58,351.54,Mobile Wallet,25,3,False,West,817.71
5968,05-02-24,4366,56,Male,Home & Garden,99.9,9,0,0.0,899.1,899.1,Debit Card,15,4,False,West,1316.8
5969,11-18-23,1218,21,Other,Clothing,75.51,5,0,0.0,377.55,377.55,PayPal,22,3,False,East,377.55
5970,12-29-23,1668,28,Male,Clothing,8.51,4,15,5.11,34.04,28.93,Debit Card,11,4,True,East,28.93
5971,08-12-23,2518,42,Male,Clothing,31.46,4,10,12.58,125.84,113.26,Credit Card,5,5,False,South,360.88
5972,08-10-24,3277,20,Male,Books,65.08,3,20,39.05,195.24,156.19,PayPal,17,4,False,North,342.09
5973,10-03-23,3067,19,Other,Clothing,15.17,9,10,13.65,136.53,122.88,Credit Card,16,5,False,East,122.88
5974,07-07-23,3600,37,Male,Beauty,1.68,1,15,0.25,1.68,1.43,PayPal,20,5,False,South,1866.1
5975,11-30-24,1949,48,Other,Home & Garden,27.07,6,5,8.12,162.42,154.3,Debit Card,21,4,False,South,1008.89
5976,07-14-23,3195,49,Male,Sports,27.68,4,15,16.61,110.72,94.11,Debit Card,18,5,False,East,94.11
5977,05-25-24,4179,36,Other,Books,3.37,8,10,2.7,26.96,24.26,Mobile Wallet,29,5,False,North,659.32
5978,07-24-23,1402,24,Other,Sports,19.33,7,10,13.53,135.31,121.78,Mobile Wallet,5,4,False,East,121.78
5979,08-29-23,1595,39,Other,Sports,124.63,3,15,56.08,373.89,317.81,PayPal,19,4,False,South,987.4
5980,09-05-23,4554,43,Male,Books,14.4,5,15,10.8,72.0,61.2,PayPal,8,2,False,East,182.18
5981,09-29-23,3414,38,Other,Beauty,42.1,4,15,25.26,168.4,143.14,PayPal,26,4,True,West,582.24
5982,07-31-23,4905,53,Male,Books,33.46,4,10,13.38,133.84,120.46,Mobile Wallet,14,4,False,South,120.46
5983,08-23-23,2437,19,Female,Clothing,99.07,8,0,0.0,792.56,792.56,Debit Card,11,5,False,East,792.56
5984,07-27-23,4380,24,Male,Home & Garden,53.0,9,5,23.85,477.0,453.15,Credit Card,29,1,False,East,494.88
5985,09-13-23,3849,51,Male,Books,8.62,4,0,0.0,34.48,34.48,Credit Card,15,5,False,North,256.48
5986,09-25-24,3965,12,Other,Sports,7.71,2,10,1.54,15.42,13.88,PayPal,1,4,False,North,153.46
5987,12-31-23,4906,26,Male,Books,40.76,1,0,0.0,40.76,40.76,Credit Card,20,4,False,West,693.3
5988,06-09-23,2157,24,Female,Home & Garden,2.38,4,15,1.43,9.52,8.09,Credit Card,12,3,False,South,102.99
5989,04-20-23,2742,11,Other,Electronics,25.01,8,20,40.02,200.08,160.06,Credit Card,11,5,False,West,297.5
5990,05-03-23,2306,32,Male,Beauty,25.46,5,15,19.1,127.3,108.2,Mobile Wallet,15,4,False,West,681.69
5991,03-22-23,4849,46,Male,Sports,10.93,2,5,1.09,21.86,20.77,Mobile Wallet,9,5,False,West,20.77
5992,11-23-24,1072,37,Other,Electronics,17.91,4,15,10.75,71.64,60.89,Credit Card,12,3,False,North,1005.16
5993,11-10-24,1480,46,Other,Electronics,20.02,4,20,16.02,80.08,64.06,Debit Card,1,2,False,East,496.96
5994,05-19-24,4423,52,Male,Home & Garden,0.59,5,10,0.3,2.95,2.65,Debit Card,22,5,False,West,757.06
5995,09-20-24,1559,29,Male,Beauty,81.97,2,0,0.0,163.94,163.94,Mobile Wallet,22,5,False,North,239.53
5996,01-07-23,4397,74,Other,Books,157.85,7,15,165.74,1104.95,939.21,Debit Card,27,5,False,East,1462.07
5997,07-08-24,1744,29,Other,Electronics,17.07,5,0,0.0,85.35,85.35,PayPal,2,5,False,East,85.35
5998,02-13-23,2466,31,Female,Clothing,5.94,4,5,1.19,23.76,22.57,PayPal,17,4,False,South,2005.56
5999,05-08-24,1099,24,Female,Books,153.47,8,0,0.0,1227.76,1227.76,Debit Card,1,3,False,North,1227.76
6000,01-16-24,2082,43,Female,Beauty,67.46,2,5,6.75,134.92,128.17,Credit Card,10,4,False,West,1245.16
6001,09-27-24,3555,30,Other,Sports,110.89,1,5,5.54,110.89,105.35,Debit Card,13,2,False,South,851.88
6002,11-19-23,3305,33,Other,Books,22.38,6,15,20.14,134.28,114.14,Credit Card,29,3,False,East,440.65
6003,05-19-24,1412,31,Other,Home & Garden,33.09,8,20,52.94,264.72,211.78,Credit Card,15,4,False,West,350.75
6004,08-11-24,4523,31,Male,Home & Garden,133.13,7,0,0.0,931.91,931.91,Debit Card,5,2,False,West,1599.81
6005,10-09-23,2088,37,Other,Sports,30.77,9,5,13.85,276.93,263.08,PayPal,11,5,False,East,506.38
6006,05-17-24,3642,28,Male,Sports,55.75,1,5,2.79,55.75,52.96,Credit Card,21,1,False,South,838.42
6007,07-07-23,2177,28,Other,Sports,61.0,3,5,9.15,183.0,173.85,Credit Card,27,4,False,South,627.76
6008,06-07-24,3008,51,Other,Home & Garden,90.74,9,10,81.67,816.66,734.99,Mobile Wallet,26,4,False,South,911.75
6009,10-14-23,3313,30,Male,Beauty,184.8,5,0,0.0,924.0,924.0,Debit Card,7,5,False,East,1304.65
6010,02-12-24,1820,40,Other,Beauty,20.39,6,0,0.0,122.34,122.34,Mobile Wallet,25,4,False,North,440.8
6011,08-16-23,4150,21,Other,Books,14.21,7,5,4.97,99.47,94.5,Credit Card,4,3,False,East,953.01
6012,08-13-24,4386,28,Other,Electronics,4.04,3,0,0.0,12.12,12.12,Credit Card,20,4,False,East,977.36
6013,05-12-23,1661,16,Female,Electronics,97.08,7,0,0.0,679.56,679.56,Mobile Wallet,27,4,False,West,2323.02
6014,02-25-23,3994,62,Other,Clothing,17.31,3,10,5.19,51.93,46.74,Debit Card,11,3,False,East,1762.42
6015,06-22-24,1559,55,Male,Home & Garden,2.54,6,5,0.76,15.24,14.48,Mobile Wallet,7,2,False,East,239.53
6016,03-09-24,3964,43,Male,Sports,100.22,8,0,0.0,801.76,801.76,Mobile Wallet,14,4,True,North,2127.34
6017,05-04-24,3938,67,Male,Beauty,35.66,7,20,49.92,249.62,199.7,Credit Card,25,3,False,East,498.47
6018,07-07-24,2271,46,Other,Books,91.1,5,5,22.78,455.5,432.72,PayPal,7,2,False,West,675.44
6019,02-03-23,2813,32,Male,Beauty,40.43,6,0,0.0,242.58,242.58,PayPal,24,3,False,South,557.13
6020,05-29-24,3915,40,Female,Home & Garden,18.82,4,10,7.53,75.28,67.75,PayPal,10,4,False,West,575.77
6021,12-22-23,1609,55,Male,Clothing,6.95,2,20,2.78,13.9,11.12,Debit Card,16,3,False,North,154.65
6022,02-08-24,3461,21,Other,Beauty,28.74,7,15,30.18,201.18,171.0,Mobile Wallet,7,3,False,West,1936.15
6023,12-03-24,1024,17,Female,Electronics,1.35,4,15,0.81,5.4,4.59,Debit Card,25,5,False,South,358.51
6024,06-28-23,3028,41,Male,Books,46.12,6,20,55.34,276.72,221.38,PayPal,22,5,False,South,367.61
6025,04-13-24,1283,26,Female,Electronics,27.9,2,15,8.37,55.8,47.43,Debit Card,11,3,False,East,74.96
6026,05-04-23,2472,1,Male,Books,7.63,2,20,3.05,15.26,12.21,Debit Card,25,4,False,West,81.25
6027,12-16-24,3928,16,Other,Sports,37.78,6,0,0.0,226.68,226.68,Debit Card,19,5,False,West,1232.22
6028,06-14-24,1300,30,Female,Books,80.7,8,15,96.84,645.6,548.76,PayPal,4,5,False,West,1208.2
6029,04-16-24,2091,35,Male,Sports,184.05,1,15,27.61,184.05,156.44,Debit Card,25,2,False,North,330.63
6030,11-20-23,2030,36,Male,Home & Garden,37.47,7,20,52.46,262.29,209.83,Debit Card,2,4,False,East,751.2
6031,12-06-24,1816,65,Female,Electronics,6.94,6,0,0.0,41.64,41.64,PayPal,28,5,False,North,974.0
6032,01-09-23,4208,31,Female,Books,83.22,5,0,0.0,416.1,416.1,PayPal,16,3,False,North,927.78
6033,01-13-23,4235,39,Female,Books,59.5,8,5,23.8,476.0,452.2,Debit Card,2,3,False,South,1186.77
6034,11-21-24,1082,10,Female,Clothing,153.92,1,5,7.7,153.92,146.22,Mobile Wallet,26,5,False,North,696.84
6035,08-04-23,2920,34,Male,Electronics,38.31,5,0,0.0,191.55,191.55,Debit Card,8,3,False,South,1641.39
6036,01-24-24,4721,40,Male,Home & Garden,22.09,6,20,26.51,132.54,106.03,Credit Card,11,4,False,West,216.53
6037,08-17-24,4491,14,Male,Sports,164.63,4,10,65.85,658.52,592.67,PayPal,26,4,False,East,1614.31
6038,04-14-23,4144,20,Other,Home & Garden,38.66,2,10,7.73,77.32,69.59,Mobile Wallet,6,5,False,South,993.31
6039,11-30-23,4308,42,Female,Clothing,0.8,8,5,0.32,6.4,6.08,Credit Card,21,4,True,South,2068.86
6040,01-06-24,3093,26,Male,Home & Garden,32.09,5,15,24.07,160.45,136.38,Credit Card,18,5,True,North,136.38
6041,09-19-24,1617,33,Female,Sports,0.12,6,10,0.07,0.72,0.65,Credit Card,17,2,False,West,127.75
6042,09-23-23,3975,43,Female,Electronics,66.91,9,15,90.33,602.19,511.86,Mobile Wallet,19,5,False,North,1056.85
6043,07-11-23,4871,65,Male,Beauty,41.73,2,15,12.52,83.46,70.94,Credit Card,11,4,False,South,513.59
6044,07-15-24,3309,31,Female,Clothing,5.82,5,0,0.0,29.1,29.1,PayPal,6,5,False,East,447.81
6045,09-27-23,1175,61,Female,Books,83.84,1,10,8.38,83.84,75.46,Mobile Wallet,29,4,False,West,75.46
6046,08-31-23,2189,5,Female,Books,38.44,3,10,11.53,115.32,103.79,PayPal,27,4,True,West,463.02
6047,10-03-23,3704,37,Female,Electronics,6.06,6,15,5.45,36.36,30.91,Mobile Wallet,27,5,False,South,37.74
6048,04-27-24,1841,29,Female,Beauty,8.72,8,15,10.46,69.76,59.3,PayPal,12,5,False,East,59.3
6049,09-19-24,1369,27,Male,Home & Garden,86.33,5,0,0.0,431.65,431.65,Mobile Wallet,12,4,False,East,620.81
6050,12-18-23,2818,44,Male,Books,21.96,4,20,17.57,87.84,70.27,Credit Card,12,5,False,North,70.27
6051,01-10-24,3101,31,Female,Clothing,86.05,5,10,43.02,430.25,387.23,PayPal,5,5,False,East,922.2
6052,07-08-23,1689,4,Female,Beauty,3.6,4,10,1.44,14.4,12.96,PayPal,6,4,False,South,726.71
6053,05-25-24,4490,11,Female,Sports,13.98,2,0,0.0,27.96,27.96,PayPal,15,5,False,North,272.01
6054,03-10-24,2779,45,Other,Home & Garden,72.32,1,0,0.0,72.32,72.32,Debit Card,27,1,False,West,88.59
6055,08-04-23,4578,10,Female,Beauty,51.32,8,20,82.11,410.56,328.45,Credit Card,7,4,False,North,358.79
6056,03-05-24,2364,46,Other,Sports,18.32,1,15,2.75,18.32,15.57,PayPal,7,4,False,North,1833.12
6057,12-18-24,4198,36,Other,Beauty,137.46,2,10,27.49,274.92,247.43,PayPal,3,5,False,East,1525.73
6058,01-17-24,2432,32,Other,Beauty,11.85,5,15,8.89,59.25,50.36,Mobile Wallet,27,2,False,South,50.36
6059,01-09-24,4995,33,Male,Home & Garden,94.78,8,10,75.82,758.24,682.42,Credit Card,26,5,False,West,682.42
6060,02-15-24,1366,42,Other,Clothing,59.49,3,0,0.0,178.47,178.47,Credit Card,24,5,False,South,664.88
6061,10-14-23,4342,17,Female,Sports,6.46,9,0,0.0,58.14,58.14,PayPal,8,3,False,North,1473.39
6062,04-06-24,1643,35,Female,Clothing,40.5,6,0,0.0,243.0,243.0,Debit Card,11,2,True,East,742.5
6063,07-04-23,4676,17,Male,Sports,132.9,3,20,79.74,398.7,318.96,PayPal,19,1,True,South,496.69
6064,08-08-24,3426,37,Male,Home & Garden,48.23,7,10,33.76,337.61,303.85,Debit Card,22,3,False,West,492.72
6065,05-15-23,1072,44,Female,Clothing,37.62,7,0,0.0,263.34,263.34,Credit Card,25,5,False,East,1005.16
6066,08-12-24,4994,37,Male,Home & Garden,22.81,7,20,31.93,159.67,127.74,Credit Card,1,5,False,West,2670.69
6067,12-03-24,4993,44,Male,Beauty,77.74,4,15,46.64,310.96,264.32,Debit Card,27,5,False,West,1472.06
6068,08-23-23,3962,24,Other,Beauty,122.13,6,20,146.56,732.78,586.22,Credit Card,2,4,True,North,2716.25
6069,04-13-23,2271,34,Other,Home & Garden,69.98,3,20,41.99,209.94,167.95,Mobile Wallet,18,5,False,South,675.44
6070,10-04-23,1859,31,Male,Sports,64.59,4,5,12.92,258.36,245.44,Debit Card,21,5,False,South,257.04
6071,08-30-23,4856,30,Female,Beauty,10.69,3,15,4.81,32.07,27.26,Mobile Wallet,29,5,False,West,59.05
6072,07-22-24,1042,22,Other,Sports,89.78,3,5,13.47,269.34,255.87,PayPal,22,2,False,East,1061.36
6073,03-18-24,3424,28,Female,Clothing,2.08,1,10,0.21,2.08,1.87,PayPal,19,3,False,East,38.35
6074,01-26-24,2064,18,Male,Books,70.81,5,20,70.81,354.05,283.24,Mobile Wallet,20,5,False,North,785.09
6075,07-20-23,3217,9,Female,Beauty,11.84,3,20,7.1,35.52,28.42,Credit Card,26,5,True,North,149.07
6076,05-30-23,3259,24,Female,Beauty,33.4,1,20,6.68,33.4,26.72,Mobile Wallet,28,5,False,South,543.87
6077,06-03-23,2516,44,Female,Electronics,59.41,9,20,106.94,534.69,427.75,Credit Card,13,4,False,West,821.67
6078,04-29-24,4751,38,Female,Sports,71.16,4,5,14.23,284.64,270.41,Mobile Wallet,18,4,False,South,270.41
6079,01-10-23,3086,16,Male,Home & Garden,109.5,9,10,98.55,985.5,886.95,Mobile Wallet,28,5,False,North,1697.34
6080,06-30-23,1368,28,Male,Electronics,16.61,2,5,1.66,33.22,31.56,Credit Card,19,4,False,South,253.06
6081,03-07-24,3804,45,Other,Clothing,12.7,2,20,5.08,25.4,20.32,Mobile Wallet,28,4,True,West,38.05
6082,05-26-24,1150,28,Other,Electronics,279.25,4,10,111.7,1117.0,1005.3,Debit Card,8,4,False,South,1005.3
6083,05-18-23,2134,13,Other,Electronics,11.63,4,15,6.98,46.52,39.54,Credit Card,15,3,False,West,533.56
6084,10-07-24,2503,68,Other,Books,54.75,5,5,13.69,273.75,260.06,PayPal,21,4,False,East,519.08
6085,06-13-24,2459,32,Female,Books,152.61,1,0,0.0,152.61,152.61,PayPal,18,4,False,South,338.18
6086,06-30-24,2070,17,Other,Electronics,113.44,5,15,85.08,567.2,482.12,Mobile Wallet,10,4,True,East,494.85
6087,11-20-23,2023,37,Other,Books,29.28,2,15,8.78,58.56,49.78,PayPal,15,2,False,North,288.9
6088,05-13-24,2598,33,Female,Books,50.75,5,20,50.75,253.75,203.0,Debit Card,10,5,False,North,323.1
6089,11-04-23,3784,11,Male,Electronics,37.66,6,20,45.19,225.96,180.77,PayPal,27,5,True,West,220.96
6090,09-14-23,3040,36,Other,Sports,21.28,3,15,9.58,63.84,54.26,PayPal,18,2,True,North,269.65
6091,07-29-24,2389,49,Male,Books,7.8,4,5,1.56,31.2,29.64,Credit Card,20,2,False,East,1575.66
6092,08-04-24,1068,31,Other,Electronics,81.33,5,10,40.66,406.65,365.99,Mobile Wallet,25,5,True,West,475.58
6093,02-18-23,3346,4,Male,Sports,4.74,6,5,1.42,28.44,27.02,PayPal,6,4,False,West,27.02
6094,02-12-24,1943,40,Other,Beauty,47.03,9,5,21.16,423.27,402.11,Mobile Wallet,1,4,False,West,2913.03
6095,04-12-23,1801,44,Male,Books,45.12,9,15,60.91,406.08,345.17,Credit Card,14,5,False,North,487.31
6096,12-08-24,3343,26,Male,Electronics,20.39,6,5,6.12,122.34,116.22,PayPal,27,4,True,West,1966.31
6097,06-17-23,3250,26,Other,Books,7.27,1,10,0.73,7.27,6.54,PayPal,20,5,False,West,73.83
6098,03-03-23,1060,68,Male,Sports,80.38,6,15,72.34,482.28,409.94,Credit Card,3,4,False,East,2204.04
6099,08-09-23,1945,25,Other,Electronics,30.99,3,5,4.65,92.97,88.32,Credit Card,1,3,False,West,312.87
6100,09-18-23,4010,18,Other,Sports,64.6,5,20,64.6,323.0,258.4,PayPal,22,4,False,South,486.53
6101,05-02-24,4901,35,Female,Beauty,0.83,5,5,0.21,4.15,3.94,Debit Card,10,5,False,West,128.73
6102,10-06-24,2337,43,Other,Home & Garden,3.87,4,15,2.32,15.48,13.16,Mobile Wallet,17,4,False,West,161.44
6103,04-09-23,2184,42,Other,Clothing,9.67,3,15,4.35,29.01,24.66,Mobile Wallet,1,5,False,East,2317.61
6104,04-05-24,1330,-2,Other,Home & Garden,6.04,1,20,1.21,6.04,4.83,Mobile Wallet,16,5,False,South,79.97
6105,12-09-23,2551,25,Other,Books,10.64,7,15,11.17,74.48,63.31,Debit Card,23,2,False,North,2078.6
6106,09-24-23,1337,52,Female,Sports,58.0,8,0,0.0,464.0,464.0,Mobile Wallet,1,5,False,South,2592.33
6107,01-05-24,2629,39,Female,Electronics,2.41,5,15,1.81,12.05,10.24,Credit Card,27,5,False,West,1016.13
6108,01-04-24,2327,16,Female,Sports,1.93,8,5,0.77,15.44,14.67,Credit Card,29,4,False,South,1019.16
6109,07-27-24,2526,53,Female,Books,1.61,4,10,0.64,6.44,5.8,PayPal,3,4,False,North,1988.46
6110,07-24-24,2673,49,Male,Electronics,59.81,8,5,23.92,478.48,454.56,Debit Card,5,3,False,South,1144.62
6111,09-21-23,2361,30,Other,Home & Garden,38.41,3,15,17.28,115.23,97.95,Debit Card,19,4,False,South,240.78
6112,12-19-23,2573,48,Female,Sports,23.12,8,0,0.0,184.96,184.96,PayPal,22,5,False,West,2797.95
6113,01-21-23,3686,64,Other,Clothing,56.29,6,5,16.89,337.74,320.85,Debit Card,14,5,False,East,1686.8
6114,02-26-24,1274,19,Female,Beauty,40.33,9,10,36.3,362.97,326.67,Mobile Wallet,14,2,False,West,326.67
6115,05-05-23,2187,43,Other,Beauty,0.37,5,5,0.09,1.85,1.76,PayPal,25,5,True,West,1561.56
6116,12-26-23,4514,64,Male,Books,91.18,1,20,18.24,91.18,72.94,Mobile Wallet,18,5,False,South,1277.18
6117,11-26-24,3366,44,Female,Books,21.55,8,0,0.0,172.4,172.4,Mobile Wallet,7,3,False,North,172.4
6118,09-12-24,3636,23,Male,Sports,25.5,3,15,11.48,76.5,65.02,PayPal,20,5,True,East,426.6
6119,07-23-23,3551,38,Male,Home & Garden,76.23,5,5,19.06,381.15,362.09,Credit Card,29,3,False,West,1023.13
6120,08-13-24,4757,55,Other,Home & Garden,10.36,2,5,1.04,20.72,19.68,PayPal,11,4,False,South,130.63
6121,08-12-24,3434,19,Female,Clothing,0.51,7,5,0.18,3.57,3.39,Debit Card,22,5,False,West,1276.0
6122,10-27-24,2993,34,Male,Clothing,119.76,5,5,29.94,598.8,568.86,Mobile Wallet,10,4,False,North,700.88
6123,10-26-24,1869,31,Other,Sports,35.21,7,10,24.65,246.47,221.82,Mobile Wallet,12,4,False,West,786.21
6124,07-05-24,3880,25,Other,Electronics,21.5,7,20,30.1,150.5,120.4,Debit Card,10,4,False,East,152.31
6125,06-28-23,2014,38,Other,Home & Garden,85.48,5,20,85.48,427.4,341.92,PayPal,6,5,False,East,1631.95
6126,10-19-23,2911,33,Male,Electronics,1.33,5,0,0.0,6.65,6.65,Credit Card,8,4,False,South,146.91
6127,12-30-23,1602,44,Other,Electronics,11.3,9,0,0.0,101.7,101.7,Debit Card,7,4,False,West,101.7
6128,11-29-23,4821,52,Other,Sports,8.44,3,10,2.53,25.32,22.79,Credit Card,13,5,False,East,22.79
6129,11-20-24,2799,15,Other,Clothing,66.94,8,20,107.1,535.52,428.42,Mobile Wallet,21,5,False,West,1568.57
6130,06-06-24,1690,36,Male,Electronics,18.7,1,0,0.0,18.7,18.7,PayPal,23,4,False,East,18.7
6131,05-14-24,1493,34,Other,Sports,74.12,4,15,44.47,296.48,252.01,PayPal,12,4,False,North,484.87
6132,04-02-24,1489,38,Male,Clothing,2.12,2,20,0.85,4.24,3.39,Mobile Wallet,12,2,False,North,337.02
6133,03-22-23,3768,34,Other,Electronics,46.84,3,5,7.03,140.52,133.49,Debit Card,22,2,False,East,696.94
6134,01-26-24,4144,20,Male,Electronics,19.15,6,20,22.98,114.9,91.92,Mobile Wallet,13,5,True,East,993.31
6135,09-20-24,3556,56,Male,Clothing,10.35,4,15,6.21,41.4,35.19,Debit Card,21,3,False,West,331.5
6136,10-21-23,1389,63,Female,Beauty,84.85,1,5,4.24,84.85,80.61,Mobile Wallet,9,3,False,West,1424.19
6137,04-19-24,4690,43,Female,Clothing,26.57,5,20,26.57,132.85,106.28,Credit Card,20,5,False,East,378.52
6138,10-08-24,4928,43,Female,Books,42.39,3,5,6.36,127.17,120.81,PayPal,28,5,False,East,402.2
6139,05-29-23,1294,36,Male,Books,1.68,2,5,0.17,3.36,3.19,Credit Card,7,5,False,West,1754.84
6140,06-21-23,2392,49,Other,Sports,78.42,4,10,31.37,313.68,282.31,Debit Card,29,5,False,East,332.59
6141,10-17-24,3843,-1,Other,Sports,16.91,4,15,10.15,67.64,57.49,Debit Card,16,5,False,North,121.93
6142,12-12-23,3912,34,Male,Home & Garden,59.11,3,10,17.73,177.33,159.6,Mobile Wallet,23,2,False,West,914.65
6143,03-07-24,2717,26,Other,Books,71.45,5,20,71.45,357.25,285.8,Credit Card,19,4,False,North,1379.06
6144,10-08-24,3596,37,Male,Clothing,6.23,5,5,1.56,31.15,29.59,PayPal,24,5,False,West,56.63
6145,09-19-24,1648,51,Other,Books,17.54,8,20,28.06,140.32,112.26,Debit Card,25,4,False,East,1184.05
6146,08-08-24,2873,35,Male,Beauty,64.27,7,20,89.98,449.89,359.91,Mobile Wallet,11,5,False,South,706.18
6147,02-19-24,1567,29,Female,Sports,13.21,9,10,11.89,118.89,107.0,PayPal,5,1,False,West,107.0
6148,03-15-23,4258,13,Female,Beauty,94.25,7,20,131.95,659.75,527.8,Mobile Wallet,17,4,False,West,712.27
6149,03-23-23,3900,33,Other,Sports,18.7,2,15,5.61,37.4,31.79,Debit Card,1,5,False,South,263.47
6150,06-15-23,3817,45,Other,Beauty,25.74,3,5,3.86,77.22,73.36,PayPal,5,3,False,South,414.99
6151,12-18-23,1444,22,Other,Sports,5.25,6,0,0.0,31.5,31.5,Mobile Wallet,2,5,False,North,745.28
6152,08-22-23,4641,4,Other,Clothing,7.99,1,15,1.2,7.99,6.79,Debit Card,2,1,False,East,1468.91
6153,11-18-23,1362,69,Female,Beauty,16.11,8,0,0.0,128.88,128.88,Mobile Wallet,12,2,False,South,333.75
6154,11-21-23,3170,40,Female,Electronics,2.51,7,0,0.0,17.57,17.57,Mobile Wallet,29,4,False,West,22.47
6155,10-30-24,2211,31,Male,Sports,10.72,6,10,6.43,64.32,57.89,Mobile Wallet,22,2,False,South,82.42
6156,10-26-23,1741,55,Other,Books,26.29,5,0,0.0,131.45,131.45,PayPal,5,3,False,South,497.61
6157,12-28-24,3041,37,Female,Electronics,23.9,5,5,5.98,119.5,113.52,PayPal,11,3,False,East,582.02
6158,10-01-23,1679,54,Male,Books,11.08,8,10,8.86,88.64,79.78,Debit Card,13,4,False,East,250.88
6159,09-11-24,3467,53,Male,Sports,4.19,8,15,5.03,33.52,28.49,Mobile Wallet,18,4,False,North,730.8
6160,10-22-24,4697,15,Male,Clothing,19.15,3,15,8.62,57.45,48.83,PayPal,14,5,False,East,247.24
6161,02-09-24,4323,41,Female,Electronics,68.39,9,15,92.33,615.51,523.18,PayPal,5,5,False,North,808.89
6162,10-05-23,2642,60,Male,Electronics,35.68,3,20,21.41,107.04,85.63,Mobile Wallet,11,5,False,South,523.42
6163,03-31-24,2572,20,Other,Sports,146.69,8,10,117.35,1173.52,1056.17,Debit Card,4,5,False,North,1681.08
6164,01-07-24,2358,20,Male,Beauty,7.53,7,10,5.27,52.71,47.44,Credit Card,22,3,True,North,478.18
6165,08-24-24,3139,22,Male,Sports,11.62,9,10,10.46,104.58,94.12,Mobile Wallet,17,5,False,East,1303.35
6166,06-17-24,4601,48,Female,Sports,16.45,9,5,7.4,148.05,140.65,Debit Card,14,2,False,South,529.59
6167,04-06-24,4937,39,Male,Home & Garden,0.65,1,10,0.06,0.65,0.59,Credit Card,28,4,False,North,274.4
6168,02-28-24,1062,5,Female,Clothing,143.57,1,5,7.18,143.57,136.39,Debit Card,3,4,False,South,806.1
6169,06-21-23,4733,40,Female,Beauty,29.47,3,15,13.26,88.41,75.15,Credit Card,21,5,False,West,467.6
6170,07-08-23,3559,31,Other,Clothing,32.86,7,20,46.0,230.02,184.02,Credit Card,24,5,False,West,379.47
6171,01-24-23,2162,33,Male,Sports,8.59,3,0,0.0,25.77,25.77,Debit Card,2,4,False,West,408.66
6172,05-09-23,4769,22,Other,Home & Garden,103.06,3,20,61.84,309.18,247.34,PayPal,8,1,False,South,1263.43
6173,08-29-23,4256,40,Other,Sports,58.99,4,20,47.19,235.96,188.77,Debit Card,24,1,False,West,376.78
6174,11-08-24,2228,50,Male,Sports,28.23,8,20,45.17,225.84,180.67,Credit Card,16,5,False,East,342.77
6175,09-15-23,3819,25,Male,Clothing,105.18,1,0,0.0,105.18,105.18,Mobile Wallet,6,4,True,South,554.36
6176,12-18-24,4285,9,Female,Home & Garden,117.94,4,5,23.59,471.76,448.17,Credit Card,21,3,True,West,1390.75
6177,03-23-23,1255,30,Male,Clothing,2.54,4,15,1.52,10.16,8.64,Credit Card,7,1,False,West,101.6
6178,08-04-23,1134,46,Female,Sports,6.35,8,0,0.0,50.8,50.8,Debit Card,22,4,False,North,82.22
6179,06-20-23,4644,28,Other,Books,1.4,7,15,1.47,9.8,8.33,Credit Card,15,2,False,South,871.4
6180,02-11-24,1874,12,Other,Electronics,43.58,4,5,8.72,174.32,165.6,Mobile Wallet,9,4,False,West,801.03
6181,04-16-23,1821,46,Female,Beauty,12.29,8,15,14.75,98.32,83.57,PayPal,18,4,False,South,456.25
6182,04-08-23,3135,56,Male,Sports,93.19,3,5,13.98,279.57,265.59,Mobile Wallet,12,3,False,South,1758.37
6183,03-07-23,4907,35,Male,Beauty,31.36,7,0,0.0,219.52,219.52,PayPal,6,3,False,East,660.55
6184,04-29-24,4035,10,Female,Home & Garden,90.92,9,0,0.0,818.28,818.28,Mobile Wallet,27,1,False,West,1411.89
6185,07-15-24,4278,30,Other,Books,40.55,6,15,36.49,243.3,206.81,PayPal,12,4,False,East,918.99
6186,02-25-23,4200,37,Female,Beauty,79.52,4,15,47.71,318.08,270.37,Debit Card,7,3,True,West,497.57
6187,01-27-23,1822,22,Male,Beauty,23.25,4,20,18.6,93.0,74.4,PayPal,15,5,False,South,360.71
6188,02-11-24,4074,43,Male,Home & Garden,145.38,1,20,29.08,145.38,116.3,Debit Card,1,5,False,South,372.52
6189,06-20-24,1973,21,Female,Sports,55.0,6,15,49.5,330.0,280.5,Mobile Wallet,15,4,False,South,1329.81
6190,03-27-23,3981,35,Male,Sports,45.25,3,20,27.15,135.75,108.6,Credit Card,14,4,False,South,1024.44
6191,04-17-23,2777,31,Other,Electronics,21.72,3,15,9.77,65.16,55.39,Debit Card,25,3,False,West,91.63
6192,09-26-23,1120,44,Female,Home & Garden,138.38,1,10,13.84,138.38,124.54,PayPal,13,5,False,North,124.54
6193,09-24-24,4456,34,Other,Books,20.6,7,20,28.84,144.2,115.36,Debit Card,24,5,False,South,190.03
6194,06-09-23,2637,32,Other,Electronics,90.35,9,15,121.97,813.15,691.18,Debit Card,21,4,True,West,840.85
6195,03-28-23,4109,22,Female,Home & Garden,25.9,3,10,7.77,77.7,69.93,Debit Card,14,5,False,South,561.75
6196,11-01-24,2364,35,Female,Sports,72.88,7,20,102.03,510.16,408.13,Debit Card,15,2,False,North,1833.12
6197,02-04-24,2007,31,Male,Electronics,121.45,9,0,0.0,1093.05,1093.05,Credit Card,21,5,False,West,1127.3
6198,11-13-23,1924,21,Male,Sports,31.33,3,15,14.1,93.99,79.89,Debit Card,9,3,False,South,567.4
6199,08-23-23,1644,37,Female,Clothing,37.34,9,0,0.0,336.06,336.06,Mobile Wallet,18,3,False,East,336.06
6200,09-11-23,3032,40,Female,Clothing,20.05,2,20,8.02,40.1,32.08,Debit Card,6,4,False,North,1716.24
6201,10-18-23,3761,29,Male,Electronics,2.81,3,10,0.84,8.43,7.59,Debit Card,20,4,False,East,904.26
6202,03-29-24,3907,48,Male,Electronics,52.85,4,15,31.71,211.4,179.69,Credit Card,4,2,False,East,944.02
6203,10-03-24,3068,38,Male,Home & Garden,6.37,7,10,4.46,44.59,40.13,Mobile Wallet,8,4,False,South,2143.21
6204,05-10-23,1241,15,Female,Books,21.85,9,0,0.0,196.65,196.65,Credit Card,19,3,False,East,2120.47
6205,05-15-23,3502,55,Female,Books,21.5,1,15,3.22,21.5,18.28,Credit Card,11,4,False,West,757.15
6206,06-23-24,4010,46,Male,Clothing,8.19,9,0,0.0,73.71,73.71,Mobile Wallet,8,3,False,North,486.53
6207,06-24-23,3668,50,Other,Clothing,54.94,5,0,0.0,274.7,274.7,Mobile Wallet,10,5,False,West,579.15
6208,01-30-23,3350,41,Other,Clothing,9.59,4,10,3.84,38.36,34.52,Debit Card,29,4,False,East,437.85
6209,02-05-23,2619,0,Male,Sports,75.33,6,20,90.4,451.98,361.58,Mobile Wallet,5,5,False,West,867.2
6210,11-10-24,4666,51,Female,Books,14.34,5,0,0.0,71.7,71.7,Debit Card,2,4,False,North,71.7
6211,01-01-24,1802,35,Female,Electronics,16.93,5,0,0.0,84.65,84.65,Credit Card,12,3,False,East,84.65
6212,11-30-23,1963,40,Other,Clothing,21.06,5,5,5.26,105.3,100.04,Debit Card,21,4,False,North,741.44
6213,05-02-24,1068,43,Male,Beauty,8.29,8,10,6.63,66.32,59.69,Debit Card,20,4,False,South,475.58
6214,04-23-24,2152,64,Other,Home & Garden,28.48,8,0,0.0,227.84,227.84,Mobile Wallet,25,5,False,South,703.08
6215,07-07-24,1195,26,Other,Electronics,4.19,4,5,0.84,16.76,15.92,Credit Card,6,4,False,West,15.92
6216,10-06-23,3187,27,Male,Electronics,27.85,9,10,25.06,250.65,225.59,Mobile Wallet,11,4,True,West,469.41
6217,07-15-24,4515,22,Other,Electronics,20.77,8,15,24.92,166.16,141.24,Credit Card,29,3,False,East,1029.29
6218,03-31-24,3330,18,Female,Books,20.64,6,20,24.77,123.84,99.07,PayPal,19,5,False,East,674.69
6219,05-19-23,3359,19,Other,Clothing,54.04,2,10,10.81,108.08,97.27,Credit Card,18,5,False,South,128.42
6220,12-15-24,1745,7,Male,Home & Garden,73.27,9,0,0.0,659.43,659.43,Credit Card,7,5,False,South,795.32
6221,07-06-24,4606,41,Female,Sports,22.0,6,5,6.6,132.0,125.4,Credit Card,17,3,False,North,209.71
6222,07-01-23,2688,64,Female,Home & Garden,15.19,8,5,6.08,121.52,115.44,Credit Card,21,5,False,South,158.48
6223,08-28-24,1276,65,Other,Home & Garden,34.1,6,15,30.69,204.6,173.91,Debit Card,21,5,False,South,363.61
6224,09-03-24,1060,22,Female,Beauty,77.49,5,5,19.37,387.45,368.08,Mobile Wallet,4,4,False,North,2204.04
6225,04-12-24,4390,30,Male,Home & Garden,51.72,7,0,0.0,362.04,362.04,Credit Card,3,3,False,South,917.17
6226,10-08-24,2913,53,Other,Sports,1.94,4,10,0.78,7.76,6.98,Debit Card,25,5,False,West,949.68
6227,10-13-24,3099,41,Female,Home & Garden,32.69,3,15,14.71,98.07,83.36,Mobile Wallet,4,5,False,North,140.18
6228,07-31-24,4927,37,Male,Beauty,235.33,7,20,329.46,1647.31,1317.85,Debit Card,14,4,False,South,1317.85
6229,03-21-24,3200,31,Other,Home & Garden,21.78,2,20,8.71,43.56,34.85,Credit Card,9,3,False,North,58.23
6230,06-20-24,2772,52,Male,Clothing,29.05,3,0,0.0,87.15,87.15,Mobile Wallet,23,3,False,South,1776.28
6231,10-17-24,2334,18,Female,Beauty,16.94,1,15,2.54,16.94,14.4,Credit Card,25,5,False,South,14.4
6232,10-16-24,2837,42,Other,Clothing,34.43,1,15,5.16,34.43,29.27,PayPal,18,5,False,East,90.31
6233,06-30-24,3591,40,Other,Clothing,8.77,2,0,0.0,17.54,17.54,Debit Card,18,4,False,North,198.79
6234,11-14-23,1566,35,Female,Electronics,14.19,1,15,2.13,14.19,12.06,Credit Card,16,5,False,West,531.27
6235,12-22-23,4935,46,Male,Beauty,62.19,2,5,6.22,124.38,118.16,Mobile Wallet,28,5,True,South,153.44
6236,05-08-24,4460,35,Female,Home & Garden,7.44,1,5,0.37,7.44,7.07,Mobile Wallet,12,3,False,West,7.07
6237,07-06-24,2571,26,Other,Books,130.28,3,0,0.0,390.84,390.84,Debit Card,8,3,False,East,827.03
6238,08-21-23,1621,36,Other,Books,18.41,9,0,0.0,165.69,165.69,PayPal,28,3,False,West,264.87
6239,04-02-23,3025,11,Female,Books,42.79,9,5,19.26,385.11,365.85,Credit Card,9,3,False,East,365.85
6240,03-28-24,2200,44,Male,Sports,19.42,8,10,15.54,155.36,139.82,Mobile Wallet,29,5,False,North,849.2
6241,11-12-23,4433,48,Female,Clothing,32.51,9,0,0.0,292.59,292.59,PayPal,18,2,False,East,292.59
6242,01-10-24,1313,25,Male,Clothing,117.07,4,5,23.41,468.28,444.87,Mobile Wallet,6,5,False,South,489.77
6243,02-27-24,3854,21,Male,Clothing,3.55,8,10,2.84,28.4,25.56,Debit Card,14,3,False,East,329.47
6244,09-24-23,3895,25,Other,Beauty,97.02,5,10,48.51,485.1,436.59,Mobile Wallet,6,4,False,North,946.77
6245,06-09-23,3144,34,Male,Sports,40.77,4,5,8.15,163.08,154.93,PayPal,7,2,False,North,201.99
6246,11-07-23,3928,38,Other,Home & Garden,54.69,4,5,10.94,218.76,207.82,Mobile Wallet,5,2,True,South,1232.22
6247,01-11-23,2236,59,Male,Electronics,2.88,2,15,0.86,5.76,4.9,PayPal,3,2,False,South,65.56
6248,01-01-23,3876,57,Male,Beauty,71.65,9,10,64.48,644.85,580.37,Debit Card,10,4,True,West,580.37
6249,06-19-24,1136,47,Other,Clothing,6.84,9,20,12.31,61.56,49.25,Debit Card,16,4,False,South,994.9
6250,05-20-23,2029,36,Male,Home & Garden,167.37,1,15,25.11,167.37,142.26,Debit Card,11,3,True,East,505.49
6251,12-19-23,4058,21,Female,Books,80.29,4,15,48.17,321.16,272.99,Mobile Wallet,3,5,False,South,872.11
6252,10-21-23,3156,60,Male,Electronics,33.95,9,10,30.56,305.55,274.99,Debit Card,15,4,False,West,2147.93
6253,04-25-24,3594,31,Other,Books,128.96,4,10,51.58,515.84,464.26,Debit Card,12,5,False,South,464.26
6254,07-01-24,4110,39,Other,Home & Garden,9.26,2,10,1.85,18.52,16.67,Debit Card,22,2,False,West,863.55
6255,01-09-23,1661,44,Female,Home & Garden,239.36,2,0,0.0,478.72,478.72,PayPal,1,2,True,South,2323.02
6256,12-05-24,3472,35,Male,Books,63.08,9,5,28.39,567.72,539.33,Debit Card,13,5,False,North,1098.13
6257,05-18-24,3677,52,Female,Beauty,5.18,4,5,1.04,20.72,19.68,Mobile Wallet,16,4,False,South,665.76
6258,05-03-24,3308,41,Male,Electronics,38.46,1,5,1.92,38.46,36.54,Mobile Wallet,24,5,False,East,134.65
6259,11-03-23,4497,49,Female,Books,62.05,1,10,6.2,62.05,55.85,Debit Card,7,2,False,North,55.85
6260,01-10-23,1086,41,Other,Books,47.47,1,15,7.12,47.47,40.35,Mobile Wallet,7,1,False,South,713.33
6261,03-16-24,3512,34,Other,Beauty,27.58,8,10,22.06,220.64,198.58,Debit Card,6,5,False,South,565.39
6262,10-27-23,3123,36,Female,Books,14.26,1,10,1.43,14.26,12.83,Debit Card,3,5,False,North,261.42
6263,09-03-24,3518,34,Male,Electronics,13.61,5,15,10.21,68.05,57.84,Mobile Wallet,12,5,False,North,1398.91
6264,08-25-23,3461,15,Male,Sports,130.83,9,20,235.49,1177.47,941.98,Credit Card,9,3,False,North,1936.15
6265,01-08-23,3872,19,Other,Electronics,13.38,4,0,0.0,53.52,53.52,Mobile Wallet,26,1,False,East,475.84
6266,07-15-24,3942,46,Male,Beauty,164.04,9,20,295.27,1476.36,1181.09,PayPal,11,4,True,South,1800.06
6267,01-18-24,3773,16,Female,Books,11.8,5,10,5.9,59.0,53.1,PayPal,6,5,True,West,2324.83
6268,07-13-23,3504,28,Female,Clothing,24.25,9,5,10.91,218.25,207.34,Credit Card,12,5,False,South,940.03
6269,02-26-24,2308,19,Male,Clothing,0.62,2,5,0.06,1.24,1.18,PayPal,16,2,False,South,298.16
6270,07-28-24,4310,28,Other,Home & Garden,116.73,8,15,140.08,933.84,793.76,Mobile Wallet,22,3,False,North,1456.69
6271,03-23-24,2700,32,Other,Sports,5.51,7,10,3.86,38.57,34.71,Mobile Wallet,22,4,False,West,85.85
6272,02-09-24,4670,28,Other,Beauty,22.11,7,15,23.22,154.77,131.55,PayPal,22,5,False,South,284.03
6273,09-13-23,3700,13,Other,Home & Garden,92.42,3,15,41.59,277.26,235.67,Debit Card,6,5,False,South,271.04
6274,06-17-23,3719,32,Other,Home & Garden,78.49,2,0,0.0,156.98,156.98,PayPal,12,3,True,North,852.45
6275,10-23-24,4629,20,Female,Clothing,92.1,1,15,13.82,92.1,78.28,Credit Card,4,4,False,South,1010.19
6276,02-04-24,4443,25,Male,Electronics,122.73,1,10,12.27,122.73,110.46,PayPal,18,4,False,East,110.46
6277,01-23-24,1494,46,Female,Home & Garden,121.0,7,0,0.0,847.0,847.0,Credit Card,17,4,False,South,1849.35
6278,08-14-23,2647,49,Other,Home & Garden,73.59,9,5,33.12,662.31,629.19,Credit Card,8,4,False,East,732.78
6279,09-27-23,2942,15,Other,Sports,43.66,1,0,0.0,43.66,43.66,Mobile Wallet,13,3,False,North,753.34
6280,03-23-23,2068,58,Male,Clothing,41.23,4,10,16.49,164.92,148.43,PayPal,5,4,False,South,148.43
6281,03-08-24,2424,27,Male,Electronics,0.65,2,20,0.26,1.3,1.04,Debit Card,3,5,False,East,1168.03
6282,10-02-24,4318,25,Male,Sports,64.11,8,0,0.0,512.88,512.88,Credit Card,25,2,False,South,1010.08
6283,09-03-23,4687,21,Female,Electronics,12.85,9,20,23.13,115.65,92.52,PayPal,19,5,False,North,272.43
6284,06-13-24,1596,35,Male,Electronics,88.22,3,0,0.0,264.66,264.66,PayPal,5,3,False,North,766.74
6285,09-19-24,1449,64,Female,Home & Garden,40.35,3,0,0.0,121.05,121.05,Mobile Wallet,18,4,False,South,273.76
6286,12-11-24,1484,11,Other,Sports,218.1,7,15,229.0,1526.7,1297.7,Debit Card,6,4,False,North,1768.79
6287,12-02-24,1645,4,Female,Home & Garden,11.8,9,20,21.24,106.2,84.96,Debit Card,9,1,False,East,764.72
6288,10-06-23,3667,39,Male,Books,64.27,7,20,89.98,449.89,359.91,PayPal,17,4,False,North,1731.17
6289,10-19-23,4089,43,Female,Electronics,39.65,7,0,0.0,277.55,277.55,Debit Card,11,5,False,North,446.72
6290,10-26-24,2629,35,Female,Sports,134.27,2,10,26.85,268.54,241.69,Credit Card,15,5,False,East,1016.13
6291,06-28-24,1661,43,Female,Clothing,15.46,1,10,1.55,15.46,13.91,Mobile Wallet,19,4,False,South,2323.02
6292,10-03-23,1757,18,Male,Home & Garden,3.06,2,20,1.22,6.12,4.9,PayPal,16,4,False,North,2467.0
6293,02-27-24,1288,20,Female,Books,39.25,6,15,35.33,235.5,200.17,Debit Card,26,5,True,South,661.72
6294,07-12-23,4485,36,Male,Beauty,36.87,8,15,44.24,294.96,250.72,PayPal,1,3,False,East,2140.45
6295,03-12-23,1720,61,Female,Books,18.68,8,10,14.94,149.44,134.5,Debit Card,15,4,False,South,134.5
6296,07-06-23,1637,43,Female,Books,215.39,6,15,193.85,1292.34,1098.49,Credit Card,21,4,False,North,1178.77
6297,05-20-23,3282,44,Female,Home & Garden,3.61,2,0,0.0,7.22,7.22,PayPal,5,4,True,North,482.86
6298,10-24-23,3463,18,Male,Clothing,42.14,9,0,0.0,379.26,379.26,Mobile Wallet,20,2,False,North,1086.56
6299,04-24-23,3985,41,Male,Sports,15.07,4,20,12.06,60.28,48.22,Debit Card,5,4,False,East,398.67
6300,10-14-24,1498,17,Male,Electronics,0.1,5,5,0.02,0.5,0.48,Mobile Wallet,16,3,False,North,616.44
6301,04-11-24,4021,61,Other,Clothing,220.52,1,10,22.05,220.52,198.47,Mobile Wallet,8,4,False,South,511.76
6302,09-24-24,1633,19,Male,Home & Garden,32.85,9,10,29.56,295.65,266.09,Credit Card,24,4,False,West,487.53
6303,04-08-24,2673,23,Female,Beauty,97.31,1,5,4.87,97.31,92.44,Credit Card,6,4,False,West,1144.62
6304,10-06-23,3030,12,Other,Sports,91.65,7,15,96.23,641.55,545.32,Debit Card,12,5,False,North,1649.38
6305,12-18-24,4067,36,Male,Electronics,83.64,9,0,0.0,752.76,752.76,PayPal,4,5,False,East,1087.54
6306,09-29-24,1114,35,Male,Beauty,30.72,3,0,0.0,92.16,92.16,Debit Card,16,5,False,South,144.15
6307,05-18-24,3979,57,Other,Sports,113.13,2,10,22.63,226.26,203.63,Debit Card,11,4,False,South,2937.54
6308,07-12-23,1673,46,Other,Electronics,22.89,8,10,18.31,183.12,164.81,Credit Card,13,5,False,East,1150.08
6309,11-25-23,2736,23,Male,Electronics,26.25,4,15,15.75,105.0,89.25,Debit Card,20,5,False,South,515.84
6310,01-20-23,2257,48,Other,Books,14.77,1,15,2.22,14.77,12.55,Debit Card,15,5,False,North,656.04
6311,06-05-23,4611,16,Female,Beauty,29.72,8,10,23.78,237.76,213.98,PayPal,21,5,True,South,943.35
6312,02-20-23,4082,24,Female,Beauty,215.25,6,15,193.72,1291.5,1097.78,Debit Card,5,4,False,West,1097.78
6313,07-01-24,3253,36,Female,Home & Garden,42.58,6,5,12.77,255.48,242.71,PayPal,13,4,False,East,1611.22
6314,01-23-23,4750,18,Male,Clothing,88.92,4,0,0.0,355.68,355.68,Debit Card,2,3,False,South,486.25
6315,07-10-23,3294,50,Female,Books,15.28,6,10,9.17,91.68,82.51,Credit Card,12,5,False,South,1270.51
6316,04-15-23,4630,69,Other,Books,156.09,2,5,15.61,312.18,296.57,Debit Card,6,4,False,East,467.61
6317,10-16-23,3805,30,Female,Sports,0.66,6,5,0.2,3.96,3.76,PayPal,29,5,False,South,309.89
6318,10-03-23,4198,25,Other,Beauty,133.14,2,20,53.26,266.28,213.02,Mobile Wallet,23,5,False,East,1525.73
6319,05-09-23,1146,33,Female,Electronics,114.14,6,10,68.48,684.84,616.36,PayPal,3,2,False,North,881.53
6320,03-24-24,3165,26,Other,Electronics,3.49,9,20,6.28,31.41,25.13,Debit Card,10,5,False,East,176.74
6321,01-09-23,4982,38,Female,Sports,46.42,7,5,16.25,324.94,308.69,Debit Card,20,5,False,South,635.96
6322,08-27-23,4453,15,Female,Beauty,76.91,4,10,30.76,307.64,276.88,Debit Card,25,5,True,South,2068.77
6323,04-03-23,1411,39,Female,Home & Garden,25.86,1,20,5.17,25.86,20.69,PayPal,4,5,False,North,20.69
6324,06-04-23,2687,63,Other,Electronics,4.82,9,0,0.0,43.38,43.38,PayPal,10,1,False,South,338.67
6325,01-16-23,4655,4,Other,Books,88.42,1,10,8.84,88.42,79.58,Credit Card,27,3,False,West,1309.4
6326,05-20-24,3410,17,Female,Books,31.41,5,20,31.41,157.05,125.64,Debit Card,7,2,False,West,2149.04
6327,08-11-23,2532,28,Other,Beauty,15.28,7,15,16.04,106.96,90.92,Mobile Wallet,18,5,False,South,230.58
6328,12-17-23,1136,43,Other,Electronics,3.67,6,10,2.2,22.02,19.82,PayPal,21,5,True,South,994.9
6329,03-06-24,4246,48,Male,Electronics,51.11,3,15,23.0,153.33,130.33,PayPal,22,4,False,South,468.77
6330,11-16-23,4360,47,Female,Home & Garden,2.16,8,10,1.73,17.28,15.55,PayPal,14,5,False,East,15.55
6331,05-25-24,4005,9,Other,Beauty,78.29,7,20,109.61,548.03,438.42,PayPal,18,3,False,South,906.88
6332,01-16-24,4552,24,Other,Electronics,73.65,9,20,132.57,662.85,530.28,Mobile Wallet,1,5,True,East,1513.24
6333,04-19-24,1018,21,Other,Home & Garden,19.5,1,10,1.95,19.5,17.55,Credit Card,25,5,True,South,1186.82
6334,12-14-24,3242,34,Other,Books,31.96,8,5,12.78,255.68,242.9,Mobile Wallet,23,4,False,South,440.83
6335,02-02-23,3377,35,Male,Home & Garden,55.32,4,20,44.26,221.28,177.02,Mobile Wallet,24,4,True,South,177.02
6336,12-05-23,2959,14,Other,Electronics,159.86,7,10,111.9,1119.02,1007.12,PayPal,21,3,True,North,1213.02
6337,03-24-23,3222,28,Other,Clothing,36.71,7,10,25.7,256.97,231.27,PayPal,21,5,False,East,437.2
6338,05-30-23,2001,43,Male,Beauty,285.39,4,0,0.0,1141.56,1141.56,Debit Card,17,4,False,North,1445.68
6339,02-27-23,1448,25,Female,Electronics,19.66,8,15,23.59,157.28,133.69,Credit Card,3,1,False,South,306.49
6340,09-30-23,2948,31,Female,Clothing,37.38,1,0,0.0,37.38,37.38,Credit Card,15,5,True,North,1758.88
6341,02-06-24,1945,60,Male,Books,6.14,5,15,4.61,30.7,26.09,Credit Card,14,4,False,North,312.87
6342,03-15-23,2377,64,Female,Beauty,40.65,4,15,24.39,162.6,138.21,Debit Card,7,5,False,West,797.46
6343,07-10-24,2522,2,Female,Sports,38.43,4,0,0.0,153.72,153.72,Credit Card,10,3,False,North,1356.3
6344,04-26-24,1140,36,Male,Beauty,94.46,3,5,14.17,283.38,269.21,Mobile Wallet,25,2,False,East,836.91
6345,07-05-23,3805,78,Other,Books,283.49,1,10,28.35,283.49,255.14,PayPal,29,5,False,South,309.89
6346,07-16-23,2920,42,Male,Books,214.08,5,20,214.08,1070.4,856.32,Mobile Wallet,29,4,False,South,1641.39
6347,09-14-23,3977,35,Male,Books,13.48,8,10,10.78,107.84,97.06,Mobile Wallet,8,4,False,West,349.83
6348,01-26-24,1092,54,Male,Home & Garden,20.66,6,0,0.0,123.96,123.96,Credit Card,11,4,True,West,1829.77
6349,01-13-23,1238,38,Male,Books,16.06,1,5,0.8,16.06,15.26,PayPal,28,3,False,East,183.5
6350,05-05-23,1204,45,Male,Sports,11.14,5,20,11.14,55.7,44.56,Credit Card,5,5,False,East,431.68
6351,09-12-23,3607,31,Other,Electronics,8.13,6,20,9.76,48.78,39.02,Credit Card,3,3,False,South,908.49
6352,01-30-24,2456,38,Female,Clothing,35.85,9,5,16.13,322.65,306.52,PayPal,25,3,False,South,402.64
6353,03-29-24,1244,41,Male,Beauty,102.98,9,20,185.36,926.82,741.46,Debit Card,20,5,True,North,1495.53
6354,09-11-23,1831,47,Other,Beauty,44.56,5,20,44.56,222.8,178.24,Debit Card,9,3,False,East,178.24
6355,02-04-23,4388,28,Male,Books,103.05,3,5,15.46,309.15,293.69,Debit Card,19,5,False,West,399.55
6356,07-23-23,3972,28,Other,Clothing,160.32,6,0,0.0,961.92,961.92,PayPal,7,5,False,South,1140.52
6357,04-16-24,1294,6,Female,Books,24.16,8,0,0.0,193.28,193.28,Mobile Wallet,1,4,True,South,1754.84
6358,04-07-23,3687,29,Other,Home & Garden,90.29,5,20,90.29,451.45,361.16,Mobile Wallet,10,3,False,North,705.65
6359,06-17-24,1855,49,Other,Clothing,2.69,8,0,0.0,21.52,21.52,PayPal,27,5,False,West,237.14
6360,11-12-24,4353,41,Female,Books,32.8,1,0,0.0,32.8,32.8,Credit Card,12,4,False,South,522.62
6361,08-02-23,3064,20,Female,Books,22.97,8,20,36.75,183.76,147.01,Credit Card,15,3,False,East,539.31
6362,04-29-24,1070,6,Other,Sports,11.46,2,20,4.58,22.92,18.34,PayPal,21,5,False,East,18.34
6363,02-03-24,2292,32,Male,Sports,28.85,7,0,0.0,201.95,201.95,Credit Card,25,5,True,East,889.55
6364,11-28-24,2348,48,Male,Sports,29.32,2,15,8.8,58.64,49.84,Credit Card,27,5,True,North,1005.8
6365,11-16-23,4865,27,Female,Home & Garden,82.65,3,5,12.4,247.95,235.55,Debit Card,25,4,False,North,704.53
6366,11-27-23,1304,13,Male,Clothing,101.6,5,0,0.0,508.0,508.0,PayPal,22,2,False,East,646.58
6367,06-12-23,4522,26,Female,Home & Garden,53.49,7,0,0.0,374.43,374.43,Debit Card,11,5,False,West,1400.25
6368,10-06-24,2030,39,Other,Electronics,50.17,9,15,67.73,451.53,383.8,Mobile Wallet,6,5,True,South,751.2
6369,02-13-23,2337,53,Other,Books,5.84,5,10,2.92,29.2,26.28,Mobile Wallet,3,5,False,South,161.44
6370,07-16-24,1816,31,Male,Books,42.81,1,10,4.28,42.81,38.53,Mobile Wallet,28,4,False,South,974.0
6371,06-17-24,2126,50,Female,Books,16.04,3,5,2.41,48.12,45.71,Mobile Wallet,9,4,False,East,57.54
6372,05-06-23,1820,49,Male,Sports,17.46,5,20,17.46,87.3,69.84,Credit Card,17,3,False,East,440.8
6373,09-17-23,1192,17,Male,Books,4.98,3,0,0.0,14.94,14.94,Credit Card,23,5,True,East,687.13
6374,05-07-24,2776,53,Other,Sports,50.51,8,15,60.61,404.08,343.47,Debit Card,19,5,False,North,1078.71
6375,10-15-24,4645,39,Male,Electronics,43.83,8,20,70.13,350.64,280.51,PayPal,2,5,False,North,1114.93
6376,11-02-23,1528,16,Other,Home & Garden,12.44,1,20,2.49,12.44,9.95,Credit Card,21,2,True,East,31.15
6377,07-23-23,3218,61,Female,Home & Garden,15.26,8,10,12.21,122.08,109.87,PayPal,5,3,True,East,2721.63
6378,01-05-24,4608,33,Male,Home & Garden,74.14,4,0,0.0,296.56,296.56,Debit Card,18,5,False,West,921.6
6379,02-23-23,1250,5,Other,Sports,78.74,6,5,23.62,472.44,448.82,Mobile Wallet,12,5,False,South,1551.61
6380,11-13-24,2788,24,Male,Beauty,33.97,8,15,40.76,271.76,231.0,Credit Card,24,3,False,North,267.76
6381,08-12-23,4458,20,Female,Beauty,8.07,2,0,0.0,16.14,16.14,Mobile Wallet,15,3,False,South,1277.02
6382,04-26-23,4278,24,Male,Clothing,2.86,8,20,4.58,22.88,18.3,Debit Card,14,4,True,East,918.99
6383,08-30-23,3588,28,Male,Beauty,15.84,7,20,22.18,110.88,88.7,PayPal,2,2,False,East,616.75
6384,10-10-24,4700,31,Other,Clothing,65.69,4,5,13.14,262.76,249.62,Credit Card,24,5,False,West,1080.87
6385,03-20-24,3026,30,Female,Electronics,45.92,5,10,22.96,229.6,206.64,PayPal,22,5,False,West,516.78
6386,11-29-23,3463,33,Female,Clothing,63.31,6,5,18.99,379.86,360.87,PayPal,10,5,False,North,1086.56
6387,01-16-23,3841,43,Female,Electronics,31.91,3,5,4.79,95.73,90.94,Mobile Wallet,20,4,False,North,336.79
6388,06-21-23,2403,23,Male,Books,70.26,2,0,0.0,140.52,140.52,Credit Card,3,5,True,South,379.1
6389,10-10-23,2167,52,Other,Home & Garden,32.77,2,10,6.55,65.54,58.99,Debit Card,9,5,False,South,1214.52
6390,08-21-24,3072,16,Male,Beauty,4.39,4,20,3.51,17.56,14.05,Credit Card,15,5,False,North,35.47
6391,05-03-23,4893,44,Male,Sports,4.16,7,10,2.91,29.12,26.21,PayPal,22,2,False,East,959.66
6392,02-10-24,3715,59,Male,Electronics,89.04,1,0,0.0,89.04,89.04,Mobile Wallet,21,1,False,North,89.04
6393,09-06-23,2096,32,Female,Beauty,49.66,1,0,0.0,49.66,49.66,PayPal,29,5,False,South,564.08
6394,01-10-23,3679,37,Other,Sports,16.36,4,5,3.27,65.44,62.17,PayPal,29,4,False,North,870.76
6395,02-13-23,2847,20,Female,Sports,70.77,9,0,0.0,636.93,636.93,Credit Card,26,5,False,South,1397.43
6396,08-18-24,4904,27,Male,Home & Garden,7.29,5,10,3.64,36.45,32.81,PayPal,3,5,False,South,1451.58
6397,12-08-24,4164,58,Male,Books,51.82,1,5,2.59,51.82,49.23,Credit Card,19,4,False,South,545.54
6398,05-01-24,1504,46,Other,Books,227.75,3,5,34.16,683.25,649.09,Credit Card,6,4,False,West,1273.78
6399,12-05-24,2621,41,Female,Clothing,8.13,6,5,2.44,48.78,46.34,PayPal,26,3,False,East,104.89
6400,09-02-24,3383,5,Male,Beauty,7.65,3,10,2.3,22.95,20.65,Mobile Wallet,20,5,False,South,222.35
6401,06-08-23,3472,24,Male,Books,31.54,6,5,9.46,189.24,179.78,PayPal,4,5,False,East,1098.13
6402,01-16-24,3546,61,Other,Home & Garden,51.45,6,15,46.3,308.7,262.4,Mobile Wallet,11,3,False,East,636.27
6403,04-02-23,2387,41,Male,Beauty,1.35,5,15,1.01,6.75,5.74,PayPal,8,4,False,North,1508.4
6404,09-12-23,3994,43,Female,Sports,34.62,5,10,17.31,173.1,155.79,Debit Card,18,4,False,West,1762.42
6405,06-11-23,3677,37,Female,Electronics,4.34,9,20,7.81,39.06,31.25,Debit Card,22,2,False,West,665.76
6406,05-26-24,4816,25,Male,Electronics,13.81,3,20,8.29,41.43,33.14,Debit Card,13,3,False,East,33.14
6407,04-04-23,2222,39,Male,Books,62.31,7,5,21.81,436.17,414.36,PayPal,15,4,False,East,414.36
6408,12-03-24,1717,12,Male,Clothing,67.14,4,10,26.86,268.56,241.7,PayPal,16,4,False,North,1081.08
6409,09-25-24,4484,10,Other,Electronics,65.42,2,5,6.54,130.84,124.3,Mobile Wallet,25,5,False,North,921.34
6410,12-13-23,1338,23,Other,Clothing,3.37,3,5,0.51,10.11,9.6,Debit Card,3,3,True,South,195.68
6411,10-02-24,1658,37,Female,Electronics,77.27,3,15,34.77,231.81,197.04,Credit Card,5,5,False,West,1094.44
6412,03-03-23,1961,11,Female,Clothing,28.3,3,0,0.0,84.9,84.9,Debit Card,27,4,False,West,510.78
6413,03-03-23,1428,36,Male,Clothing,32.25,3,10,9.68,96.75,87.07,Debit Card,7,3,False,East,720.41
6414,12-31-23,4854,20,Male,Sports,27.21,6,0,0.0,163.26,163.26,Credit Card,1,4,True,South,1670.59
6415,10-22-24,1898,22,Male,Home & Garden,97.25,6,15,87.52,583.5,495.98,Debit Card,8,5,False,East,985.61
6416,06-07-23,1138,54,Other,Electronics,56.97,9,0,0.0,512.73,512.73,Debit Card,6,4,False,East,2009.67
6417,12-19-24,4764,35,Other,Beauty,34.66,8,15,41.59,277.28,235.69,Mobile Wallet,4,5,False,South,1990.04
6418,07-03-24,3989,21,Male,Books,89.87,7,20,125.82,629.09,503.27,Debit Card,11,3,False,West,1046.44
6419,04-20-23,1541,37,Male,Home & Garden,81.83,2,15,24.55,163.66,139.11,Credit Card,6,5,False,East,357.53
6420,05-09-23,3104,12,Female,Sports,0.25,2,10,0.05,0.5,0.45,Credit Card,18,4,False,East,1181.09
6421,05-14-24,2255,40,Other,Sports,32.59,1,20,6.52,32.59,26.07,Debit Card,20,5,False,North,894.62
6422,08-27-23,3705,51,Male,Sports,2.16,7,5,0.76,15.12,14.36,PayPal,24,5,True,West,623.16
6423,11-21-23,3482,44,Other,Books,18.35,7,10,12.84,128.45,115.61,Debit Card,20,5,False,East,856.48
6424,07-25-24,1383,67,Male,Electronics,81.44,1,10,8.14,81.44,73.3,Credit Card,21,5,False,South,806.16
6425,10-22-24,3607,5,Male,Electronics,144.17,6,10,86.5,865.02,778.52,Credit Card,2,3,False,East,908.49
6426,12-22-23,1193,36,Female,Clothing,13.86,7,0,0.0,97.02,97.02,Credit Card,19,5,False,North,781.55
6427,03-25-24,4807,14,Female,Clothing,1.08,1,0,0.0,1.08,1.08,PayPal,19,4,False,West,214.91
6428,07-17-23,4719,32,Female,Beauty,25.74,6,5,7.72,154.44,146.72,PayPal,18,4,False,West,1458.13
6429,01-22-23,3581,35,Male,Clothing,20.41,9,0,0.0,183.69,183.69,PayPal,28,4,False,North,868.33
6430,12-06-24,3565,69,Female,Books,56.5,1,10,5.65,56.5,50.85,Debit Card,24,5,False,North,719.41
6431,01-22-24,3763,34,Male,Home & Garden,34.17,2,15,10.25,68.34,58.09,Credit Card,11,1,False,South,198.3
6432,01-02-24,3798,33,Other,Electronics,25.45,2,5,2.54,50.9,48.36,Debit Card,3,4,False,North,274.95
6433,05-18-23,3232,50,Other,Clothing,13.04,3,5,1.96,39.12,37.16,Debit Card,11,4,False,East,297.21
6434,09-14-23,2895,34,Male,Books,88.15,4,10,35.26,352.6,317.34,PayPal,1,5,False,West,1419.48
6435,02-10-23,3339,62,Female,Books,14.28,7,20,19.99,99.96,79.97,Debit Card,2,5,False,West,577.19
6436,05-11-24,4406,45,Female,Beauty,2.81,3,0,0.0,8.43,8.43,Mobile Wallet,24,4,False,East,30.24
6437,12-24-24,1731,47,Other,Clothing,41.58,7,20,58.21,291.06,232.85,PayPal,1,4,False,East,796.51
6438,03-24-24,3163,6,Male,Beauty,19.09,5,10,9.54,95.45,85.91,PayPal,1,5,True,East,327.19
6439,07-26-24,3872,64,Male,Sports,62.32,5,20,62.32,311.6,249.28,Credit Card,13,1,False,South,475.84
6440,10-29-23,4120,25,Male,Sports,4.22,7,10,2.95,29.54,26.59,Mobile Wallet,27,4,False,South,608.95
6441,07-09-24,1684,34,Other,Sports,169.52,7,0,0.0,1186.64,1186.64,Mobile Wallet,1,1,False,East,3778.81
6442,12-14-24,1081,25,Other,Clothing,10.34,7,0,0.0,72.38,72.38,Mobile Wallet,10,5,False,West,207.98
6443,05-16-24,3881,19,Female,Books,22.08,9,5,9.94,198.72,188.78,Credit Card,29,4,False,West,1374.15
6444,07-14-23,3380,16,Male,Books,32.79,1,20,6.56,32.79,26.23,Debit Card,13,4,False,East,271.29
6445,08-03-24,3604,36,Male,Electronics,110.42,1,20,22.08,110.42,88.34,Debit Card,8,4,False,West,1098.03
6446,07-11-23,3382,5,Male,Sports,64.1,3,20,38.46,192.3,153.84,Credit Card,22,5,False,North,505.47
6447,07-10-24,1531,31,Male,Clothing,7.82,6,20,9.38,46.92,37.54,Debit Card,7,5,False,South,2005.0
6448,12-23-23,2983,50,Other,Electronics,28.87,2,15,8.66,57.74,49.08,Mobile Wallet,20,2,False,East,439.33
6449,11-28-23,1220,44,Female,Books,39.14,9,5,17.61,352.26,334.65,Credit Card,12,5,False,North,773.96
6450,04-24-24,1634,41,Other,Electronics,60.55,1,5,3.03,60.55,57.52,Mobile Wallet,8,4,False,South,87.03
6451,10-09-23,2769,21,Female,Sports,42.41,5,15,31.81,212.05,180.24,Mobile Wallet,13,2,True,East,198.13
6452,09-05-24,4804,11,Male,Home & Garden,30.56,7,20,42.78,213.92,171.14,Credit Card,2,4,False,North,214.78
6453,07-21-24,3370,50,Male,Sports,72.53,3,15,32.64,217.59,184.95,PayPal,9,5,False,South,184.95
6454,06-14-23,2874,28,Male,Sports,23.75,2,20,9.5,47.5,38.0,Credit Card,20,4,False,West,821.68
6455,03-12-23,1002,33,Male,Clothing,217.81,3,15,98.01,653.43,555.42,Credit Card,17,3,False,South,569.76
6456,06-27-24,2717,32,Male,Home & Garden,147.62,7,5,51.67,1033.34,981.67,PayPal,18,5,False,South,1379.06
6457,06-08-23,1205,45,Other,Beauty,61.44,1,15,9.22,61.44,52.22,PayPal,24,5,False,East,83.53
6458,04-05-24,2855,62,Female,Home & Garden,107.11,8,10,85.69,856.88,771.19,Mobile Wallet,16,4,False,South,2514.91
6459,10-30-23,1039,56,Other,Home & Garden,24.98,3,20,14.99,74.94,59.95,PayPal,9,3,False,East,1129.95
6460,09-27-23,3106,0,Male,Books,43.55,5,15,32.66,217.75,185.09,PayPal,5,5,False,West,608.04
6461,07-08-24,3998,30,Female,Electronics,15.92,5,20,15.92,79.6,63.68,Mobile Wallet,20,3,False,East,451.63
6462,01-11-24,3621,14,Female,Books,108.42,6,0,0.0,650.52,650.52,Mobile Wallet,16,4,False,South,924.66
6463,04-09-24,1643,49,Male,Beauty,31.84,7,20,44.58,222.88,178.3,Mobile Wallet,26,2,False,East,742.5
6464,01-01-23,2530,35,Female,Home & Garden,38.41,1,15,5.76,38.41,32.65,Mobile Wallet,13,4,False,West,670.63
6465,10-15-24,4643,44,Other,Clothing,99.96,6,20,119.95,599.76,479.81,Credit Card,23,3,True,East,1317.34
6466,06-02-24,2907,29,Other,Beauty,79.8,2,10,15.96,159.6,143.64,Mobile Wallet,2,5,False,North,709.2
6467,01-24-24,3890,19,Other,Sports,19.41,3,10,5.82,58.23,52.41,Credit Card,23,3,False,South,152.79
6468,07-09-23,4193,21,Other,Sports,4.57,5,15,3.43,22.85,19.42,Mobile Wallet,12,5,False,North,19.42
6469,01-20-23,4550,12,Female,Books,8.84,1,15,1.33,8.84,7.51,Credit Card,9,5,True,North,7.51
6470,09-26-24,3666,16,Other,Beauty,20.71,7,20,28.99,144.97,115.98,Credit Card,2,2,False,South,743.29
6471,01-08-24,3143,12,Female,Books,18.21,1,5,0.91,18.21,17.3,Credit Card,12,4,False,East,972.1
6472,09-27-24,4930,19,Male,Clothing,1.95,8,10,1.56,15.6,14.04,Credit Card,24,4,False,West,123.22
6473,09-02-23,4485,18,Other,Sports,28.29,6,10,16.97,169.74,152.77,PayPal,22,4,False,North,2140.45
6474,11-25-23,4306,40,Male,Books,5.59,1,0,0.0,5.59,5.59,Credit Card,6,3,False,West,536.61
6475,03-06-23,1897,40,Other,Electronics,12.48,7,0,0.0,87.36,87.36,PayPal,13,4,False,East,87.36
6476,11-05-24,2085,40,Male,Books,77.44,3,5,11.62,232.32,220.7,PayPal,16,2,False,East,464.65
6477,07-05-24,2279,52,Male,Books,34.15,7,10,23.9,239.05,215.15,Credit Card,20,3,False,North,1212.89
6478,02-01-24,3608,33,Male,Home & Garden,23.34,8,15,28.01,186.72,158.71,Mobile Wallet,25,5,False,West,515.49
6479,07-14-23,3952,23,Male,Electronics,10.26,3,10,3.08,30.78,27.7,PayPal,8,4,False,East,51.77
6480,06-20-24,3395,68,Male,Electronics,100.6,5,15,75.45,503.0,427.55,Credit Card,7,3,False,South,1193.66
6481,11-30-24,1670,48,Female,Clothing,117.01,2,15,35.1,234.02,198.92,Debit Card,28,2,False,North,198.92
6482,05-24-24,4195,37,Female,Home & Garden,36.56,2,5,3.66,73.12,69.46,PayPal,15,4,True,East,360.65
6483,07-18-24,2505,36,Other,Electronics,127.09,1,10,12.71,127.09,114.38,Mobile Wallet,5,5,False,North,195.5
6484,06-07-23,3364,39,Female,Home & Garden,31.25,3,20,18.75,93.75,75.0,Debit Card,21,3,False,North,146.43
6485,09-19-24,4575,31,Male,Home & Garden,5.67,4,10,2.27,22.68,20.41,PayPal,18,4,False,South,456.39
6486,10-17-23,1718,36,Female,Sports,0.86,3,10,0.26,2.58,2.32,Credit Card,21,5,False,East,2.32
6487,11-27-23,2071,42,Female,Electronics,6.87,8,0,0.0,54.96,54.96,Credit Card,19,4,False,South,54.96
6488,02-24-24,4480,24,Male,Sports,48.73,1,5,2.44,48.73,46.29,Credit Card,13,4,True,North,458.63
6489,10-18-24,2955,10,Female,Books,19.35,5,20,19.35,96.75,77.4,Credit Card,23,4,False,East,513.97
6490,11-26-23,2159,3,Male,Books,52.25,7,20,73.15,365.75,292.6,Mobile Wallet,25,4,True,West,894.88
6491,04-24-23,4272,48,Female,Sports,35.46,9,20,63.83,319.14,255.31,Mobile Wallet,16,5,False,North,1077.37
6492,04-09-23,1249,11,Male,Books,20.25,1,15,3.04,20.25,17.21,PayPal,13,3,False,East,746.56
6493,06-19-24,3361,41,Other,Sports,12.34,9,5,5.55,111.06,105.51,Credit Card,26,5,False,South,1289.51
6494,11-05-24,2892,17,Female,Clothing,4.23,9,0,0.0,38.07,38.07,Debit Card,29,2,False,North,401.27
6495,03-10-23,4439,17,Other,Home & Garden,76.25,4,15,45.75,305.0,259.25,PayPal,28,2,False,East,259.25
6496,02-14-23,4500,24,Male,Clothing,85.46,5,20,85.46,427.3,341.84,Debit Card,14,5,False,South,635.92
6497,05-13-23,2853,37,Male,Electronics,38.98,6,15,35.08,233.88,198.8,Credit Card,16,3,False,West,493.76
6498,07-02-23,3854,15,Other,Clothing,8.55,4,15,5.13,34.2,29.07,Credit Card,22,4,False,South,329.47
6499,02-02-23,2503,25,Male,Clothing,15.29,6,20,18.35,91.74,73.39,Credit Card,12,5,False,North,519.08
6500,07-26-23,4385,34,Male,Books,155.22,5,20,155.22,776.1,620.88,PayPal,12,4,False,South,1365.6
6501,04-20-23,4571,16,Male,Beauty,12.81,3,0,0.0,38.43,38.43,Debit Card,11,1,True,East,483.4
6502,05-12-24,4792,56,Male,Beauty,2.92,3,5,0.44,8.76,8.32,Credit Card,26,4,False,North,1506.53
6503,07-16-23,4426,9,Male,Sports,39.93,9,10,35.94,359.37,323.43,Credit Card,28,2,False,North,1027.19
6504,04-12-23,3532,31,Male,Electronics,15.18,5,10,7.59,75.9,68.31,Credit Card,23,5,False,East,2114.83
6505,02-02-23,2234,54,Male,Beauty,157.84,3,10,47.35,473.52,426.17,PayPal,28,5,False,South,761.32
6506,08-07-24,4775,15,Male,Books,42.76,8,0,0.0,342.08,342.08,PayPal,23,5,True,East,738.86
6507,10-19-24,1043,33,Other,Electronics,168.8,8,15,202.56,1350.4,1147.84,Credit Card,7,5,False,East,1147.84
6508,02-02-24,4612,36,Female,Home & Garden,76.99,3,20,46.19,230.97,184.78,Debit Card,4,4,False,North,343.02
6509,11-04-24,3618,22,Male,Sports,64.2,7,5,22.47,449.4,426.93,Credit Card,6,5,False,North,781.2
6510,05-16-24,1582,33,Other,Books,88.71,9,10,79.84,798.39,718.55,PayPal,23,5,False,East,718.55
6511,06-22-24,4163,43,Male,Clothing,46.43,3,5,6.96,139.29,132.33,Credit Card,14,4,False,West,151.59
6512,09-30-24,2288,27,Female,Home & Garden,0.56,8,5,0.22,4.48,4.26,Mobile Wallet,26,4,True,West,34.44
6513,12-19-24,3942,46,Male,Clothing,24.92,1,20,4.98,24.92,19.94,Debit Card,14,5,False,West,1800.06
6514,08-27-24,1219,40,Other,Beauty,12.36,3,0,0.0,37.08,37.08,Mobile Wallet,12,4,False,West,586.26
6515,09-20-23,2925,26,Other,Electronics,28.49,4,20,22.79,113.96,91.17,PayPal,15,5,False,South,444.74
6516,02-20-23,3972,51,Female,Home & Garden,31.8,3,0,0.0,95.4,95.4,Mobile Wallet,11,4,False,North,1140.52
6517,01-11-24,4513,23,Male,Books,6.84,9,15,9.23,61.56,52.33,Debit Card,4,5,True,West,83.42
6518,08-15-23,3448,47,Other,Clothing,1.19,5,5,0.3,5.95,5.65,Debit Card,25,2,False,East,545.4
6519,09-12-24,4471,24,Female,Beauty,7.44,3,10,2.23,22.32,20.09,Mobile Wallet,11,5,False,North,710.9
6520,03-14-23,3774,30,Female,Clothing,97.4,3,5,14.61,292.2,277.59,Credit Card,25,5,False,South,657.71
6521,01-14-23,1990,32,Male,Electronics,70.5,2,20,28.2,141.0,112.8,Mobile Wallet,12,4,False,North,399.37
6522,08-02-23,3946,40,Other,Electronics,80.2,6,0,0.0,481.2,481.2,PayPal,20,3,False,West,1973.54
6523,11-02-24,2812,-1,Male,Beauty,16.17,9,15,21.83,145.53,123.7,Mobile Wallet,8,4,False,South,216.99
6524,05-18-24,4647,41,Male,Sports,13.47,7,15,14.14,94.29,80.15,Mobile Wallet,24,2,False,South,87.52
6525,03-23-23,1857,33,Male,Beauty,1.9,2,0,0.0,3.8,3.8,PayPal,18,3,False,East,382.14
6526,04-24-24,1803,39,Other,Sports,31.96,9,0,0.0,287.64,287.64,Mobile Wallet,6,4,False,East,287.64
6527,10-16-24,1489,42,Female,Beauty,24.1,3,0,0.0,72.3,72.3,Mobile Wallet,9,5,False,South,337.02
6528,03-04-23,4556,40,Male,Beauty,90.36,7,15,94.88,632.52,537.64,PayPal,24,3,False,North,2431.22
6529,01-05-24,2780,4,Male,Electronics,57.26,7,5,20.04,400.82,380.78,Mobile Wallet,17,3,False,East,380.78
6530,07-25-24,2493,19,Other,Sports,7.79,4,5,1.56,31.16,29.6,Mobile Wallet,5,5,False,West,519.85
6531,03-01-24,4645,39,Male,Beauty,217.74,4,15,130.64,870.96,740.32,Debit Card,16,5,True,South,1114.93
6532,01-13-24,3985,37,Female,Clothing,73.62,2,10,14.72,147.24,132.52,PayPal,13,2,False,North,398.67
6533,12-26-24,3891,23,Male,Electronics,63.69,2,20,25.48,127.38,101.9,Debit Card,13,1,False,North,402.69
6534,03-01-23,2705,46,Female,Home & Garden,12.21,2,15,3.66,24.42,20.76,PayPal,21,2,False,East,1173.81
6535,09-23-24,4516,31,Male,Electronics,117.78,5,10,58.89,588.9,530.01,Credit Card,9,5,False,North,922.7
6536,09-30-23,4340,48,Male,Beauty,32.12,3,20,19.27,96.36,77.09,Debit Card,2,5,True,East,240.95
6537,06-25-24,3314,53,Male,Books,17.67,7,5,6.18,123.69,117.51,Credit Card,21,5,False,North,522.03
6538,02-11-23,1053,39,Female,Books,53.19,7,0,0.0,372.33,372.33,Mobile Wallet,16,5,True,North,487.15
6539,03-14-23,3575,43,Male,Electronics,11.9,6,20,14.28,71.4,57.12,Credit Card,1,5,False,South,340.28
6540,11-08-23,4591,25,Male,Home & Garden,119.06,8,0,0.0,952.48,952.48,Mobile Wallet,8,4,False,North,1650.7
6541,03-21-23,1615,48,Male,Electronics,96.33,4,10,38.53,385.32,346.79,Credit Card,24,4,True,North,1295.49
6542,08-10-23,2082,38,Female,Home & Garden,31.27,9,15,42.21,281.43,239.22,Mobile Wallet,2,5,False,North,1245.16
6543,06-15-24,2848,30,Male,Beauty,10.58,5,15,7.94,52.9,44.96,Mobile Wallet,10,1,False,West,995.9
6544,04-10-23,4111,16,Other,Clothing,34.31,4,0,0.0,137.24,137.24,Credit Card,13,1,False,East,681.6
6545,04-14-23,4308,27,Female,Clothing,8.08,3,20,4.85,24.24,19.39,Debit Card,1,2,False,West,2068.86
6546,08-25-23,1954,18,Other,Home & Garden,15.73,9,20,28.31,141.57,113.26,PayPal,3,4,False,South,2102.9
6547,06-28-24,3433,46,Male,Sports,32.96,4,10,13.18,131.84,118.66,Debit Card,9,4,False,South,2363.52
6548,01-30-24,2629,53,Female,Clothing,1.07,9,15,1.44,9.63,8.19,Credit Card,23,4,False,West,1016.13
6549,07-14-23,3781,48,Female,Books,72.56,1,0,0.0,72.56,72.56,Mobile Wallet,23,5,False,North,278.47
6550,07-17-23,3763,72,Male,Electronics,10.96,5,5,2.74,54.8,52.06,Credit Card,26,5,False,South,198.3
6551,06-22-24,1649,28,Other,Beauty,100.72,1,15,15.11,100.72,85.61,PayPal,4,5,False,North,648.58
6552,11-03-24,3347,43,Female,Sports,1.13,9,15,1.53,10.17,8.64,Credit Card,5,4,False,East,8.64
6553,09-12-23,1394,17,Female,Books,37.98,7,10,26.59,265.86,239.27,Debit Card,23,4,True,North,333.01
6554,08-06-24,4278,32,Female,Electronics,74.95,9,15,101.18,674.55,573.37,Mobile Wallet,2,4,False,West,918.99
6555,10-02-24,2359,12,Female,Books,13.59,5,10,6.8,67.95,61.15,Debit Card,15,4,False,North,896.49
6556,07-03-23,3640,43,Female,Sports,61.47,9,10,55.32,553.23,497.91,Mobile Wallet,3,4,False,North,1267.56
6557,07-25-24,4801,29,Male,Home & Garden,63.8,4,5,12.76,255.2,242.44,Debit Card,19,4,False,North,242.44
6558,07-25-24,3561,4,Female,Electronics,50.78,3,20,30.47,152.34,121.87,Debit Card,11,2,False,East,364.06
6559,03-01-24,4249,24,Other,Books,22.65,2,15,6.8,45.3,38.5,Credit Card,7,5,False,South,1688.21
6560,04-19-23,3443,61,Female,Beauty,76.87,4,10,30.75,307.48,276.73,PayPal,7,4,True,North,440.78
6561,10-15-24,1370,41,Male,Beauty,49.5,3,10,14.85,148.5,133.65,Debit Card,27,4,False,South,1319.65
6562,08-13-24,1857,46,Male,Books,44.63,9,20,80.33,401.67,321.34,Credit Card,22,2,False,North,382.14
6563,01-02-24,1790,36,Other,Sports,85.51,8,20,136.82,684.08,547.26,Mobile Wallet,17,2,False,South,646.67
6564,11-21-24,1657,32,Female,Sports,14.03,1,10,1.4,14.03,12.63,Mobile Wallet,26,4,False,East,604.95
6565,04-14-24,4389,35,Other,Beauty,13.23,2,15,3.97,26.46,22.49,Debit Card,27,1,False,South,1241.15
6566,12-20-24,3783,38,Other,Beauty,24.42,3,15,10.99,73.26,62.27,Mobile Wallet,15,5,False,South,226.14
6567,11-12-24,2392,18,Other,Sports,3.8,6,15,3.42,22.8,19.38,PayPal,8,5,False,East,332.59
6568,03-13-24,1383,46,Other,Home & Garden,20.58,5,20,20.58,102.9,82.32,Credit Card,10,4,False,South,806.16
6569,04-17-23,3109,51,Female,Clothing,26.07,5,15,19.55,130.35,110.8,Debit Card,15,5,True,North,533.88
6570,06-20-23,4877,32,Male,Books,34.17,6,15,30.75,205.02,174.27,PayPal,26,4,False,West,359.64
6571,07-04-23,3552,27,Male,Home & Garden,14.65,8,15,17.58,117.2,99.62,Credit Card,20,5,False,North,439.01
6572,07-17-24,1238,23,Female,Books,118.67,1,20,23.73,118.67,94.94,Credit Card,24,5,False,East,183.5
6573,02-16-24,1194,61,Other,Beauty,16.78,5,0,0.0,83.9,83.9,Debit Card,7,5,False,East,450.08
6574,05-31-24,3725,28,Female,Home & Garden,95.38,6,0,0.0,572.28,572.28,Mobile Wallet,17,5,True,East,744.84
6575,12-12-23,4293,44,Other,Beauty,29.44,6,15,26.5,176.64,150.14,Credit Card,23,5,False,North,1153.11
6576,11-04-24,3108,32,Other,Beauty,63.32,9,0,0.0,569.88,569.88,Credit Card,20,4,True,West,601.8
6577,06-11-23,2152,31,Female,Beauty,5.88,7,15,6.17,41.16,34.99,Mobile Wallet,21,4,False,South,703.08
6578,06-30-24,4037,23,Female,Electronics,39.33,4,20,31.46,157.32,125.86,Mobile Wallet,13,4,False,West,699.45
6579,09-06-24,3732,20,Other,Clothing,161.99,7,15,170.09,1133.93,963.84,Debit Card,6,4,False,East,1002.0
6580,03-29-24,3015,46,Other,Beauty,54.87,7,5,19.2,384.09,364.89,Debit Card,5,3,False,West,398.79
6581,12-27-23,1155,20,Other,Books,85.82,6,10,51.49,514.92,463.43,Credit Card,16,1,False,West,886.29
6582,11-19-23,4988,41,Other,Sports,15.13,8,20,24.21,121.04,96.83,Mobile Wallet,28,5,False,North,694.67
6583,07-17-24,4449,36,Female,Clothing,80.51,8,5,32.2,644.08,611.88,Debit Card,2,5,False,West,1509.18
6584,11-29-23,4693,46,Male,Books,21.64,6,5,6.49,129.84,123.35,Debit Card,24,5,True,South,634.32
6585,01-16-24,4852,25,Male,Electronics,33.19,2,10,6.64,66.38,59.74,Mobile Wallet,24,4,False,North,107.66
6586,02-27-24,1922,51,Other,Beauty,10.41,5,5,2.6,52.05,49.45,Mobile Wallet,5,2,False,South,944.24
6587,10-10-24,3915,32,Male,Books,33.25,1,10,3.32,33.25,29.93,Credit Card,5,5,False,West,575.77
6588,03-16-24,3950,73,Male,Books,36.25,9,15,48.94,326.25,277.31,Mobile Wallet,12,5,False,East,537.49
6589,11-28-23,4861,10,Male,Books,48.69,4,20,38.95,194.76,155.81,Debit Card,23,3,False,East,671.1
6590,09-15-24,2609,71,Male,Clothing,101.49,1,20,20.3,101.49,81.19,Mobile Wallet,18,5,True,North,538.3
6591,09-04-23,4046,33,Male,Beauty,18.18,3,20,10.91,54.54,43.63,PayPal,21,4,False,South,133.63
6592,07-30-24,4508,38,Male,Books,207.19,2,10,41.44,414.38,372.94,Credit Card,1,5,False,West,1013.74
6593,07-12-24,1974,25,Other,Sports,94.09,9,10,84.68,846.81,762.13,Mobile Wallet,13,3,False,North,1352.15
6594,08-08-23,2230,11,Other,Beauty,25.79,7,5,9.03,180.53,171.5,Credit Card,20,5,False,South,1573.65
6595,01-20-24,3435,27,Other,Home & Garden,12.85,6,20,15.42,77.1,61.68,Mobile Wallet,12,5,False,North,130.17
6596,07-17-24,4551,29,Female,Sports,3.71,4,5,0.74,14.84,14.1,PayPal,8,1,False,South,322.84
6597,09-18-23,2814,37,Male,Electronics,13.35,4,15,8.01,53.4,45.39,Debit Card,1,4,False,East,1384.92
6598,01-04-24,3934,51,Male,Clothing,107.93,7,5,37.78,755.51,717.73,Debit Card,15,5,True,North,1012.5
6599,04-08-24,1837,37,Female,Home & Garden,17.27,8,20,27.63,138.16,110.53,Debit Card,10,3,False,West,224.31
6600,04-03-24,3007,38,Male,Clothing,7.42,4,10,2.97,29.68,26.71,Credit Card,1,4,False,South,1386.56
6601,02-11-24,2363,40,Other,Clothing,1.15,7,5,0.4,8.05,7.65,Debit Card,14,4,False,West,1821.17
6602,01-01-23,4940,8,Other,Books,17.67,3,5,2.65,53.01,50.36,Debit Card,13,5,False,North,892.78
6603,02-05-23,3387,10,Female,Sports,12.18,9,10,10.96,109.62,98.66,Credit Card,20,4,False,North,171.03
6604,10-19-23,1203,12,Other,Home & Garden,5.39,3,10,1.62,16.17,14.55,Credit Card,10,5,False,South,14.55
6605,09-02-24,1160,29,Female,Books,150.88,3,20,90.53,452.64,362.11,Debit Card,5,2,False,South,899.25
6606,01-17-23,4611,6,Other,Home & Garden,15.57,2,15,4.67,31.14,26.47,Mobile Wallet,9,2,False,North,943.35
6607,06-14-24,1391,24,Male,Beauty,0.31,3,20,0.19,0.93,0.74,PayPal,14,4,False,North,601.99
6608,05-19-23,1768,14,Other,Beauty,144.37,8,5,57.75,1154.96,1097.21,Credit Card,21,3,False,South,2099.94
6609,11-06-23,4748,42,Female,Sports,43.2,2,20,17.28,86.4,69.12,PayPal,1,4,False,East,221.16
6610,01-07-23,3622,41,Male,Books,4.32,1,20,0.86,4.32,3.46,PayPal,15,5,False,West,141.82
6611,11-04-23,3581,30,Female,Home & Garden,1.6,5,10,0.8,8.0,7.2,Credit Card,27,5,False,West,868.33
6612,08-16-23,2093,6,Male,Beauty,5.71,8,15,6.85,45.68,38.83,PayPal,19,2,False,North,371.96
6613,08-08-23,3940,31,Male,Books,44.76,6,15,40.28,268.56,228.28,Mobile Wallet,20,5,False,North,513.13
6614,11-19-23,1404,39,Other,Clothing,3.19,2,20,1.28,6.38,5.1,Debit Card,7,4,True,South,604.57
6615,01-23-23,1607,47,Other,Beauty,41.98,9,10,37.78,377.82,340.04,Mobile Wallet,18,5,False,West,754.16
6616,12-07-24,4746,61,Male,Electronics,52.86,4,10,21.14,211.44,190.3,PayPal,4,2,True,West,907.04
6617,10-10-23,2614,51,Other,Home & Garden,7.98,3,5,1.2,23.94,22.74,Debit Card,24,4,False,North,22.74
6618,07-20-24,2540,37,Other,Beauty,33.51,4,0,0.0,134.04,134.04,Credit Card,21,5,False,East,281.73
6619,06-07-24,3875,30,Female,Sports,166.05,3,5,24.91,498.15,473.24,Mobile Wallet,6,2,False,North,930.29
6620,07-23-24,4191,23,Other,Home & Garden,90.54,8,5,36.22,724.32,688.1,Debit Card,3,5,False,North,3844.59
6621,08-07-24,2837,55,Male,Electronics,64.25,1,5,3.21,64.25,61.04,Credit Card,4,4,False,North,90.31
6622,08-08-24,1689,37,Other,Home & Garden,36.46,1,0,0.0,36.46,36.46,Mobile Wallet,25,5,False,West,726.71
6623,06-08-23,4759,44,Male,Home & Garden,25.07,9,10,22.56,225.63,203.07,Mobile Wallet,2,5,False,East,1169.55
6624,04-07-23,3949,26,Male,Beauty,30.02,7,10,21.01,210.14,189.13,Mobile Wallet,3,3,False,East,1257.32
6625,02-08-23,2240,16,Female,Home & Garden,72.33,9,15,97.65,650.97,553.32,Mobile Wallet,18,5,False,West,1852.98
6626,04-16-24,3103,28,Male,Sports,40.41,3,15,18.18,121.23,103.05,PayPal,2,3,False,East,696.92
6627,12-31-23,1365,30,Male,Electronics,72.33,3,20,43.4,216.99,173.59,Credit Card,27,2,False,West,1501.83
6628,06-09-23,2722,37,Female,Beauty,175.12,2,20,70.05,350.24,280.19,Debit Card,25,5,False,South,1293.2
6629,05-22-23,4575,23,Male,Electronics,51.15,2,20,20.46,102.3,81.84,Credit Card,8,2,False,South,456.39
6630,09-29-23,4815,35,Female,Sports,46.2,9,15,62.37,415.8,353.43,PayPal,7,4,False,West,353.43
6631,01-11-24,4838,52,Male,Home & Garden,26.06,2,15,7.82,52.12,44.3,PayPal,9,5,False,West,44.3
6632,08-19-24,4996,9,Other,Home & Garden,10.95,4,5,2.19,43.8,41.61,Debit Card,24,4,False,West,705.13
6633,09-13-23,1454,3,Female,Beauty,23.44,4,10,9.38,93.76,84.38,Debit Card,9,5,True,West,236.97
6634,08-27-23,1103,53,Female,Electronics,36.71,9,15,49.56,330.39,280.83,Credit Card,2,5,False,West,1235.88
6635,09-20-23,1076,13,Male,Home & Garden,1.77,3,0,0.0,5.31,5.31,Mobile Wallet,7,5,False,West,28.41
6636,11-04-23,1229,29,Female,Clothing,32.29,2,5,3.23,64.58,61.35,Debit Card,25,4,False,East,61.35
6637,04-05-23,2937,44,Male,Home & Garden,99.08,3,0,0.0,297.24,297.24,Credit Card,13,3,False,South,445.89
6638,08-07-24,4329,34,Female,Home & Garden,187.8,9,0,0.0,1690.2,1690.2,Debit Card,29,4,False,South,1783.04
6639,02-14-24,4335,33,Female,Books,96.74,5,10,48.37,483.7,435.33,PayPal,25,4,False,North,1571.68
6640,08-05-24,3378,36,Other,Electronics,9.44,5,0,0.0,47.2,47.2,PayPal,8,3,False,South,946.99
6641,08-11-23,2205,72,Male,Electronics,8.42,7,0,0.0,58.94,58.94,Mobile Wallet,1,4,False,South,1721.76
6642,03-21-23,1892,61,Other,Clothing,24.99,1,0,0.0,24.99,24.99,Mobile Wallet,3,1,True,North,375.63
6643,11-29-23,4839,24,Female,Clothing,12.77,5,0,0.0,63.85,63.85,Mobile Wallet,8,5,True,North,383.54
6644,05-09-24,2573,50,Male,Clothing,56.35,9,5,25.36,507.15,481.79,Mobile Wallet,19,5,False,West,2797.95
6645,06-27-23,3735,42,Other,Electronics,4.42,6,5,1.33,26.52,25.19,Debit Card,4,5,True,West,792.01
6646,05-14-24,3074,34,Female,Books,29.32,8,10,23.46,234.56,211.1,Credit Card,10,5,False,South,1328.01
6647,12-07-24,4347,21,Other,Books,16.45,8,10,13.16,131.6,118.44,PayPal,18,2,False,North,147.46
6648,12-20-24,2675,41,Female,Sports,45.24,1,0,0.0,45.24,45.24,Credit Card,19,3,False,West,178.21
6649,08-13-24,1298,30,Female,Electronics,79.74,8,20,127.58,637.92,510.34,PayPal,21,2,False,East,538.76
6650,04-08-23,1956,29,Male,Sports,128.56,6,0,0.0,771.36,771.36,Debit Card,12,4,False,West,2448.54
6651,09-01-24,3846,23,Male,Home & Garden,166.01,4,0,0.0,664.04,664.04,Debit Card,11,1,False,West,664.04
6652,10-19-24,2114,49,Male,Clothing,21.63,3,10,6.49,64.89,58.4,Mobile Wallet,6,5,False,North,58.4
6653,11-04-23,3527,23,Female,Sports,96.84,5,15,72.63,484.2,411.57,Debit Card,6,2,False,South,583.32
6654,02-08-23,3620,23,Other,Beauty,44.82,5,10,22.41,224.1,201.69,PayPal,23,4,False,South,1119.55
6655,08-13-24,3505,46,Male,Sports,58.92,7,5,20.62,412.44,391.82,Mobile Wallet,28,5,False,East,636.33
6656,01-26-24,2474,32,Male,Electronics,95.23,9,10,85.71,857.07,771.36,Debit Card,26,5,False,South,1203.77
6657,03-22-23,1364,33,Male,Clothing,6.97,1,15,1.05,6.97,5.92,Debit Card,8,4,False,North,1345.72
6658,02-27-23,3906,50,Male,Clothing,147.26,9,0,0.0,1325.34,1325.34,Debit Card,22,4,True,East,1530.02
6659,12-09-23,2698,54,Female,Books,39.64,3,15,17.84,118.92,101.08,Credit Card,10,5,False,South,574.92
6660,12-23-23,1350,3,Other,Sports,20.47,6,10,12.28,122.82,110.54,Debit Card,22,4,True,North,110.54
6661,03-20-24,4726,33,Female,Books,20.68,6,20,24.82,124.08,99.26,Credit Card,2,4,False,North,593.33
6662,03-02-24,4471,13,Female,Sports,69.52,4,5,13.9,278.08,264.18,Mobile Wallet,13,5,False,West,710.9
6663,05-04-23,3300,29,Female,Electronics,56.76,2,15,17.03,113.52,96.49,Credit Card,19,4,False,South,1700.69
6664,08-21-23,3828,34,Male,Electronics,65.37,5,10,32.68,326.85,294.17,PayPal,22,4,True,West,1858.8
6665,10-30-24,2904,29,Other,Home & Garden,14.58,3,0,0.0,43.74,43.74,Debit Card,22,2,False,South,70.48
6666,09-08-24,3850,19,Female,Sports,9.33,4,10,3.73,37.32,33.59,Mobile Wallet,6,2,False,South,64.86
6667,01-12-23,2011,18,Female,Sports,63.98,6,0,0.0,383.88,383.88,PayPal,4,4,False,West,741.74
6668,10-11-24,3506,45,Female,Clothing,17.73,7,20,24.82,124.11,99.29,Debit Card,11,5,False,West,505.98
6669,10-09-24,4770,58,Male,Clothing,12.58,2,5,1.26,25.16,23.9,Credit Card,18,5,False,West,128.95
6670,01-27-24,3964,4,Male,Books,12.08,3,15,5.44,36.24,30.8,PayPal,24,5,False,South,2127.34
6671,02-25-23,1498,30,Female,Home & Garden,8.03,7,10,5.62,56.21,50.59,Credit Card,2,5,True,North,616.44
6672,11-09-23,1949,45,Male,Electronics,27.83,5,10,13.92,139.15,125.23,Debit Card,3,2,False,South,1008.89
6673,06-20-24,2994,34,Other,Sports,15.12,4,15,9.07,60.48,51.41,PayPal,17,5,True,West,986.44
6674,02-12-23,4997,18,Male,Books,112.15,4,0,0.0,448.6,448.6,Debit Card,9,5,False,North,448.6
6675,11-23-23,3046,27,Female,Home & Garden,58.42,9,5,26.29,525.78,499.49,PayPal,19,5,False,North,1539.63
6676,07-06-24,1507,39,Other,Clothing,68.1,9,20,122.58,612.9,490.32,Debit Card,18,5,False,North,794.82
6677,08-01-24,2327,30,Male,Home & Garden,25.84,7,15,27.13,180.88,153.75,Credit Card,6,4,False,West,1019.16
6678,06-03-23,3548,34,Female,Books,45.84,1,5,2.29,45.84,43.55,Mobile Wallet,24,3,False,South,88.62
6679,12-01-23,3850,34,Other,Electronics,34.74,1,10,3.47,34.74,31.27,Credit Card,4,4,False,North,64.86
6680,05-29-24,3645,27,Other,Clothing,9.16,3,5,1.37,27.48,26.11,Mobile Wallet,17,3,True,East,383.07
6681,12-15-24,1165,47,Other,Beauty,2.45,3,20,1.47,7.35,5.88,PayPal,23,4,False,South,1468.22
6682,08-15-23,4486,27,Male,Clothing,57.52,7,5,20.13,402.64,382.51,Debit Card,19,2,False,East,1436.12
6683,06-06-23,3509,19,Other,Electronics,6.46,2,10,1.29,12.92,11.63,Debit Card,21,5,False,South,11.63
6684,02-21-23,1919,68,Male,Clothing,2.95,8,20,4.72,23.6,18.88,Credit Card,11,4,False,South,430.18
6685,11-20-24,1113,33,Female,Books,29.16,1,20,5.83,29.16,23.33,Mobile Wallet,18,5,False,East,23.33
6686,02-07-24,4504,-4,Male,Clothing,66.98,8,20,107.17,535.84,428.67,Mobile Wallet,24,5,False,South,757.51
6687,04-01-24,1991,53,Male,Sports,73.24,9,10,65.92,659.16,593.24,PayPal,16,5,False,West,1074.59
6688,09-01-24,4427,53,Female,Home & Garden,103.36,5,0,0.0,516.8,516.8,Debit Card,19,5,False,South,929.41
6689,08-12-24,2951,41,Male,Books,11.11,4,10,4.44,44.44,40.0,Mobile Wallet,9,4,False,North,302.19
6690,05-31-24,4766,44,Male,Electronics,212.11,6,0,0.0,1272.66,1272.66,Mobile Wallet,17,4,False,West,1514.58
6691,04-03-23,3254,67,Female,Books,72.03,6,0,0.0,432.18,432.18,Debit Card,16,5,False,South,432.18
6692,08-16-23,4839,20,Other,Sports,8.55,8,10,6.84,68.4,61.56,Credit Card,6,4,False,East,383.54
6693,03-18-24,2258,36,Female,Clothing,91.85,8,5,36.74,734.8,698.06,Debit Card,19,2,False,East,698.06
6694,10-24-23,4513,64,Other,Clothing,34.55,1,10,3.46,34.55,31.09,Mobile Wallet,4,3,False,South,83.42
6695,02-08-24,4426,67,Male,Beauty,3.44,9,20,6.19,30.96,24.77,Credit Card,11,4,False,North,1027.19
6696,06-01-23,1514,29,Female,Books,7.08,1,5,0.35,7.08,6.73,PayPal,20,5,False,East,1420.15
6697,05-16-23,2231,65,Other,Clothing,28.45,3,15,12.8,85.35,72.55,Debit Card,15,3,False,West,761.61
6698,12-11-23,1708,47,Male,Clothing,37.81,7,15,39.7,264.67,224.97,Debit Card,24,4,False,West,942.87
6699,03-26-23,4924,57,Male,Sports,147.34,5,15,110.5,736.7,626.2,Credit Card,9,2,False,South,1324.7
6700,05-02-24,4196,46,Male,Electronics,12.15,6,20,14.58,72.9,58.32,Mobile Wallet,21,5,False,South,58.32
6701,08-08-24,3185,39,Other,Beauty,32.13,8,20,51.41,257.04,205.63,Credit Card,28,5,False,East,408.99
6702,02-20-23,1338,68,Other,Beauty,12.8,4,0,0.0,51.2,51.2,Debit Card,11,4,False,North,195.68
6703,07-15-24,3584,27,Other,Beauty,40.87,4,20,32.7,163.48,130.78,Credit Card,10,4,False,West,309.86
6704,02-13-24,1067,63,Male,Home & Garden,120.02,8,0,0.0,960.16,960.16,Credit Card,10,3,False,North,1789.05
6705,09-26-23,2596,65,Other,Books,41.94,3,15,18.87,125.82,106.95,PayPal,19,4,False,East,300.19
6706,03-29-23,2564,55,Female,Electronics,35.67,6,10,21.4,214.02,192.62,Mobile Wallet,25,5,False,East,200.9
6707,02-13-24,1382,33,Other,Home & Garden,69.34,4,10,27.74,277.36,249.62,Credit Card,1,2,False,East,1305.7
6708,05-28-24,1018,38,Other,Electronics,7.99,6,20,9.59,47.94,38.35,Debit Card,17,5,False,East,1186.82
6709,03-20-24,3730,15,Male,Books,118.02,4,15,70.81,472.08,401.27,Credit Card,19,1,False,West,455.41
6710,12-15-24,4521,28,Female,Beauty,43.09,2,15,12.93,86.18,73.25,Mobile Wallet,18,4,False,North,255.42
6711,05-14-23,3121,44,Female,Sports,57.97,3,0,0.0,173.91,173.91,Mobile Wallet,24,5,False,East,1730.69
6712,05-19-23,1572,13,Female,Sports,85.45,8,0,0.0,683.6,683.6,Debit Card,21,4,False,West,1021.78
6713,05-07-24,3986,30,Other,Sports,50.4,1,15,7.56,50.4,42.84,Mobile Wallet,26,5,False,North,775.77
6714,07-26-24,4736,64,Male,Electronics,51.25,6,20,61.5,307.5,246.0,Debit Card,17,2,False,North,1472.87
6715,07-22-23,2299,32,Other,Books,65.4,9,20,117.72,588.6,470.88,Mobile Wallet,19,5,False,North,1146.89
6716,05-14-24,4119,50,Male,Clothing,2.68,1,15,0.4,2.68,2.28,Credit Card,3,5,False,West,516.06
6717,02-09-24,3258,43,Female,Clothing,24.08,4,10,9.63,96.32,86.69,Debit Card,13,5,False,South,359.04
6718,10-29-24,3902,30,Other,Sports,164.76,7,10,115.33,1153.32,1037.99,Mobile Wallet,2,4,False,South,1443.36
6719,08-08-24,2943,32,Male,Electronics,14.92,6,0,0.0,89.52,89.52,PayPal,9,5,False,South,516.95
6720,07-20-23,1650,37,Other,Clothing,39.07,6,15,35.16,234.42,199.26,PayPal,13,4,False,East,419.12
6721,07-28-24,2645,4,Male,Electronics,9.64,9,10,8.68,86.76,78.08,Debit Card,1,5,False,South,468.17
6722,09-22-24,1993,49,Female,Books,19.52,8,20,31.23,156.16,124.93,PayPal,10,3,False,South,1411.25
6723,06-20-24,3742,33,Other,Sports,63.13,5,5,15.78,315.65,299.87,Credit Card,21,3,False,West,299.87
6724,09-10-23,3587,49,Female,Home & Garden,51.51,2,5,5.15,103.02,97.87,Credit Card,25,5,False,East,1282.41
6725,09-06-23,4780,40,Other,Sports,26.75,3,15,12.04,80.25,68.21,Mobile Wallet,28,5,False,West,1537.81
6726,03-15-23,4262,32,Other,Home & Garden,139.09,3,0,0.0,417.27,417.27,Credit Card,3,5,False,West,1099.34
6727,09-30-23,2338,37,Male,Clothing,74.59,4,5,14.92,298.36,283.44,Debit Card,10,3,False,South,283.44
6728,03-16-24,1900,38,Male,Beauty,15.59,2,20,6.24,31.18,24.94,Credit Card,19,4,False,North,223.88
6729,11-28-23,4634,57,Male,Home & Garden,31.32,8,20,50.11,250.56,200.45,Mobile Wallet,7,3,False,North,754.2
6730,12-02-24,2684,35,Female,Beauty,105.2,8,20,168.32,841.6,673.28,Credit Card,17,2,False,East,673.28
6731,08-12-24,3827,39,Female,Electronics,1.14,8,5,0.46,9.12,8.66,Mobile Wallet,29,3,False,West,236.66
6732,04-02-23,2585,16,Other,Beauty,43.55,5,10,21.78,217.75,195.97,Debit Card,25,5,False,East,348.13
6733,04-26-23,2923,34,Male,Home & Garden,13.2,6,20,15.84,79.2,63.36,PayPal,23,3,False,North,1071.95
6734,11-18-24,2781,56,Female,Clothing,3.3,6,0,0.0,19.8,19.8,Credit Card,28,3,False,West,954.16
6735,02-28-24,2136,41,Other,Clothing,122.01,7,15,128.11,854.07,725.96,Mobile Wallet,12,5,False,West,1425.18
6736,03-09-24,3217,18,Female,Sports,84.72,1,15,12.71,84.72,72.01,Debit Card,8,5,False,East,149.07
6737,01-10-24,4539,20,Other,Clothing,10.25,3,15,4.61,30.75,26.14,PayPal,18,5,False,West,26.14
6738,12-23-23,4749,23,Male,Electronics,90.68,3,10,27.2,272.04,244.84,PayPal,3,5,False,West,285.08
6739,07-15-23,2944,49,Other,Home & Garden,7.92,7,15,8.32,55.44,47.12,PayPal,25,3,False,East,1094.65
6740,11-25-23,2037,48,Other,Books,32.33,6,15,29.1,193.98,164.88,Credit Card,4,4,False,East,359.77
6741,12-19-23,2738,-16,Male,Clothing,64.69,9,5,29.11,582.21,553.1,PayPal,21,3,False,West,598.74
6742,08-31-24,1287,33,Male,Beauty,38.16,9,10,34.34,343.44,309.1,PayPal,25,3,False,West,1181.25
6743,11-02-24,4978,37,Other,Home & Garden,95.12,9,10,85.61,856.08,770.47,PayPal,26,5,False,East,770.47
6744,01-25-23,3236,20,Female,Sports,47.97,4,5,9.59,191.88,182.29,Credit Card,8,5,False,North,245.69
6745,11-09-23,3961,29,Male,Books,28.28,3,0,0.0,84.84,84.84,Debit Card,5,5,False,West,218.32
6746,06-23-23,4226,54,Other,Sports,129.62,4,15,77.77,518.48,440.71,PayPal,11,1,False,East,1538.39
6747,12-25-23,2590,41,Male,Electronics,1.85,3,0,0.0,5.55,5.55,Debit Card,2,4,False,South,1395.98
6748,09-23-24,3741,27,Male,Sports,33.51,7,5,11.73,234.57,222.84,PayPal,19,4,False,East,2150.16
6749,03-28-24,2745,32,Female,Home & Garden,54.06,3,5,8.11,162.18,154.07,PayPal,3,2,False,East,154.07
6750,09-30-24,3935,31,Male,Books,90.41,1,5,4.52,90.41,85.89,Credit Card,12,5,False,North,740.12
6751,05-30-23,3518,39,Other,Sports,38.95,8,5,15.58,311.6,296.02,PayPal,7,2,False,South,1398.91
6752,03-27-24,2098,13,Other,Sports,108.37,6,20,130.04,650.22,520.18,Mobile Wallet,6,5,False,West,1495.52
6753,02-15-23,3324,24,Male,Beauty,27.78,5,5,6.94,138.9,131.96,PayPal,23,4,True,East,775.01
6754,08-28-23,1939,50,Male,Beauty,19.07,8,0,0.0,152.56,152.56,Debit Card,8,5,False,East,227.07
6755,07-24-23,4716,33,Female,Electronics,182.12,8,5,72.85,1456.96,1384.11,Mobile Wallet,27,4,False,North,1936.18
6756,12-02-24,4414,22,Female,Home & Garden,55.01,3,0,0.0,165.03,165.03,Credit Card,5,3,False,East,346.32
6757,01-18-24,2448,22,Female,Sports,27.74,3,5,4.16,83.22,79.06,Mobile Wallet,13,5,False,East,79.06
6758,06-09-23,1570,45,Other,Home & Garden,105.26,7,5,36.84,736.82,699.98,Mobile Wallet,13,3,False,West,1107.73
6759,03-29-23,4582,27,Female,Clothing,57.46,3,20,34.48,172.38,137.9,Mobile Wallet,22,5,False,East,649.58
6760,04-26-23,3904,42,Other,Electronics,50.8,9,5,22.86,457.2,434.34,Mobile Wallet,1,3,False,North,1953.46
6761,02-25-23,2000,25,Female,Beauty,65.2,8,15,78.24,521.6,443.36,Mobile Wallet,14,5,False,East,531.21
6762,09-06-23,2205,18,Other,Electronics,67.03,8,20,107.25,536.24,428.99,Debit Card,4,5,False,South,1721.76
6763,09-27-24,3505,38,Male,Electronics,33.96,9,20,61.13,305.64,244.51,Mobile Wallet,22,5,True,East,636.33
6764,06-01-23,1917,33,Other,Home & Garden,27.18,8,15,32.62,217.44,184.82,Debit Card,20,4,False,North,239.41
6765,10-22-23,2874,45,Male,Beauty,120.0,4,20,96.0,480.0,384.0,Debit Card,29,1,False,South,821.68
6766,01-15-23,1832,48,Other,Beauty,34.38,7,5,12.03,240.66,228.63,Debit Card,1,2,False,North,384.4
6767,12-18-23,4135,29,Other,Sports,12.16,6,15,10.94,72.96,62.02,Credit Card,14,4,False,East,350.63
6768,12-11-24,3886,40,Male,Sports,36.87,1,5,1.84,36.87,35.03,Mobile Wallet,19,1,False,East,35.03
6769,04-24-23,4331,29,Other,Home & Garden,1.75,5,20,1.75,8.75,7.0,PayPal,19,2,False,North,1901.05
6770,11-09-23,3240,44,Other,Home & Garden,64.24,2,10,12.85,128.48,115.63,Credit Card,3,2,False,West,362.03
6771,04-05-24,2678,38,Female,Clothing,6.79,9,15,9.17,61.11,51.94,PayPal,20,3,False,East,358.85
6772,04-27-24,1615,25,Male,Books,5.92,3,0,0.0,17.76,17.76,Mobile Wallet,11,5,False,South,1295.49
6773,01-24-23,1405,24,Male,Books,146.27,7,20,204.78,1023.89,819.11,Mobile Wallet,9,1,False,North,1360.92
6774,12-06-23,2749,39,Female,Electronics,74.04,2,10,14.81,148.08,133.27,PayPal,25,5,False,East,1850.82
6775,08-03-23,4825,52,Female,Sports,26.74,7,20,37.44,187.18,149.74,Debit Card,24,3,False,South,350.4
6776,07-04-24,3990,48,Male,Beauty,13.69,4,5,2.74,54.76,52.02,Mobile Wallet,19,4,False,East,1336.09
6777,08-05-23,3768,20,Male,Electronics,92.73,6,5,27.82,556.38,528.56,PayPal,28,3,False,East,696.94
6778,07-28-23,1092,22,Male,Beauty,173.02,9,5,77.86,1557.18,1479.32,Credit Card,2,5,False,West,1829.77
6779,07-13-24,3477,24,Female,Sports,35.5,8,10,28.4,284.0,255.6,PayPal,13,1,False,West,455.57
6780,06-19-24,1653,26,Female,Sports,43.38,9,5,19.52,390.42,370.9,Credit Card,3,2,False,North,1426.98
6781,09-22-23,4505,7,Other,Clothing,13.92,5,20,13.92,69.6,55.68,Credit Card,11,2,True,South,378.66
6782,07-15-24,4475,46,Female,Home & Garden,44.49,5,20,44.49,222.45,177.96,Mobile Wallet,14,5,False,South,177.96
6783,05-09-24,1433,28,Other,Home & Garden,25.59,4,20,20.47,102.36,81.89,Credit Card,15,4,False,South,384.15
6784,09-29-24,2135,41,Other,Home & Garden,93.4,9,15,126.09,840.6,714.51,Mobile Wallet,5,4,False,East,2646.65
6785,05-25-23,1374,30,Female,Books,23.67,8,20,37.87,189.36,151.49,PayPal,7,5,False,East,1233.1
6786,12-12-24,4130,34,Female,Home & Garden,52.32,6,5,15.7,313.92,298.22,Debit Card,2,3,False,North,840.99
6787,12-16-24,2066,24,Female,Books,11.37,6,15,10.23,68.22,57.99,Credit Card,6,2,False,North,420.07
6788,11-15-24,1206,34,Female,Beauty,4.75,6,15,4.28,28.5,24.22,Mobile Wallet,11,4,True,East,53.39
6789,01-19-23,1779,21,Male,Electronics,2.06,6,15,1.85,12.36,10.51,Debit Card,27,3,False,East,246.16
6790,01-21-24,2319,34,Female,Books,26.86,7,15,28.2,188.02,159.82,Credit Card,2,2,True,South,1103.94
6791,08-19-24,2141,56,Other,Sports,8.93,6,10,5.36,53.58,48.22,PayPal,13,4,False,East,1204.4
6792,11-10-24,1531,42,Other,Clothing,251.65,8,20,402.64,2013.2,1610.56,Credit Card,1,5,False,South,2005.0
6793,06-23-24,4293,39,Male,Clothing,80.07,7,10,56.05,560.49,504.44,PayPal,27,3,False,North,1153.11
6794,02-14-23,3213,15,Male,Sports,59.11,2,0,0.0,118.22,118.22,PayPal,3,5,False,East,296.78
6795,09-19-23,3690,43,Female,Beauty,81.31,4,10,32.52,325.24,292.72,PayPal,20,4,False,East,939.8
6796,06-24-23,4227,44,Male,Electronics,15.24,7,15,16.0,106.68,90.68,PayPal,2,5,False,South,1879.47
6797,03-03-23,4255,39,Female,Clothing,105.71,2,20,42.28,211.42,169.14,Mobile Wallet,19,4,False,North,533.17
6798,10-18-23,1089,38,Female,Sports,271.72,4,20,217.38,1086.88,869.5,Mobile Wallet,28,5,False,West,2351.82
6799,07-25-23,2117,32,Male,Clothing,17.11,2,5,1.71,34.22,32.51,Mobile Wallet,22,5,False,East,258.15
6800,12-14-24,1012,44,Male,Books,208.83,2,10,41.77,417.66,375.89,Debit Card,9,4,False,South,390.93
6801,09-24-24,4020,55,Other,Beauty,19.31,7,20,27.03,135.17,108.14,PayPal,18,5,False,East,621.37
6802,10-05-23,2857,39,Male,Clothing,0.59,2,0,0.0,1.18,1.18,Credit Card,23,4,False,West,1598.49
6803,02-24-23,1804,20,Male,Beauty,22.88,4,0,0.0,91.52,91.52,Debit Card,1,4,False,West,820.76
6804,04-21-24,1944,21,Male,Beauty,299.87,7,10,209.91,2099.09,1889.18,Debit Card,20,5,False,North,1986.22
6805,11-01-24,3789,45,Other,Books,50.41,6,5,15.12,302.46,287.34,Debit Card,14,3,False,South,287.34
6806,01-09-23,2857,20,Female,Beauty,59.45,4,0,0.0,237.8,237.8,Debit Card,29,5,False,West,1598.49
6807,03-10-23,4875,38,Other,Books,13.61,9,5,6.12,122.49,116.37,Credit Card,14,2,False,South,520.48
6808,02-02-24,4509,29,Male,Clothing,7.89,5,10,3.94,39.45,35.51,PayPal,18,5,False,South,58.91
6809,11-07-24,4609,18,Male,Clothing,108.36,2,20,43.34,216.72,173.38,Credit Card,13,5,False,North,1823.13
6810,10-05-23,2610,47,Male,Beauty,26.67,7,5,9.33,186.69,177.36,PayPal,4,4,False,West,977.5
6811,11-09-24,3923,45,Female,Books,0.21,2,0,0.0,0.42,0.42,Debit Card,18,4,False,South,837.26
6812,11-06-24,2959,14,Other,Clothing,17.42,8,5,6.97,139.36,132.39,Debit Card,19,4,False,North,1213.02
6813,01-04-24,4882,42,Other,Beauty,10.89,7,20,15.25,76.23,60.98,Mobile Wallet,24,5,False,East,980.43
6814,04-21-23,4221,40,Female,Electronics,46.29,9,20,83.32,416.61,333.29,Mobile Wallet,4,4,False,East,333.29
6815,01-20-23,3707,47,Other,Home & Garden,70.55,6,0,0.0,423.3,423.3,Debit Card,6,1,False,West,532.94
6816,10-27-23,4079,37,Female,Home & Garden,34.41,7,5,12.04,240.87,228.83,Debit Card,12,4,False,South,289.52
6817,10-26-24,2052,56,Female,Sports,10.28,9,5,4.63,92.52,87.89,PayPal,9,4,True,East,87.89
6818,01-31-24,1295,33,Other,Beauty,2.99,7,15,3.14,20.93,17.79,Debit Card,13,4,False,East,17.84
6819,08-25-23,4033,30,Other,Home & Garden,18.81,9,0,0.0,169.29,169.29,PayPal,24,5,False,East,191.67
6820,01-25-24,1925,20,Female,Electronics,81.99,8,5,32.8,655.92,623.12,Debit Card,14,3,True,West,787.04
6821,06-04-24,4792,20,Other,Beauty,27.19,5,10,13.6,135.95,122.35,Credit Card,15,4,False,South,1506.53
6822,12-27-24,1639,19,Female,Home & Garden,14.53,7,15,15.26,101.71,86.45,Debit Card,14,3,False,South,472.29
6823,04-12-23,3387,38,Other,Home & Garden,1.05,7,0,0.0,7.35,7.35,PayPal,18,4,False,West,171.03
6824,11-20-23,1627,30,Other,Electronics,34.27,1,20,6.85,34.27,27.42,PayPal,2,4,False,North,121.55
6825,05-11-24,3486,39,Other,Books,57.73,4,0,0.0,230.92,230.92,Credit Card,3,4,False,West,289.5
6826,09-03-24,2167,16,Other,Home & Garden,10.56,5,10,5.28,52.8,47.52,PayPal,18,4,False,West,1214.52
6827,06-28-24,1941,22,Other,Sports,38.52,6,10,23.11,231.12,208.01,Mobile Wallet,19,5,False,East,1171.55
6828,04-01-23,1829,21,Male,Home & Garden,27.3,7,20,38.22,191.1,152.88,Credit Card,18,1,True,North,195.19
6829,07-10-23,2770,67,Male,Home & Garden,60.86,5,20,60.86,304.3,243.44,Debit Card,15,5,False,North,243.44
6830,07-23-23,3566,32,Other,Electronics,98.52,2,20,39.41,197.04,157.63,Debit Card,22,4,False,West,1019.08
6831,05-27-24,1975,34,Other,Electronics,18.34,5,15,13.76,91.7,77.94,Debit Card,25,5,False,East,468.97
6832,04-13-24,4116,33,Other,Beauty,117.57,5,10,58.78,587.85,529.07,PayPal,24,2,False,West,628.04
6833,07-28-24,1954,58,Female,Sports,61.37,7,20,85.92,429.59,343.67,Debit Card,6,4,False,North,2102.9
6834,12-30-24,2262,10,Male,Clothing,1.89,3,10,0.57,5.67,5.1,Debit Card,4,5,False,South,888.31
6835,01-23-23,1951,34,Female,Electronics,78.33,1,15,11.75,78.33,66.58,Debit Card,10,3,True,East,238.77
6836,02-10-23,1943,10,Male,Clothing,34.12,6,15,30.71,204.72,174.01,Mobile Wallet,12,5,False,East,2913.03
6837,09-11-23,3202,0,Male,Sports,145.44,7,10,101.81,1018.08,916.27,Mobile Wallet,5,5,False,East,932.61
6838,06-26-24,2204,23,Other,Home & Garden,19.55,8,20,31.28,156.4,125.12,Mobile Wallet,20,4,False,West,267.19
6839,11-09-23,4286,41,Other,Beauty,44.73,7,0,0.0,313.11,313.11,Debit Card,5,3,False,South,435.48
6840,12-08-23,3135,23,Female,Home & Garden,156.34,7,5,54.72,1094.38,1039.66,Debit Card,16,5,False,North,1758.37
6841,05-16-24,4327,40,Female,Beauty,15.82,7,10,11.07,110.74,99.67,PayPal,18,2,True,South,267.24
6842,02-07-24,2534,36,Other,Clothing,31.93,1,15,4.79,31.93,27.14,PayPal,15,2,False,North,630.22
6843,06-10-23,2096,32,Other,Sports,69.82,9,20,125.68,628.38,502.7,PayPal,8,5,True,South,564.08
6844,01-19-23,3978,53,Male,Sports,58.74,9,5,26.43,528.66,502.23,PayPal,1,3,False,South,872.88
6845,12-22-23,1178,26,Male,Electronics,91.23,7,10,63.86,638.61,574.75,Debit Card,9,4,False,East,824.14
6846,12-01-24,3259,40,Other,Clothing,36.68,9,0,0.0,330.12,330.12,PayPal,12,4,False,South,543.87
6847,12-27-23,2828,7,Male,Beauty,19.2,4,0,0.0,76.8,76.8,Credit Card,1,4,True,South,1492.72
6848,12-30-23,2257,36,Female,Electronics,38.29,7,15,40.2,268.03,227.83,Debit Card,5,2,False,North,656.04
6849,10-02-24,1464,31,Male,Clothing,21.54,2,15,6.46,43.08,36.62,Debit Card,9,5,False,North,415.78
6850,11-06-23,2774,17,Other,Electronics,9.71,6,15,8.74,58.26,49.52,Credit Card,1,3,True,South,1629.44
6851,08-30-23,4294,40,Male,Electronics,40.48,2,10,8.1,80.96,72.86,PayPal,14,5,False,East,970.49
6852,05-28-24,3678,23,Other,Sports,2.48,3,0,0.0,7.44,7.44,Credit Card,17,5,False,East,7.44
6853,10-10-23,3872,60,Male,Sports,1.86,1,0,0.0,1.86,1.86,PayPal,3,4,False,North,475.84
6854,03-05-23,4335,-1,Female,Home & Garden,3.34,7,15,3.51,23.38,19.87,Credit Card,16,5,False,West,1571.68
6855,10-02-24,2230,38,Female,Home & Garden,55.83,2,15,16.75,111.66,94.91,Debit Card,8,1,True,North,1573.65
6856,09-21-23,3654,35,Other,Sports,26.13,3,20,15.68,78.39,62.71,PayPal,19,1,False,East,162.63
6857,02-01-24,1884,30,Other,Sports,34.07,1,0,0.0,34.07,34.07,PayPal,28,3,False,West,334.95
6858,01-31-23,4805,27,Other,Electronics,21.03,3,15,9.46,63.09,53.63,PayPal,15,4,False,North,1680.78
6859,07-22-24,3413,36,Male,Home & Garden,14.63,4,15,8.78,58.52,49.74,Debit Card,2,3,False,North,633.32
6860,10-14-23,3323,50,Male,Sports,22.18,7,15,23.29,155.26,131.97,PayPal,6,5,True,West,550.88
6861,08-19-23,3427,9,Male,Clothing,10.75,6,20,12.9,64.5,51.6,Credit Card,10,3,False,North,136.2
6862,06-05-23,4814,22,Female,Clothing,56.78,1,0,0.0,56.78,56.78,PayPal,21,5,False,East,421.26
6863,12-16-23,2332,19,Other,Home & Garden,5.36,4,0,0.0,21.44,21.44,PayPal,13,4,False,West,159.16
6864,02-07-24,2654,18,Male,Clothing,36.38,9,0,0.0,327.42,327.42,Debit Card,28,4,False,East,612.01
6865,11-03-24,4339,40,Female,Beauty,32.39,3,20,19.43,97.17,77.74,Credit Card,15,5,False,South,2633.92
6866,05-21-23,1944,43,Other,Electronics,17.97,6,10,10.78,107.82,97.04,Credit Card,11,5,False,North,1986.22
6867,03-31-23,4856,50,Female,Home & Garden,5.4,2,20,2.16,10.8,8.64,Credit Card,9,5,False,South,59.05
6868,01-27-24,4135,44,Other,Beauty,60.76,5,5,15.19,303.8,288.61,PayPal,27,5,False,South,350.63
6869,06-17-24,3857,45,Male,Sports,42.15,9,20,75.87,379.35,303.48,Mobile Wallet,14,5,False,South,1525.72
6870,11-25-24,4421,13,Female,Beauty,82.9,2,5,8.29,165.8,157.51,Mobile Wallet,3,4,False,North,1409.87
6871,09-19-24,1924,57,Female,Clothing,13.43,3,15,6.04,40.29,34.25,PayPal,20,4,False,West,567.4
6872,10-02-24,2938,31,Female,Electronics,78.41,2,5,7.84,156.82,148.98,Debit Card,27,5,False,East,956.41
6873,12-03-24,1493,50,Other,Sports,17.26,2,20,6.9,34.52,27.62,Debit Card,26,3,False,North,484.87
6874,08-21-23,2546,14,Other,Books,5.97,6,10,3.58,35.82,32.24,PayPal,16,5,False,East,337.53
6875,03-03-24,4169,31,Female,Electronics,7.25,6,0,0.0,43.5,43.5,Credit Card,8,5,False,West,299.82
6876,09-04-23,2969,49,Other,Clothing,12.49,5,20,12.49,62.45,49.96,Credit Card,11,2,False,North,787.33
6877,08-09-24,2094,35,Female,Electronics,57.35,2,0,0.0,114.7,114.7,PayPal,2,1,False,East,575.75
6878,06-06-23,3411,23,Male,Books,13.98,1,5,0.7,13.98,13.28,Credit Card,5,2,False,South,47.61
6879,03-12-24,3617,54,Female,Books,46.3,3,15,20.84,138.9,118.06,Credit Card,29,5,False,North,1006.03
6880,11-16-23,2825,17,Female,Electronics,14.82,3,15,6.67,44.46,37.79,Mobile Wallet,12,2,False,East,315.89
6881,09-11-24,1762,34,Other,Sports,22.72,9,20,40.9,204.48,163.58,Mobile Wallet,9,4,False,South,835.2
6882,12-04-23,3323,44,Other,Beauty,110.24,4,5,22.05,440.96,418.91,PayPal,11,2,True,West,550.88
6883,04-04-24,1049,66,Other,Sports,34.69,9,5,15.61,312.21,296.6,Mobile Wallet,16,4,True,South,339.77
6884,07-09-24,4429,28,Male,Books,45.85,1,0,0.0,45.85,45.85,Mobile Wallet,25,5,False,South,151.67
6885,05-15-23,3775,30,Male,Home & Garden,10.49,3,5,1.57,31.47,29.9,Debit Card,10,5,True,South,74.07
6886,07-31-23,1905,28,Male,Home & Garden,7.05,1,10,0.7,7.05,6.35,PayPal,25,4,True,East,325.93
6887,10-30-24,3975,38,Other,Sports,26.65,6,15,23.98,159.9,135.92,Debit Card,11,5,False,East,1056.85
6888,05-22-23,1563,43,Female,Home & Garden,96.68,1,10,9.67,96.68,87.01,Mobile Wallet,1,4,False,West,460.72
6889,08-17-24,1782,51,Female,Sports,13.78,2,10,2.76,27.56,24.8,Mobile Wallet,1,5,False,South,197.36
6890,07-08-24,3532,46,Female,Clothing,48.6,9,0,0.0,437.4,437.4,Credit Card,1,5,False,South,2114.83
6891,12-01-24,4155,27,Other,Sports,102.82,1,5,5.14,102.82,97.68,Debit Card,24,3,False,South,231.04
6892,07-27-23,4970,47,Other,Clothing,136.22,4,0,0.0,544.88,544.88,Debit Card,20,3,False,South,609.77
6893,05-22-23,4876,36,Male,Beauty,254.08,6,15,228.67,1524.48,1295.81,PayPal,15,4,True,South,2155.73
6894,11-13-23,4709,46,Other,Books,71.98,2,0,0.0,143.96,143.96,Credit Card,9,3,False,North,2289.63
6895,12-06-24,3040,47,Female,Home & Garden,3.9,1,10,0.39,3.9,3.51,Credit Card,27,4,False,West,269.65
6896,12-23-24,2831,59,Male,Beauty,102.58,4,0,0.0,410.32,410.32,Credit Card,6,5,False,East,565.0
6897,06-20-24,1583,29,Male,Beauty,108.42,3,5,16.26,325.26,309.0,Mobile Wallet,19,2,False,East,385.9
6898,05-19-23,2319,26,Other,Books,40.74,7,0,0.0,285.18,285.18,Mobile Wallet,8,5,False,North,1103.94
6899,03-16-24,1235,41,Male,Electronics,3.49,7,5,1.22,24.43,23.21,Mobile Wallet,17,3,True,East,300.07
6900,05-29-23,3103,52,Male,Electronics,32.38,7,10,22.67,226.66,203.99,Debit Card,12,3,False,South,696.92
6901,11-02-24,2942,35,Other,Beauty,11.83,9,5,5.32,106.47,101.15,Debit Card,2,5,False,East,753.34
6902,08-01-24,1359,53,Male,Beauty,29.18,9,5,13.13,262.62,249.49,PayPal,8,3,False,South,2243.39
6903,06-11-23,2930,45,Female,Books,64.39,4,5,12.88,257.56,244.68,Credit Card,1,4,False,West,581.05
6904,11-22-23,1109,31,Other,Sports,55.06,9,5,24.78,495.54,470.76,Mobile Wallet,28,4,False,East,476.58
6905,03-11-23,1191,43,Female,Sports,75.7,7,15,79.48,529.9,450.42,Mobile Wallet,13,3,False,North,1031.17
6906,07-24-24,1903,28,Female,Home & Garden,32.36,6,20,38.83,194.16,155.33,Credit Card,11,3,False,East,716.75
6907,06-29-24,2116,38,Female,Books,35.75,9,15,48.26,321.75,273.49,Mobile Wallet,21,5,False,South,427.22
6908,05-02-23,1861,18,Female,Electronics,137.2,4,0,0.0,548.8,548.8,Mobile Wallet,19,4,True,North,1902.12
6909,07-08-23,3615,33,Male,Books,49.87,1,15,7.48,49.87,42.39,Debit Card,2,5,False,South,42.39
6910,11-22-23,2083,49,Male,Books,68.83,6,15,61.95,412.98,351.03,Debit Card,20,5,True,West,2687.76
6911,05-30-23,1649,46,Other,Home & Garden,54.61,1,5,2.73,54.61,51.88,Mobile Wallet,18,2,False,East,648.58
6912,01-31-23,1038,44,Other,Sports,51.15,9,0,0.0,460.35,460.35,Mobile Wallet,21,2,True,West,824.67
6913,11-23-23,4611,39,Female,Beauty,122.4,5,0,0.0,612.0,612.0,Debit Card,24,5,False,West,943.35
6914,02-28-24,4120,37,Female,Electronics,22.04,2,10,4.41,44.08,39.67,Credit Card,4,5,False,North,608.95
6915,02-26-24,4491,15,Other,Home & Garden,27.9,8,5,11.16,223.2,212.04,Credit Card,7,4,False,South,1614.31
6916,11-07-23,1636,31,Other,Electronics,23.88,6,15,21.49,143.28,121.79,Mobile Wallet,5,4,False,East,692.49
6917,03-29-24,2036,37,Other,Electronics,72.45,3,10,21.74,217.35,195.61,PayPal,9,4,False,North,1080.02
6918,10-14-24,1035,18,Other,Sports,101.41,2,10,20.28,202.82,182.54,PayPal,13,4,False,East,2042.26
6919,10-08-23,3148,8,Female,Beauty,22.12,4,15,13.27,88.48,75.21,Mobile Wallet,18,4,False,West,940.95
6920,06-05-23,4865,51,Other,Beauty,7.68,1,0,0.0,7.68,7.68,Credit Card,15,5,False,North,704.53
6921,07-12-23,4157,35,Male,Sports,34.07,1,5,1.7,34.07,32.37,PayPal,18,3,False,West,1000.1
6922,04-20-23,4587,38,Female,Home & Garden,207.8,5,5,51.95,1039.0,987.05,Debit Card,1,5,False,East,1985.19
6923,05-15-23,4294,43,Male,Clothing,11.39,9,15,15.38,102.51,87.13,PayPal,4,5,False,West,970.49
6924,07-09-23,2361,20,Other,Home & Garden,30.07,5,5,7.52,150.35,142.83,Debit Card,13,5,False,West,240.78
6925,01-27-23,2983,28,Male,Home & Garden,15.83,6,20,19.0,94.98,75.98,PayPal,14,5,False,North,439.33
6926,09-18-24,1165,57,Other,Clothing,127.99,9,10,115.19,1151.91,1036.72,Credit Card,8,4,False,West,1468.22
6927,09-23-24,3430,27,Male,Electronics,40.03,3,10,12.01,120.09,108.08,Mobile Wallet,21,4,False,West,411.78
6928,10-01-23,2879,31,Female,Books,43.23,4,20,34.58,172.92,138.34,Mobile Wallet,5,4,False,South,307.69
6929,09-12-24,4966,24,Male,Clothing,0.41,2,5,0.04,0.82,0.78,Mobile Wallet,20,5,False,East,17.76
6930,08-03-24,4447,23,Female,Books,52.89,4,0,0.0,211.56,211.56,Debit Card,7,1,False,East,986.25
6931,09-19-24,4542,51,Male,Electronics,18.29,8,20,29.26,146.32,117.06,Mobile Wallet,26,3,False,West,570.26
6932,08-25-23,3837,-2,Male,Clothing,36.02,2,20,14.41,72.04,57.63,PayPal,24,5,False,East,1075.26
6933,09-02-24,4713,28,Female,Sports,37.86,4,10,15.14,151.44,136.3,Credit Card,9,3,False,North,554.3
6934,08-26-23,1030,38,Female,Home & Garden,44.85,8,0,0.0,358.8,358.8,Mobile Wallet,6,3,True,North,358.8
6935,08-25-23,4446,60,Other,Clothing,86.73,7,0,0.0,607.11,607.11,Debit Card,12,5,False,East,1055.84
6936,12-04-24,1010,17,Female,Clothing,17.76,9,5,7.99,159.84,151.85,Debit Card,25,3,False,North,341.39
6937,01-27-23,3011,15,Female,Electronics,14.8,2,0,0.0,29.6,29.6,Credit Card,11,3,False,South,595.86
6938,01-03-24,4373,22,Other,Sports,79.43,4,5,15.89,317.72,301.83,Credit Card,15,5,False,West,753.55
6939,03-23-23,3143,45,Female,Clothing,63.42,9,15,85.62,570.78,485.16,Debit Card,17,4,False,East,972.1
6940,12-05-24,4261,36,Female,Sports,12.78,6,20,15.34,76.68,61.34,Credit Card,3,4,False,South,1513.96
6941,05-03-24,3500,13,Male,Books,0.04,9,20,0.07,0.36,0.29,PayPal,17,4,False,East,10.43
6942,05-18-23,3239,36,Other,Clothing,54.82,9,5,24.67,493.38,468.71,PayPal,27,5,False,East,763.27
6943,05-29-24,1485,58,Other,Sports,8.55,7,5,2.99,59.85,56.86,Mobile Wallet,21,2,False,East,56.86
6944,09-11-24,2289,38,Male,Home & Garden,157.32,7,5,55.06,1101.24,1046.18,Mobile Wallet,8,3,False,South,1959.71
6945,04-25-24,2447,37,Other,Electronics,46.37,8,20,74.19,370.96,296.77,Debit Card,22,4,False,North,1218.03
6946,12-30-24,4199,38,Male,Beauty,94.74,2,5,9.47,189.48,180.01,Debit Card,12,4,False,South,545.74
6947,10-27-24,3285,41,Female,Sports,81.9,7,20,114.66,573.3,458.64,PayPal,13,3,False,South,868.16
6948,01-18-24,2943,15,Other,Electronics,40.8,6,20,48.96,244.8,195.84,Credit Card,26,4,False,South,516.95
6949,07-08-23,4426,31,Female,Beauty,28.84,7,10,20.19,201.88,181.69,Mobile Wallet,12,5,False,West,1027.19
6950,02-01-24,2963,32,Other,Clothing,34.34,6,10,20.6,206.04,185.44,Credit Card,5,1,False,East,459.33
6951,05-18-24,4183,27,Female,Clothing,81.22,3,15,36.55,243.66,207.11,Mobile Wallet,1,2,False,West,1127.6
6952,04-30-24,2851,45,Other,Books,51.15,5,15,38.36,255.75,217.39,Mobile Wallet,28,1,False,North,387.36
6953,05-21-23,2469,25,Other,Electronics,11.52,3,0,0.0,34.56,34.56,Debit Card,17,4,False,North,575.7
6954,06-17-23,2366,29,Female,Home & Garden,47.0,6,5,14.1,282.0,267.9,Credit Card,5,1,False,North,2625.42
6955,07-17-23,4216,16,Male,Home & Garden,25.93,3,20,15.56,77.79,62.23,Debit Card,28,4,False,North,1431.27
6956,08-20-23,4136,40,Other,Sports,3.16,2,0,0.0,6.32,6.32,Credit Card,21,5,False,South,2030.91
6957,02-03-23,4318,49,Male,Home & Garden,24.0,4,10,9.6,96.0,86.4,Credit Card,8,2,False,West,1010.08
6958,02-23-24,3782,29,Male,Beauty,12.91,9,20,23.24,116.19,92.95,Mobile Wallet,2,4,False,West,390.59
6959,01-16-23,1990,47,Male,Electronics,91.19,1,0,0.0,91.19,91.19,Credit Card,23,4,False,North,399.37
6960,10-04-23,4561,32,Male,Clothing,5.55,8,10,4.44,44.4,39.96,Mobile Wallet,5,4,False,West,4162.09
6961,02-27-24,1824,-2,Male,Electronics,22.36,5,15,16.77,111.8,95.03,Mobile Wallet,14,5,False,West,472.73
6962,08-16-23,2462,34,Male,Electronics,59.45,2,5,5.94,118.9,112.96,Mobile Wallet,2,1,False,West,2661.14
6963,11-18-24,3153,32,Other,Clothing,113.84,9,5,51.23,1024.56,973.33,PayPal,21,5,False,West,1970.89
6964,07-27-23,3228,36,Male,Beauty,20.42,2,0,0.0,40.84,40.84,Mobile Wallet,12,5,False,West,40.84
6965,07-29-23,3231,38,Other,Electronics,46.63,3,10,13.99,139.89,125.9,Debit Card,25,4,False,South,934.21
6966,03-09-23,1225,24,Other,Home & Garden,23.39,1,0,0.0,23.39,23.39,Credit Card,28,5,False,South,698.02
6967,07-01-23,1776,57,Other,Sports,11.34,1,10,1.13,11.34,10.21,Credit Card,29,4,False,West,10.21
6968,03-25-24,3837,34,Female,Sports,19.71,2,10,3.94,39.42,35.48,PayPal,14,5,False,West,1075.26
6969,09-23-24,4980,32,Male,Electronics,50.52,2,5,5.05,101.04,95.99,PayPal,5,4,False,West,241.14
6970,05-16-24,2112,46,Female,Beauty,63.0,6,15,56.7,378.0,321.3,PayPal,21,1,False,North,1017.81
6971,12-05-24,1687,35,Male,Clothing,23.15,8,15,27.78,185.2,157.42,Debit Card,27,2,False,North,324.62
6972,11-29-23,1529,73,Female,Books,8.28,4,20,6.62,33.12,26.5,Mobile Wallet,18,4,False,West,265.92
6973,04-13-24,4442,31,Other,Beauty,7.52,3,10,2.26,22.56,20.3,PayPal,25,5,False,South,107.68
6974,09-10-23,1971,40,Female,Electronics,83.73,2,5,8.37,167.46,159.09,PayPal,18,3,False,North,228.91
6975,03-13-24,1935,23,Other,Electronics,52.96,1,10,5.3,52.96,47.66,Credit Card,16,5,False,East,1746.6
6976,02-19-24,4984,48,Female,Books,65.1,8,20,104.16,520.8,416.64,Credit Card,29,5,False,North,605.64
6977,02-12-23,2422,39,Male,Sports,33.5,7,5,11.72,234.5,222.78,PayPal,5,4,False,North,614.55
6978,09-14-24,3153,29,Male,Beauty,30.56,2,10,6.11,61.12,55.01,Credit Card,2,4,False,East,1970.89
6979,01-25-24,2294,21,Female,Sports,11.86,7,15,12.45,83.02,70.57,Credit Card,18,4,False,West,236.36
6980,11-17-23,2998,15,Female,Books,9.22,6,15,8.3,55.32,47.02,Mobile Wallet,22,5,False,North,414.12
6981,02-08-24,3878,41,Male,Clothing,8.36,8,20,13.38,66.88,53.5,PayPal,26,2,False,North,695.75
6982,09-18-24,2526,14,Female,Electronics,240.11,6,15,216.1,1440.66,1224.56,PayPal,3,4,False,West,1988.46
6983,08-08-24,1678,54,Female,Home & Garden,85.99,4,10,34.4,343.96,309.56,Mobile Wallet,26,3,False,North,1093.64
6984,08-31-24,4596,16,Male,Sports,49.19,8,20,78.7,393.52,314.82,PayPal,29,5,False,North,935.89
6985,07-03-24,3896,32,Other,Sports,12.07,1,0,0.0,12.07,12.07,PayPal,9,2,False,West,2182.11
6986,06-21-24,4103,21,Male,Beauty,20.6,1,20,4.12,20.6,16.48,Mobile Wallet,28,5,False,North,16.48
6987,10-18-24,3440,35,Male,Sports,21.6,4,15,12.96,86.4,73.44,Mobile Wallet,6,4,False,West,73.44
6988,12-22-24,1039,35,Female,Clothing,32.47,1,5,1.62,32.47,30.85,PayPal,26,5,False,North,1129.95
6989,02-09-23,3707,41,Male,Books,27.41,5,20,27.41,137.05,109.64,Credit Card,26,5,False,West,532.94
6990,06-17-24,4289,12,Male,Clothing,136.02,9,10,122.42,1224.18,1101.76,Mobile Wallet,18,4,False,East,1683.69
6991,04-22-23,4802,23,Female,Sports,63.79,9,20,114.82,574.11,459.29,Mobile Wallet,1,3,False,North,1064.62
6992,04-07-24,4028,49,Female,Beauty,4.25,9,15,5.74,38.25,32.51,Debit Card,18,5,False,East,3087.04
6993,04-12-24,2105,44,Other,Electronics,22.31,6,20,26.77,133.86,107.09,Credit Card,26,5,False,South,741.51
6994,02-13-23,1844,-2,Male,Sports,7.13,1,10,0.71,7.13,6.42,PayPal,22,5,False,South,671.02
6995,09-09-23,2743,40,Other,Electronics,16.38,5,10,8.19,81.9,73.71,Debit Card,2,5,False,East,319.59
6996,06-15-24,3248,19,Other,Beauty,159.58,2,15,47.87,319.16,271.29,Debit Card,23,5,False,North,1052.36
6997,07-04-24,1446,26,Other,Electronics,61.08,1,10,6.11,61.08,54.97,Debit Card,23,4,False,East,565.5
6998,02-10-24,4915,31,Other,Sports,0.39,5,15,0.29,1.95,1.66,Credit Card,17,5,True,East,1.66
6999,02-10-23,4499,58,Male,Sports,19.94,5,20,19.94,99.7,79.76,Mobile Wallet,12,2,False,West,1307.46
7000,07-25-24,4109,19,Male,Electronics,28.88,1,20,5.78,28.88,23.1,PayPal,22,4,False,East,561.75
7001,02-01-24,2234,13,Male,Clothing,46.13,7,0,0.0,322.91,322.91,Credit Card,21,4,False,East,761.32
7002,06-12-24,3491,41,Other,Clothing,34.63,3,15,15.58,103.89,88.31,Debit Card,24,5,False,West,345.85
7003,10-07-24,2350,34,Female,Beauty,3.62,6,5,1.09,21.72,20.63,Credit Card,24,5,False,West,45.73
7004,02-20-23,3808,53,Male,Clothing,36.24,2,15,10.87,72.48,61.61,PayPal,25,2,True,West,944.15
7005,07-14-23,1226,29,Other,Home & Garden,6.98,9,20,12.56,62.82,50.26,Credit Card,2,5,False,East,692.91
7006,10-26-23,1047,53,Other,Electronics,36.62,2,20,14.65,73.24,58.59,Debit Card,27,5,False,North,240.83
7007,03-26-24,4089,35,Other,Home & Garden,14.12,2,10,2.82,28.24,25.42,Debit Card,1,4,False,South,446.72
7008,02-12-24,3959,42,Other,Home & Garden,7.79,1,0,0.0,7.79,7.79,Mobile Wallet,10,2,False,East,1551.99
7009,11-08-23,2462,59,Other,Electronics,16.98,1,5,0.85,16.98,16.13,Credit Card,22,3,False,North,2661.14
7010,10-20-23,2830,32,Other,Home & Garden,5.25,4,0,0.0,21.0,21.0,PayPal,2,4,False,West,1467.69
7011,04-17-24,4779,50,Male,Beauty,16.7,7,15,17.54,116.9,99.36,Mobile Wallet,5,5,False,East,196.92
7012,06-20-23,1186,25,Female,Beauty,100.85,4,15,60.51,403.4,342.89,Mobile Wallet,17,2,False,East,2486.94
7013,03-08-24,3392,38,Male,Electronics,18.35,5,20,18.35,91.75,73.4,PayPal,1,4,False,East,360.38
7014,10-29-23,3271,13,Male,Books,31.76,6,10,19.06,190.56,171.5,PayPal,14,2,False,West,199.37
7015,09-19-24,3877,27,Other,Books,36.68,5,5,9.17,183.4,174.23,Credit Card,21,4,False,West,174.23
7016,02-25-23,3535,19,Male,Electronics,9.82,5,10,4.91,49.1,44.19,Debit Card,6,4,False,South,731.44
7017,12-07-24,2932,53,Female,Electronics,29.15,4,5,5.83,116.6,110.77,Mobile Wallet,11,4,False,West,1924.93
7018,06-13-24,3924,61,Female,Electronics,95.86,9,0,0.0,862.74,862.74,Mobile Wallet,7,5,False,West,2101.77
7019,05-26-23,1848,29,Other,Clothing,4.2,5,20,4.2,21.0,16.8,Credit Card,27,2,False,West,250.28
7020,04-19-24,3032,23,Female,Electronics,128.08,9,10,115.27,1152.72,1037.45,Debit Card,20,3,False,West,1716.24
7021,10-23-24,2252,15,Other,Beauty,102.44,4,15,61.46,409.76,348.3,Credit Card,20,5,False,North,2658.98
7022,04-07-24,2413,38,Female,Beauty,96.84,9,20,174.31,871.56,697.25,Debit Card,21,5,False,North,720.76
7023,04-03-23,1978,25,Female,Sports,11.07,5,5,2.77,55.35,52.58,PayPal,22,5,False,East,283.74
7024,05-27-24,2612,26,Male,Books,33.11,8,20,52.98,264.88,211.9,Credit Card,24,5,False,North,322.5
7025,04-26-23,2016,59,Female,Books,47.88,1,15,7.18,47.88,40.7,PayPal,9,5,False,West,2013.27
7026,07-04-23,3235,30,Other,Electronics,5.27,4,15,3.16,21.08,17.92,Credit Card,23,5,False,West,681.44
7027,08-22-24,2881,43,Female,Books,40.69,4,5,8.14,162.76,154.62,PayPal,26,5,False,South,526.43
7028,12-13-24,1269,35,Female,Electronics,91.64,2,20,36.66,183.28,146.62,Debit Card,3,5,False,West,232.59
7029,07-13-24,2630,14,Male,Electronics,137.88,3,10,41.36,413.64,372.28,Debit Card,6,5,False,West,915.37
7030,05-19-23,1309,7,Other,Books,16.31,8,20,26.1,130.48,104.38,Debit Card,9,4,False,East,470.14
7031,02-07-24,4203,42,Other,Books,17.04,8,15,20.45,136.32,115.87,Mobile Wallet,6,4,True,West,617.05
7032,02-28-24,3043,60,Other,Sports,15.79,1,5,0.79,15.79,15.0,Debit Card,28,5,False,East,267.94
7033,11-28-23,2574,39,Male,Home & Garden,8.33,2,0,0.0,16.66,16.66,Credit Card,27,2,True,West,1699.56
7034,04-06-24,2095,44,Female,Sports,28.17,4,0,0.0,112.68,112.68,Debit Card,10,5,False,East,451.73
7035,01-26-23,4864,21,Other,Sports,76.73,6,20,92.08,460.38,368.3,Mobile Wallet,24,4,False,East,1162.68
7036,07-03-23,3892,50,Female,Books,62.26,3,15,28.02,186.78,158.76,PayPal,8,1,False,East,241.29
7037,04-09-24,2695,50,Female,Beauty,115.29,7,20,161.41,807.03,645.62,Mobile Wallet,20,5,False,North,731.86
7038,08-27-24,4258,24,Female,Sports,21.98,3,5,3.3,65.94,62.64,Mobile Wallet,16,4,False,West,712.27
7039,12-30-24,3533,43,Male,Beauty,42.46,8,10,33.97,339.68,305.71,PayPal,7,5,True,West,682.45
7040,07-26-23,4262,8,Female,Books,72.74,6,0,0.0,436.44,436.44,Credit Card,23,1,False,South,1099.34
7041,04-10-24,2445,45,Male,Clothing,114.22,8,20,182.75,913.76,731.01,Credit Card,23,5,False,East,1428.96
7042,04-03-23,3167,26,Male,Electronics,102.69,7,15,107.82,718.83,611.01,Debit Card,24,5,False,West,611.01
7043,09-14-23,1219,16,Male,Home & Garden,31.32,5,0,0.0,156.6,156.6,Mobile Wallet,18,1,False,South,586.26
7044,11-28-23,1052,41,Other,Beauty,118.68,5,0,0.0,593.4,593.4,Credit Card,28,1,False,West,636.39
7045,12-09-24,2757,8,Male,Clothing,29.35,3,10,8.8,88.05,79.25,Debit Card,18,4,False,East,1051.91
7046,10-26-24,2474,40,Other,Beauty,116.57,4,20,93.26,466.28,373.02,Mobile Wallet,15,5,False,North,1203.77
7047,12-29-24,4483,18,Male,Electronics,75.02,8,10,60.02,600.16,540.14,Mobile Wallet,22,4,False,South,671.21
7048,06-17-23,2666,14,Male,Electronics,12.53,5,15,9.4,62.65,53.25,Credit Card,27,4,False,South,53.25
7049,05-07-23,2260,35,Male,Home & Garden,132.73,9,15,179.19,1194.57,1015.38,Debit Card,6,5,True,East,1454.26
7050,04-04-23,3805,32,Male,Sports,13.88,3,20,8.33,41.64,33.31,PayPal,5,5,False,East,309.89
7051,04-27-23,3785,56,Female,Electronics,119.53,3,0,0.0,358.59,358.59,Mobile Wallet,18,5,False,South,1236.31
7052,12-24-24,1719,15,Female,Home & Garden,47.74,8,5,19.1,381.92,362.82,Debit Card,8,5,True,West,2195.31
7053,04-05-24,1405,55,Male,Beauty,55.04,8,10,44.03,440.32,396.29,PayPal,3,1,False,North,1360.92
7054,10-11-24,3655,17,Female,Beauty,5.79,7,0,0.0,40.53,40.53,PayPal,16,4,False,West,123.87
7055,01-07-24,4068,48,Other,Beauty,3.4,6,15,3.06,20.4,17.34,Credit Card,17,5,True,East,740.12
7056,03-29-23,3469,51,Female,Beauty,172.64,7,15,181.27,1208.48,1027.21,PayPal,17,4,False,East,2655.03
7057,06-20-24,3759,39,Female,Beauty,20.54,7,0,0.0,143.78,143.78,Mobile Wallet,12,4,False,West,306.7
7058,12-25-24,3294,23,Female,Books,93.01,6,0,0.0,558.06,558.06,Mobile Wallet,23,4,False,East,1270.51
7059,01-29-24,1071,12,Male,Electronics,60.95,9,15,82.28,548.55,466.27,Debit Card,7,4,False,East,1120.35
7060,06-07-24,2853,5,Other,Electronics,46.33,5,10,23.16,231.65,208.49,Mobile Wallet,22,5,False,South,493.76
7061,09-18-24,3232,62,Male,Sports,57.79,5,10,28.9,288.95,260.05,Credit Card,22,2,False,South,297.21
7062,06-13-23,3053,30,Other,Sports,4.68,6,0,0.0,28.08,28.08,Credit Card,21,5,False,West,30.83
7063,01-23-24,2229,18,Male,Books,26.59,4,20,21.27,106.36,85.09,Mobile Wallet,28,5,False,East,981.18
7064,07-17-24,2567,17,Female,Electronics,46.71,9,15,63.06,420.39,357.33,Debit Card,6,5,False,East,1230.31
7065,01-25-24,4682,37,Other,Sports,101.08,2,5,10.11,202.16,192.05,Credit Card,2,4,False,North,265.55
7066,02-14-23,3953,29,Female,Home & Garden,62.71,3,15,28.22,188.13,159.91,Debit Card,5,3,False,East,1990.66
7067,06-24-23,1386,6,Other,Beauty,14.57,9,10,13.11,131.13,118.02,Mobile Wallet,2,5,False,West,1894.5
7068,12-10-23,2791,47,Other,Beauty,209.74,1,10,20.97,209.74,188.77,PayPal,3,5,True,North,285.02
7069,08-02-24,1698,40,Male,Electronics,51.51,5,5,12.88,257.55,244.67,Credit Card,5,3,False,North,407.03
7070,11-06-24,4147,62,Male,Beauty,34.79,3,10,10.44,104.37,93.93,PayPal,17,3,False,East,438.91
7071,06-03-23,2200,52,Female,Beauty,76.02,3,5,11.4,228.06,216.66,Credit Card,27,3,True,West,849.2
7072,06-16-23,1826,-11,Female,Home & Garden,46.15,1,10,4.62,46.15,41.53,Mobile Wallet,19,3,False,East,214.05
7073,05-29-23,2822,56,Other,Clothing,61.89,8,5,24.76,495.12,470.36,Debit Card,10,5,False,East,970.76
7074,07-03-23,1348,53,Other,Books,48.0,3,20,28.8,144.0,115.2,Debit Card,12,4,False,North,320.16
7075,12-30-24,2278,23,Male,Sports,9.85,4,15,5.91,39.4,33.49,Debit Card,22,4,False,South,47.83
7076,02-22-23,4908,28,Male,Clothing,39.19,5,10,19.6,195.95,176.35,Mobile Wallet,18,1,False,North,540.86
7077,03-05-24,4773,41,Male,Sports,16.64,5,0,0.0,83.2,83.2,Debit Card,19,5,False,East,280.72
7078,11-12-23,1307,19,Male,Clothing,42.23,2,5,4.22,84.46,80.24,Credit Card,13,5,False,West,539.71
7079,11-13-23,4416,31,Male,Beauty,6.71,7,5,2.35,46.97,44.62,PayPal,25,4,False,North,2019.06
7080,04-01-24,2150,50,Other,Sports,13.2,6,5,3.96,79.2,75.24,Mobile Wallet,8,2,False,South,248.69
7081,10-23-23,2960,42,Other,Books,82.7,7,10,57.89,578.9,521.01,PayPal,3,5,False,West,890.5
7082,10-03-24,3334,24,Female,Electronics,25.98,3,15,11.69,77.94,66.25,Credit Card,23,4,False,South,3436.42
7083,07-05-23,1765,50,Other,Home & Garden,56.01,8,0,0.0,448.08,448.08,Credit Card,12,5,False,North,448.08
7084,05-01-23,1724,39,Male,Clothing,34.44,6,5,10.33,206.64,196.31,PayPal,4,5,False,West,388.59
7085,05-15-23,3809,39,Other,Home & Garden,20.83,7,5,7.29,145.81,138.52,PayPal,14,3,False,North,815.81
7086,07-27-23,2619,27,Other,Home & Garden,34.18,9,5,15.38,307.62,292.24,Credit Card,7,4,False,East,867.2
7087,01-04-23,4558,34,Other,Sports,84.02,8,5,33.61,672.16,638.55,Credit Card,21,1,False,South,769.24
7088,09-29-24,1382,23,Female,Electronics,16.54,8,0,0.0,132.32,132.32,Credit Card,28,5,False,North,1305.7
7089,09-17-23,4477,5,Female,Sports,27.36,3,5,4.1,82.08,77.98,Credit Card,13,5,False,West,77.98
7090,01-13-23,3435,30,Other,Home & Garden,11.32,1,0,0.0,11.32,11.32,Credit Card,12,5,False,North,130.17
7091,04-14-24,1524,33,Other,Beauty,21.63,1,0,0.0,21.63,21.63,PayPal,15,1,False,North,868.48
7092,05-24-24,4628,37,Male,Books,108.19,2,5,10.82,216.38,205.56,PayPal,2,4,False,North,528.23
7093,05-25-24,3686,53,Female,Electronics,77.02,8,20,123.23,616.16,492.93,Mobile Wallet,22,5,False,East,1686.8
7094,07-10-24,3985,25,Male,Electronics,23.39,6,0,0.0,140.34,140.34,Debit Card,1,2,False,East,398.67
7095,01-06-23,4697,29,Male,Beauty,7.1,6,20,8.52,42.6,34.08,Debit Card,6,5,False,North,247.24
7096,09-14-24,1275,46,Other,Home & Garden,27.23,1,0,0.0,27.23,27.23,PayPal,1,5,False,West,308.64
7097,05-20-24,3547,23,Other,Sports,73.86,2,10,14.77,147.72,132.95,PayPal,19,5,False,West,577.93
7098,09-01-23,3764,37,Other,Beauty,2.24,5,5,0.56,11.2,10.64,Debit Card,27,2,True,West,159.41
7099,08-11-23,1336,28,Male,Books,68.39,3,10,20.52,205.17,184.65,Debit Card,10,5,False,East,207.55
7100,08-25-24,2973,31,Male,Clothing,56.96,2,0,0.0,113.92,113.92,Debit Card,23,5,False,North,113.92
7101,11-06-24,3979,46,Male,Sports,3.34,9,10,3.01,30.06,27.05,Mobile Wallet,14,5,True,West,2937.54
7102,05-02-24,1480,29,Other,Electronics,50.48,7,5,17.67,353.36,335.69,Credit Card,2,4,False,North,496.96
7103,04-09-24,4968,46,Other,Beauty,17.74,1,5,0.89,17.74,16.85,Debit Card,9,2,False,South,429.11
7104,02-24-24,1910,5,Other,Sports,9.76,1,0,0.0,9.76,9.76,Credit Card,3,5,False,South,84.3
7105,03-28-24,2996,13,Male,Clothing,24.3,3,0,0.0,72.9,72.9,Mobile Wallet,19,2,False,West,491.53
7106,03-23-23,4344,0,Male,Books,11.5,6,20,13.8,69.0,55.2,Credit Card,14,5,False,West,1520.91
7107,09-07-24,4991,17,Female,Beauty,87.02,2,15,26.11,174.04,147.93,Debit Card,16,4,False,West,610.39
7108,09-06-24,4129,62,Other,Books,67.74,8,10,54.19,541.92,487.73,PayPal,7,5,False,East,548.85
7109,01-07-23,2351,34,Male,Clothing,197.52,4,20,158.02,790.08,632.06,Mobile Wallet,1,4,False,West,646.41
7110,09-08-23,3033,24,Female,Clothing,38.19,8,10,30.55,305.52,274.97,Debit Card,5,5,False,North,914.26
7111,07-14-24,2754,46,Male,Home & Garden,4.67,7,5,1.63,32.69,31.06,Debit Card,26,4,False,West,471.63
7112,10-12-23,1108,48,Male,Electronics,22.92,2,0,0.0,45.84,45.84,Debit Card,3,5,False,West,45.84
7113,09-26-24,4350,16,Other,Home & Garden,91.2,9,10,82.08,820.8,738.72,Debit Card,17,3,False,West,1231.38
7114,10-05-24,4757,72,Female,Sports,25.28,5,15,18.96,126.4,107.44,Mobile Wallet,23,4,False,East,130.63
7115,07-24-24,1327,39,Male,Clothing,30.41,6,5,9.12,182.46,173.34,Debit Card,26,5,False,West,981.47
7116,08-01-23,2799,41,Female,Home & Garden,26.55,2,5,2.66,53.1,50.44,Credit Card,14,2,True,South,1568.57
7117,02-20-23,1314,42,Female,Electronics,13.42,3,20,8.05,40.26,32.21,Debit Card,16,5,False,East,87.14
7118,07-09-23,4545,42,Other,Electronics,3.8,8,15,4.56,30.4,25.84,Mobile Wallet,7,4,False,North,678.99
7119,06-01-23,2134,25,Female,Clothing,9.96,5,5,2.49,49.8,47.31,PayPal,9,4,False,East,533.56
7120,02-26-23,3746,66,Other,Beauty,22.62,1,15,3.39,22.62,19.23,PayPal,7,4,False,North,586.33
7121,10-30-24,1780,30,Other,Home & Garden,14.08,9,0,0.0,126.72,126.72,Credit Card,15,3,False,South,253.18
7122,12-24-23,4300,49,Other,Books,42.52,1,15,6.38,42.52,36.14,Credit Card,29,2,False,West,970.41
7123,02-07-23,2520,27,Female,Clothing,47.58,9,20,85.64,428.22,342.58,Debit Card,20,1,True,South,1841.31
7124,05-29-23,1155,25,Male,Sports,42.21,6,20,50.65,253.26,202.61,Debit Card,3,4,False,East,886.29
7125,02-03-23,2496,63,Other,Home & Garden,4.44,7,10,3.11,31.08,27.97,Credit Card,22,3,True,East,350.85
7126,11-14-24,2724,33,Male,Home & Garden,54.96,1,0,0.0,54.96,54.96,PayPal,16,5,False,North,852.14
7127,08-14-24,4343,34,Female,Clothing,24.27,1,0,0.0,24.27,24.27,Mobile Wallet,22,5,False,East,35.78
7128,09-09-24,1886,39,Male,Beauty,105.25,5,15,78.94,526.25,447.31,Debit Card,18,4,False,East,875.18
7129,11-02-23,4073,74,Male,Home & Garden,37.29,2,20,14.92,74.58,59.66,Mobile Wallet,7,5,False,North,567.04
7130,12-06-23,3805,67,Other,Home & Garden,4.42,5,20,4.42,22.1,17.68,PayPal,17,4,False,South,309.89
7131,03-31-23,1721,54,Other,Sports,0.46,5,20,0.46,2.3,1.84,Credit Card,25,1,False,East,552.52
7132,02-20-23,4582,77,Other,Beauty,60.62,6,0,0.0,363.72,363.72,PayPal,18,5,False,West,649.58
7133,04-22-23,1912,20,Female,Sports,25.58,9,20,46.04,230.22,184.18,Mobile Wallet,3,2,False,East,1022.31
7134,03-02-24,4357,44,Male,Books,16.98,6,10,10.19,101.88,91.69,PayPal,22,4,False,South,234.53
7135,07-02-23,1870,36,Female,Sports,29.64,1,5,1.48,29.64,28.16,PayPal,11,2,False,North,206.38
7136,06-15-23,1012,8,Female,Books,3.76,5,20,3.76,18.8,15.04,Debit Card,23,5,False,East,390.93
7137,11-19-24,3655,41,Female,Sports,24.88,2,10,4.98,49.76,44.78,Credit Card,14,4,False,North,123.87
7138,10-19-23,1497,27,Female,Books,18.89,8,10,15.11,151.12,136.01,Mobile Wallet,17,2,False,East,362.53
7139,09-17-24,2756,58,Other,Beauty,80.52,7,5,28.18,563.64,535.46,Mobile Wallet,19,1,False,West,535.46
7140,11-07-24,3285,29,Male,Sports,9.61,6,0,0.0,57.66,57.66,Debit Card,22,3,False,North,868.16
7141,12-09-24,2117,28,Other,Sports,70.59,2,20,28.24,141.18,112.94,PayPal,20,5,False,West,258.15
7142,12-17-24,4409,57,Other,Clothing,34.7,3,10,10.41,104.1,93.69,Mobile Wallet,5,5,False,East,123.38
7143,09-01-24,3828,34,Female,Sports,4.27,9,10,3.84,38.43,34.59,Debit Card,29,2,False,North,1858.8
7144,08-09-24,2194,52,Other,Books,174.79,9,5,78.66,1573.11,1494.45,Mobile Wallet,28,2,False,North,1973.49
7145,07-29-24,3004,41,Male,Clothing,66.25,7,10,46.38,463.75,417.37,Debit Card,3,4,False,East,444.43
7146,07-01-23,3653,41,Female,Books,15.06,2,20,6.02,30.12,24.1,Debit Card,16,5,True,East,97.72
7147,04-11-24,3708,31,Other,Sports,43.58,7,0,0.0,305.06,305.06,Credit Card,24,4,False,West,3560.74
7148,08-15-24,2647,42,Female,Sports,115.1,1,10,11.51,115.1,103.59,Credit Card,1,5,False,East,732.78
7149,01-04-24,2590,33,Male,Books,133.54,9,0,0.0,1201.86,1201.86,PayPal,11,4,False,East,1395.98
7150,02-06-23,3896,22,Female,Beauty,65.68,9,10,59.11,591.12,532.01,Debit Card,10,2,False,South,2182.11
7151,04-06-23,3983,33,Other,Beauty,65.04,6,10,39.02,390.24,351.22,Mobile Wallet,7,5,False,East,601.29
7152,11-03-23,2490,54,Other,Beauty,16.24,1,20,3.25,16.24,12.99,PayPal,16,2,False,North,633.69
7153,11-27-23,3675,43,Male,Home & Garden,229.08,8,0,0.0,1832.64,1832.64,Debit Card,2,5,False,East,2281.46
7154,01-13-24,1142,46,Male,Clothing,13.95,6,15,12.56,83.7,71.14,PayPal,8,5,False,West,1207.51
7155,01-24-24,2224,35,Female,Clothing,4.68,9,20,8.42,42.12,33.7,Mobile Wallet,15,4,False,East,131.21
7156,03-11-23,4251,5,Other,Beauty,189.45,9,0,0.0,1705.05,1705.05,Mobile Wallet,16,3,False,South,2013.18
7157,03-13-24,3761,16,Male,Sports,8.29,7,0,0.0,58.03,58.03,Credit Card,3,4,False,South,904.26
7158,07-17-24,4435,30,Male,Clothing,36.87,4,0,0.0,147.48,147.48,PayPal,20,5,True,South,1153.07
7159,03-08-23,3526,17,Other,Books,31.58,1,15,4.74,31.58,26.84,Credit Card,2,5,False,North,26.84
7160,10-27-23,1564,27,Male,Sports,94.26,3,20,56.56,282.78,226.22,Debit Card,15,5,False,South,226.22
7161,04-27-24,3518,26,Male,Clothing,25.26,6,15,22.73,151.56,128.83,Debit Card,14,4,False,West,1398.91
7162,05-18-23,3431,27,Other,Electronics,34.88,1,10,3.49,34.88,31.39,Mobile Wallet,21,4,False,South,768.49
7163,05-05-23,2715,56,Male,Clothing,2.24,4,5,0.45,8.96,8.51,Debit Card,9,5,False,West,622.45
7164,12-12-24,3973,34,Other,Beauty,11.65,8,15,13.98,93.2,79.22,PayPal,4,5,False,East,613.02
7165,10-09-23,1416,49,Other,Books,89.49,8,10,71.59,715.92,644.33,Mobile Wallet,23,2,False,North,644.33
7166,12-04-23,2848,37,Female,Clothing,32.54,6,15,29.29,195.24,165.95,Mobile Wallet,8,5,False,East,995.9
7167,06-23-24,3355,56,Other,Home & Garden,13.13,6,0,0.0,78.78,78.78,PayPal,10,5,False,West,110.26
7168,02-28-24,3696,50,Male,Beauty,23.02,3,5,3.45,69.06,65.61,PayPal,17,5,False,North,316.01
7169,06-21-24,2717,26,Female,Home & Garden,16.78,7,5,5.87,117.46,111.59,Credit Card,6,1,False,West,1379.06
7170,08-03-23,2390,64,Female,Sports,40.62,8,10,32.5,324.96,292.46,Debit Card,5,3,True,North,1481.68
7171,12-13-24,4072,28,Male,Home & Garden,2.64,2,15,0.79,5.28,4.49,Mobile Wallet,10,4,False,South,1312.35
7172,08-03-23,2067,38,Female,Books,12.74,5,15,9.56,63.7,54.14,Debit Card,26,5,False,East,1098.66
7173,09-18-24,3786,40,Male,Electronics,21.92,6,15,19.73,131.52,111.79,Credit Card,17,4,False,South,296.18
7174,03-01-23,2866,42,Female,Electronics,131.7,1,10,13.17,131.7,118.53,Credit Card,16,2,False,North,185.42
7175,04-22-23,2121,46,Male,Sports,48.81,5,15,36.61,244.05,207.44,Mobile Wallet,25,5,False,West,836.02
7176,08-08-24,4791,23,Other,Sports,35.08,3,5,5.26,105.24,99.98,Debit Card,27,5,False,North,858.96
7177,10-06-24,2288,45,Other,Home & Garden,10.59,3,5,1.59,31.77,30.18,Debit Card,26,3,False,North,34.44
7178,06-25-24,4871,43,Female,Books,40.81,6,20,48.97,244.86,195.89,Mobile Wallet,23,2,False,South,513.59
7179,03-31-23,2806,35,Female,Home & Garden,132.26,1,15,19.84,132.26,112.42,Mobile Wallet,29,5,False,North,142.26
7180,05-10-24,3187,32,Other,Books,41.77,5,15,31.33,208.85,177.52,Credit Card,17,5,False,East,469.41
7181,12-06-24,2504,22,Male,Books,9.0,5,5,2.25,45.0,42.75,Mobile Wallet,28,5,False,East,799.12
7182,09-11-24,4308,42,Female,Electronics,292.48,5,5,73.12,1462.4,1389.28,Credit Card,18,4,False,South,2068.86
7183,12-24-24,4021,25,Other,Books,34.54,3,0,0.0,103.62,103.62,Debit Card,20,4,False,South,511.76
7184,10-22-23,2016,38,Female,Clothing,19.25,6,0,0.0,115.5,115.5,Debit Card,26,5,False,East,2013.27
7185,03-13-24,1952,33,Other,Books,35.0,1,20,7.0,35.0,28.0,Credit Card,9,5,False,South,75.25
7186,09-15-24,3951,14,Other,Electronics,15.31,1,5,0.77,15.31,14.54,Debit Card,11,4,False,East,29.32
7187,11-21-23,1071,20,Other,Beauty,1.54,2,20,0.62,3.08,2.46,Mobile Wallet,2,5,False,East,1120.35
7188,09-23-23,2690,41,Male,Home & Garden,110.15,4,15,66.09,440.6,374.51,Credit Card,14,5,False,South,619.72
7189,06-22-24,4261,27,Female,Books,28.01,9,15,37.81,252.09,214.28,Debit Card,15,4,False,West,1513.96
7190,08-11-24,2291,26,Male,Clothing,69.9,8,5,27.96,559.2,531.24,PayPal,1,5,False,South,1521.71
7191,09-30-24,2344,23,Male,Sports,177.47,2,10,35.49,354.94,319.45,PayPal,1,1,False,West,319.45
7192,12-29-23,3154,24,Other,Home & Garden,50.06,1,20,10.01,50.06,40.05,Debit Card,9,3,False,South,1653.93
7193,05-13-23,4303,59,Male,Sports,58.82,4,10,23.53,235.28,211.75,Mobile Wallet,12,3,False,East,211.75
7194,09-21-24,4113,18,Female,Clothing,143.45,5,15,107.59,717.25,609.66,Credit Card,17,4,False,West,836.54
7195,07-30-24,4773,57,Female,Electronics,36.34,2,20,14.54,72.68,58.14,PayPal,15,4,False,South,280.72
7196,05-23-24,1882,30,Other,Beauty,19.28,6,15,17.35,115.68,98.33,Mobile Wallet,4,5,False,South,693.68
7197,06-16-24,1138,25,Other,Electronics,127.16,8,0,0.0,1017.28,1017.28,Credit Card,5,5,False,East,2009.67
7198,10-09-24,3662,40,Female,Beauty,3.57,5,5,0.89,17.85,16.96,PayPal,14,3,False,West,391.89
7199,05-24-24,4754,35,Female,Home & Garden,12.08,4,0,0.0,48.32,48.32,PayPal,6,4,False,South,203.39
7200,05-19-24,3910,32,Other,Books,20.87,7,20,29.22,146.09,116.87,PayPal,6,4,False,North,284.17
7201,07-04-23,3320,38,Male,Books,76.19,5,0,0.0,380.95,380.95,Debit Card,19,4,False,North,1853.71
7202,09-16-24,2504,35,Female,Sports,117.12,8,20,187.39,936.96,749.57,Debit Card,23,5,False,South,799.12
7203,08-27-23,3463,31,Other,Electronics,30.05,7,10,21.04,210.35,189.31,Mobile Wallet,24,4,False,East,1086.56
7204,12-26-24,3553,49,Other,Books,16.85,5,5,4.21,84.25,80.04,Credit Card,1,4,False,East,111.32
7205,10-25-23,1732,13,Female,Beauty,21.79,8,10,17.43,174.32,156.89,Debit Card,29,5,False,South,685.23
7206,07-18-23,2748,21,Other,Books,53.44,1,15,8.02,53.44,45.42,Credit Card,9,5,False,South,366.48
7207,01-02-23,4924,23,Female,Electronics,8.6,8,5,3.44,68.8,65.36,PayPal,29,4,False,East,1324.7
7208,05-02-23,1423,19,Other,Electronics,39.64,3,0,0.0,118.92,118.92,Debit Card,22,3,False,East,223.52
7209,01-25-23,4478,36,Other,Clothing,44.39,1,20,8.88,44.39,35.51,PayPal,1,5,False,East,178.07
7210,04-21-24,2591,42,Male,Sports,61.53,9,5,27.69,553.77,526.08,Credit Card,27,5,False,South,690.7
7211,10-02-24,1389,5,Other,Electronics,46.3,6,15,41.67,277.8,236.13,Debit Card,25,5,False,East,1424.19
7212,05-01-23,1341,27,Female,Clothing,5.1,8,10,4.08,40.8,36.72,Debit Card,4,2,True,South,352.35
7213,08-01-23,1945,30,Female,Electronics,58.37,4,15,35.02,233.48,198.46,PayPal,25,5,True,West,312.87
7214,09-22-24,1613,30,Male,Home & Garden,1.1,2,0,0.0,2.2,2.2,Mobile Wallet,16,5,False,North,2.2
7215,02-29-24,1492,15,Female,Beauty,24.74,6,20,29.69,148.44,118.75,Debit Card,26,5,False,West,1056.81
7216,02-28-24,1191,30,Other,Beauty,26.98,2,20,10.79,53.96,43.17,Credit Card,28,2,True,North,1031.17
7217,02-16-23,1498,21,Male,Home & Garden,6.2,1,0,0.0,6.2,6.2,Debit Card,5,5,False,South,616.44
7218,12-08-23,1821,29,Female,Home & Garden,0.5,7,20,0.7,3.5,2.8,PayPal,16,2,False,South,456.25
7219,12-25-23,2735,9,Other,Electronics,3.69,7,5,1.29,25.83,24.54,Credit Card,22,2,False,West,529.35
7220,07-27-24,2256,30,Male,Books,29.56,6,5,8.87,177.36,168.49,Debit Card,14,4,False,South,585.12
7221,10-14-24,2968,24,Other,Books,13.75,2,0,0.0,27.5,27.5,PayPal,9,1,False,South,834.62
7222,08-06-23,1226,31,Female,Home & Garden,3.57,5,0,0.0,17.85,17.85,PayPal,14,3,False,East,692.91
7223,01-12-23,2394,39,Female,Sports,14.81,1,15,2.22,14.81,12.59,Mobile Wallet,16,5,True,West,414.89
7224,10-17-24,3186,34,Female,Beauty,37.63,2,20,15.05,75.26,60.21,PayPal,6,5,False,North,597.43
7225,07-26-23,3903,46,Female,Clothing,67.77,5,10,33.88,338.85,304.97,PayPal,17,3,False,West,466.4
7226,12-07-24,1816,29,Male,Home & Garden,26.55,5,0,0.0,132.75,132.75,Mobile Wallet,1,5,False,South,974.0
7227,10-16-23,4220,44,Female,Beauty,47.49,7,15,49.86,332.43,282.57,Mobile Wallet,18,4,False,South,294.63
7228,09-18-23,4186,51,Male,Clothing,45.41,5,0,0.0,227.05,227.05,Mobile Wallet,11,5,False,West,790.55
7229,03-11-23,2473,39,Male,Clothing,113.32,6,0,0.0,679.92,679.92,Mobile Wallet,11,2,False,South,1814.37
7230,11-12-23,2086,34,Other,Home & Garden,9.89,2,5,0.99,19.78,18.79,PayPal,28,2,False,South,756.98
7231,11-04-23,1103,41,Female,Books,32.35,5,20,32.35,161.75,129.4,Credit Card,12,5,False,South,1235.88
7232,06-02-24,2874,39,Other,Sports,49.96,8,0,0.0,399.68,399.68,PayPal,2,4,False,East,821.68
7233,07-17-24,1870,50,Other,Beauty,36.67,1,20,7.33,36.67,29.34,PayPal,16,4,False,South,206.38
7234,11-28-23,1667,46,Other,Home & Garden,29.92,7,15,31.42,209.44,178.02,Debit Card,22,4,False,South,236.16
7235,01-07-23,3042,47,Other,Clothing,181.45,8,0,0.0,1451.6,1451.6,Credit Card,10,5,False,South,1521.84
7236,04-27-23,1272,35,Other,Beauty,142.38,5,10,71.19,711.9,640.71,PayPal,26,2,False,South,1033.44
7237,12-03-24,2029,40,Female,Electronics,47.27,4,5,9.45,189.08,179.63,Debit Card,21,4,False,South,505.49
7238,12-08-23,4218,39,Other,Electronics,28.95,1,10,2.9,28.95,26.05,Credit Card,14,4,False,South,500.39
7239,12-16-23,3231,16,Male,Beauty,70.4,9,5,31.68,633.6,601.92,Credit Card,7,4,False,South,934.21
7240,02-10-24,2051,51,Male,Beauty,35.97,2,0,0.0,71.94,71.94,PayPal,8,4,False,North,477.41
7241,08-05-24,2573,9,Female,Clothing,270.96,5,0,0.0,1354.8,1354.8,Credit Card,26,5,False,West,2797.95
7242,09-22-24,4190,45,Male,Home & Garden,57.91,7,20,81.07,405.37,324.3,Debit Card,10,3,False,North,920.08
7243,01-30-23,1292,39,Other,Books,3.53,8,5,1.41,28.24,26.83,Credit Card,10,4,False,South,359.28
7244,06-29-23,4442,30,Male,Home & Garden,25.7,4,15,15.42,102.8,87.38,PayPal,10,4,False,West,107.68
7245,07-18-23,4315,40,Other,Sports,65.52,1,10,6.55,65.52,58.97,Mobile Wallet,14,5,False,North,105.53
7246,12-05-23,4651,41,Female,Beauty,92.37,7,15,96.99,646.59,549.6,PayPal,19,4,False,West,549.6
7247,12-13-23,4797,15,Male,Electronics,83.93,9,5,37.77,755.37,717.6,Mobile Wallet,9,5,False,South,2403.94
7248,11-19-24,4289,56,Male,Clothing,189.13,1,15,28.37,189.13,160.76,Debit Card,17,4,False,West,1683.69
7249,05-05-24,3224,36,Male,Books,33.58,1,5,1.68,33.58,31.9,Credit Card,19,5,False,West,691.77
7250,04-30-24,4370,69,Female,Home & Garden,7.55,7,20,10.57,52.85,42.28,Debit Card,2,4,True,West,42.28
7251,02-06-23,4747,46,Female,Sports,52.81,9,20,95.06,475.29,380.23,Credit Card,15,3,False,West,2607.07
7252,10-23-24,3105,35,Male,Home & Garden,3.67,5,15,2.75,18.35,15.6,Credit Card,6,5,False,South,118.72
7253,05-20-23,2292,24,Female,Sports,181.57,4,15,108.94,726.28,617.34,Credit Card,29,5,False,East,889.55
7254,05-08-24,1307,33,Other,Home & Garden,71.05,6,5,21.32,426.3,404.98,Mobile Wallet,29,5,False,East,539.71
7255,06-09-23,4641,37,Female,Books,201.28,9,20,362.3,1811.52,1449.22,Credit Card,28,4,False,West,1468.91
7256,10-04-24,4359,56,Male,Books,23.68,2,15,7.1,47.36,40.26,Mobile Wallet,16,3,False,South,720.26
7257,04-16-24,1976,53,Other,Clothing,0.8,5,5,0.2,4.0,3.8,PayPal,17,5,False,South,527.93
7258,07-03-24,4176,41,Male,Books,36.83,4,5,7.37,147.32,139.95,Mobile Wallet,24,2,True,East,139.95
7259,12-10-23,2251,61,Male,Sports,6.46,3,15,2.91,19.38,16.47,PayPal,28,4,False,South,267.32
7260,04-18-24,2270,4,Male,Clothing,56.91,5,10,28.46,284.55,256.09,Mobile Wallet,10,5,True,West,530.26
7261,02-28-24,3747,41,Female,Books,34.41,7,0,0.0,240.87,240.87,Debit Card,12,4,False,West,372.44
7262,02-27-23,2517,53,Male,Electronics,70.01,3,5,10.5,210.03,199.53,Credit Card,26,4,False,East,1171.18
7263,06-17-24,3130,43,Other,Sports,17.2,3,20,10.32,51.6,41.28,Debit Card,12,5,False,South,342.82
7264,11-03-23,2209,15,Other,Clothing,88.35,6,0,0.0,530.1,530.1,Debit Card,19,5,True,West,1293.87
7265,08-01-24,3299,55,Other,Sports,52.61,5,5,13.15,263.05,249.9,Mobile Wallet,6,3,False,East,249.9
7266,11-25-24,2378,46,Male,Clothing,219.95,3,10,65.98,659.85,593.87,Mobile Wallet,2,2,False,North,950.34
7267,11-20-23,2773,40,Other,Sports,9.83,1,0,0.0,9.83,9.83,PayPal,21,4,False,East,723.11
7268,07-22-24,4943,36,Other,Electronics,2.63,2,20,1.05,5.26,4.21,Debit Card,18,3,False,South,505.14
7269,07-02-24,2719,64,Other,Books,95.21,3,0,0.0,285.63,285.63,Debit Card,7,5,False,North,983.23
7270,01-20-23,3042,41,Other,Home & Garden,20.66,4,15,12.4,82.64,70.24,Mobile Wallet,5,4,True,West,1521.84
7271,08-02-23,1795,31,Female,Home & Garden,28.22,5,5,7.06,141.1,134.04,Debit Card,24,4,False,South,267.65
7272,08-14-24,1896,22,Male,Home & Garden,129.96,9,15,175.45,1169.64,994.19,Credit Card,22,4,True,West,1764.38
7273,12-02-24,2961,46,Male,Clothing,29.05,4,10,11.62,116.2,104.58,Credit Card,29,3,False,East,374.72
7274,12-06-23,1209,49,Other,Books,17.69,9,0,0.0,159.21,159.21,Mobile Wallet,8,3,False,South,565.76
7275,12-29-23,3863,35,Male,Beauty,3.07,5,15,2.3,15.35,13.05,Debit Card,12,4,False,North,323.35
7276,03-09-23,4879,26,Other,Clothing,29.25,3,10,8.78,87.75,78.97,Debit Card,25,5,False,North,724.89
7277,06-02-23,3656,54,Other,Clothing,53.2,7,15,55.86,372.4,316.54,Credit Card,23,4,True,West,316.54
7278,10-15-23,3494,21,Other,Clothing,15.68,8,20,25.09,125.44,100.35,Mobile Wallet,1,4,False,West,514.61
7279,02-01-23,3507,64,Male,Beauty,63.25,9,15,85.39,569.25,483.86,Credit Card,25,4,False,East,859.77
7280,12-14-23,1967,23,Female,Clothing,32.53,9,5,14.64,292.77,278.13,Debit Card,15,5,False,West,785.67
7281,01-20-24,1471,15,Male,Books,97.63,6,15,87.87,585.78,497.91,Mobile Wallet,13,2,False,South,547.75
7282,10-03-24,4791,17,Male,Home & Garden,8.82,9,15,11.91,79.38,67.47,Debit Card,25,3,True,North,858.96
7283,07-01-24,3417,18,Female,Sports,70.75,3,15,31.84,212.25,180.41,Mobile Wallet,10,3,False,South,180.41
7284,06-19-23,3947,31,Male,Clothing,134.82,2,15,40.45,269.64,229.19,Credit Card,18,5,False,East,763.12
7285,08-07-24,4563,27,Female,Books,67.62,5,15,50.72,338.1,287.38,Credit Card,18,4,False,North,564.75
7286,09-12-24,1922,50,Other,Electronics,26.04,7,0,0.0,182.28,182.28,Mobile Wallet,7,4,False,West,944.24
7287,02-03-24,1136,48,Female,Sports,13.1,7,0,0.0,91.7,91.7,Mobile Wallet,15,3,False,North,994.9
7288,07-11-23,1366,31,Other,Clothing,5.18,6,20,6.22,31.08,24.86,Credit Card,5,1,False,East,664.88
7289,09-01-24,3959,81,Female,Clothing,51.41,3,0,0.0,154.23,154.23,Credit Card,5,4,False,West,1551.99
7290,04-30-23,1183,31,Other,Sports,7.71,6,10,4.63,46.26,41.63,Debit Card,1,5,False,North,41.63
7291,11-12-23,4659,33,Male,Sports,91.1,1,5,4.56,91.1,86.54,Mobile Wallet,6,5,False,North,252.18
7292,12-23-24,4358,15,Female,Clothing,161.87,3,15,72.84,485.61,412.77,Mobile Wallet,16,5,False,North,477.74
7293,11-19-23,3519,33,Male,Books,7.3,2,15,2.19,14.6,12.41,Mobile Wallet,8,5,False,West,12.41
7294,12-27-24,2398,39,Other,Electronics,23.58,4,15,14.15,94.32,80.17,Credit Card,4,2,False,East,153.37
7295,02-02-23,3701,17,Female,Books,138.45,8,20,221.52,1107.6,886.08,Credit Card,13,2,False,North,1045.42
7296,10-06-23,3796,27,Female,Beauty,31.81,3,20,19.09,95.43,76.34,Credit Card,19,5,False,South,650.33
7297,02-28-24,1536,39,Female,Home & Garden,38.33,6,10,23.0,229.98,206.98,PayPal,10,4,False,West,419.02
7298,03-30-23,4582,27,Male,Home & Garden,68.82,1,15,10.32,68.82,58.5,PayPal,26,5,False,West,649.58
7299,05-23-24,3849,23,Other,Home & Garden,11.82,4,20,9.46,47.28,37.82,Credit Card,17,5,False,North,256.48
7300,09-01-23,2602,46,Male,Clothing,193.52,5,15,145.14,967.6,822.46,Mobile Wallet,20,2,False,North,925.26
7301,01-16-24,2273,15,Female,Electronics,75.91,5,0,0.0,379.55,379.55,Mobile Wallet,18,5,False,North,509.82
7302,04-07-24,3967,18,Other,Electronics,8.8,1,15,1.32,8.8,7.48,Mobile Wallet,5,2,False,East,639.34
7303,11-06-23,3557,37,Other,Beauty,5.89,9,10,5.3,53.01,47.71,Debit Card,12,4,False,West,350.5
7304,08-10-23,3677,47,Male,Clothing,136.63,5,10,68.32,683.15,614.83,Credit Card,26,5,False,South,665.76
7305,06-21-24,4049,39,Male,Clothing,57.76,9,20,103.97,519.84,415.87,Mobile Wallet,1,4,False,East,493.09
7306,11-06-23,2096,31,Female,Clothing,1.97,7,15,2.07,13.79,11.72,Mobile Wallet,25,1,False,East,564.08
7307,06-29-23,2305,30,Female,Electronics,7.66,5,10,3.83,38.3,34.47,Credit Card,25,3,True,West,242.63
7308,04-25-23,1915,50,Female,Clothing,2.45,9,0,0.0,22.05,22.05,Credit Card,21,2,False,North,1109.39
7309,01-19-24,4431,47,Female,Sports,182.64,5,20,182.64,913.2,730.56,Credit Card,1,4,False,East,1176.93
7310,02-08-23,4081,35,Other,Sports,34.44,9,0,0.0,309.96,309.96,PayPal,3,5,False,North,3037.37
7311,07-26-23,4282,30,Female,Sports,31.01,5,10,15.5,155.05,139.55,Credit Card,7,5,False,West,143.92
7312,04-05-23,4906,35,Female,Clothing,155.93,1,20,31.19,155.93,124.74,Credit Card,21,5,False,South,693.3
7313,03-30-24,1151,24,Female,Sports,35.12,7,15,36.88,245.84,208.96,PayPal,11,4,False,South,801.1
7314,06-02-24,2028,32,Male,Beauty,36.47,5,5,9.12,182.35,173.23,Credit Card,25,3,False,South,935.27
7315,01-26-23,2218,27,Male,Clothing,207.06,5,15,155.29,1035.3,880.01,Mobile Wallet,20,2,False,North,1302.89
7316,05-09-24,2977,33,Male,Beauty,5.91,6,15,5.32,35.46,30.14,Mobile Wallet,21,5,False,East,52.04
7317,05-27-24,4354,28,Female,Sports,212.57,6,0,0.0,1275.42,1275.42,Mobile Wallet,15,2,False,South,1867.52
7318,06-07-23,3511,42,Other,Clothing,9.06,7,15,9.51,63.42,53.91,Mobile Wallet,3,3,False,East,507.76
7319,07-14-23,4184,47,Female,Books,32.02,8,5,12.81,256.16,243.35,Mobile Wallet,8,1,False,South,324.41
7320,12-15-23,1270,29,Male,Home & Garden,20.6,1,20,4.12,20.6,16.48,Debit Card,29,4,False,North,291.24
7321,05-10-24,2186,22,Male,Books,155.52,3,20,93.31,466.56,373.25,PayPal,3,5,False,North,373.25
7322,06-20-24,1459,45,Female,Home & Garden,33.23,6,5,9.97,199.38,189.41,Credit Card,22,4,False,North,821.03
7323,11-14-23,1104,37,Other,Home & Garden,1.16,1,0,0.0,1.16,1.16,Mobile Wallet,23,5,False,South,1474.64
7324,12-02-23,4764,29,Other,Sports,12.53,5,5,3.13,62.65,59.52,Mobile Wallet,13,5,False,East,1990.04
7325,05-27-23,4627,55,Other,Home & Garden,28.18,5,20,28.18,140.9,112.72,Mobile Wallet,2,5,False,North,1327.86
7326,04-11-23,4353,26,Male,Home & Garden,56.41,9,5,25.38,507.69,482.31,Debit Card,23,3,True,East,522.62
7327,06-12-24,2710,5,Male,Books,41.27,2,0,0.0,82.54,82.54,Credit Card,3,4,False,East,3861.17
7328,11-23-24,3209,24,Other,Home & Garden,94.83,7,15,99.57,663.81,564.24,Credit Card,19,5,False,South,989.39
7329,05-16-23,3398,59,Female,Clothing,88.14,9,15,118.99,793.26,674.27,Mobile Wallet,15,5,False,East,770.66
7330,07-30-23,1433,30,Other,Beauty,44.64,8,20,71.42,357.12,285.7,Debit Card,21,5,False,North,384.15
7331,02-07-23,3899,27,Female,Beauty,42.35,1,0,0.0,42.35,42.35,Debit Card,15,3,False,West,290.04
7332,04-15-24,1139,35,Male,Clothing,16.3,1,15,2.44,16.3,13.86,Mobile Wallet,20,2,False,West,450.63
7333,02-01-24,2494,50,Male,Sports,158.39,2,15,47.52,316.78,269.26,Mobile Wallet,26,4,False,North,507.0
7334,12-31-24,4203,33,Male,Books,4.0,1,15,0.6,4.0,3.4,Debit Card,7,3,False,East,617.05
7335,06-18-24,1086,43,Other,Electronics,25.29,8,10,20.23,202.32,182.09,Credit Card,3,3,False,West,713.33
7336,04-29-23,2711,32,Other,Beauty,54.06,7,15,56.76,378.42,321.66,Debit Card,25,5,False,West,375.37
7337,01-05-23,3230,43,Male,Books,145.63,6,10,87.38,873.78,786.4,Debit Card,17,4,False,North,1206.11
7338,11-15-23,3415,37,Male,Beauty,34.81,2,5,3.48,69.62,66.14,Credit Card,29,2,True,West,445.18
7339,02-15-23,1128,29,Male,Electronics,113.13,9,20,203.63,1018.17,814.54,Credit Card,28,3,True,South,1736.64
7340,12-04-24,2269,38,Other,Home & Garden,5.54,1,20,1.11,5.54,4.43,Credit Card,2,1,False,North,641.25
7341,08-31-24,4672,26,Other,Electronics,37.92,1,10,3.79,37.92,34.13,Credit Card,16,3,False,East,1111.45
7342,03-31-23,2601,14,Male,Home & Garden,18.99,2,0,0.0,37.98,37.98,PayPal,11,5,False,West,448.61
7343,12-08-23,1669,34,Other,Beauty,79.41,7,10,55.59,555.87,500.28,Credit Card,9,5,False,East,1054.37
7344,04-23-24,4970,15,Other,Books,29.44,1,15,4.42,29.44,25.02,Debit Card,11,4,False,East,609.77
7345,02-17-23,4449,43,Other,Books,32.24,3,0,0.0,96.72,96.72,Debit Card,24,5,False,East,1509.18
7346,04-16-23,1148,34,Other,Sports,3.35,8,20,5.36,26.8,21.44,Credit Card,23,4,False,South,782.87
7347,06-17-24,1984,56,Male,Beauty,28.81,7,5,10.08,201.67,191.59,Debit Card,25,5,False,West,1191.75
7348,11-05-24,1851,30,Male,Sports,4.21,8,5,1.68,33.68,32.0,Debit Card,5,3,False,West,181.73
7349,11-16-23,2456,34,Other,Beauty,17.8,6,10,10.68,106.8,96.12,PayPal,13,3,True,West,402.64
7350,01-24-23,1627,12,Male,Home & Garden,6.78,8,10,5.42,54.24,48.82,PayPal,19,2,False,East,121.55
7351,08-14-24,4797,18,Male,Beauty,20.36,5,10,10.18,101.8,91.62,Mobile Wallet,13,3,False,North,2403.94
7352,11-16-23,2492,9,Male,Beauty,12.9,9,10,11.61,116.1,104.49,Mobile Wallet,2,2,False,West,598.72
7353,10-16-24,3493,51,Female,Home & Garden,16.79,1,20,3.36,16.79,13.43,Credit Card,22,5,False,West,1343.77
7354,08-03-23,3044,28,Male,Clothing,8.03,7,15,8.43,56.21,47.78,PayPal,29,3,False,South,2765.88
7355,11-25-23,4552,54,Male,Clothing,28.96,6,20,34.75,173.76,139.01,Mobile Wallet,2,4,False,North,1513.24
7356,07-25-23,1883,-5,Other,Beauty,34.42,8,5,13.77,275.36,261.59,Debit Card,8,5,False,West,296.97
7357,07-17-23,3341,58,Other,Clothing,90.59,2,5,9.06,181.18,172.12,Mobile Wallet,5,5,True,East,626.88
7358,10-21-23,2788,33,Female,Books,38.7,1,5,1.94,38.7,36.76,Credit Card,11,3,False,South,267.76
7359,10-11-23,4214,40,Female,Beauty,12.99,1,15,1.95,12.99,11.04,Mobile Wallet,2,2,False,South,35.63
7360,06-29-24,1249,19,Male,Electronics,66.57,2,15,19.97,133.14,113.17,Credit Card,6,5,False,North,746.56
7361,11-23-23,3925,42,Male,Home & Garden,17.64,5,0,0.0,88.2,88.2,Mobile Wallet,22,5,False,West,145.68
7362,03-27-24,1947,29,Other,Sports,70.61,7,15,74.14,494.27,420.13,Mobile Wallet,24,5,False,West,505.95
7363,11-18-24,1974,17,Male,Home & Garden,24.48,9,5,11.02,220.32,209.3,Debit Card,12,4,False,West,1352.15
7364,05-01-23,2325,16,Male,Beauty,36.04,4,15,21.62,144.16,122.54,Debit Card,6,3,True,North,769.32
7365,10-07-23,4096,16,Male,Electronics,35.03,9,15,47.29,315.27,267.98,Debit Card,16,4,False,East,808.11
7366,06-02-23,3836,40,Male,Home & Garden,155.77,3,15,70.1,467.31,397.21,Debit Card,19,2,True,South,461.83
7367,06-11-23,1983,25,Male,Sports,8.34,6,10,5.0,50.04,45.04,PayPal,24,5,False,West,441.07
7368,10-08-23,1888,10,Male,Sports,139.48,9,15,188.3,1255.32,1067.02,Mobile Wallet,18,5,False,West,1651.04
7369,04-28-23,3937,40,Male,Electronics,41.28,1,10,4.13,41.28,37.15,Debit Card,9,5,False,West,37.15
7370,01-16-23,4972,2,Male,Sports,253.27,4,5,50.65,1013.08,962.43,Credit Card,22,4,False,East,1021.68
7371,09-29-24,3117,54,Other,Books,42.56,5,0,0.0,212.8,212.8,PayPal,17,4,False,South,212.8
7372,07-27-24,3672,64,Female,Sports,53.41,6,20,64.09,320.46,256.37,Credit Card,20,5,False,West,569.91
7373,06-10-24,1874,15,Male,Electronics,69.23,8,0,0.0,553.84,553.84,Debit Card,17,5,False,North,801.03
7374,04-15-23,4183,50,Other,Electronics,86.24,2,20,34.5,172.48,137.98,Mobile Wallet,3,3,False,West,1127.6
7375,07-31-23,4435,40,Male,Home & Garden,32.46,6,5,9.74,194.76,185.02,Mobile Wallet,15,5,False,East,1153.07
7376,07-09-24,2326,27,Male,Sports,56.75,7,10,39.72,397.25,357.53,Mobile Wallet,10,4,False,West,937.82
7377,12-25-23,1470,28,Female,Sports,47.71,6,15,42.94,286.26,243.32,Debit Card,22,4,False,South,866.21
7378,07-16-24,2987,44,Other,Beauty,26.14,4,10,10.46,104.56,94.1,Credit Card,19,4,False,North,707.71
7379,11-23-23,1090,34,Male,Beauty,85.96,6,20,103.15,515.76,412.61,Mobile Wallet,5,3,False,North,413.38
7380,10-05-23,1529,-3,Female,Electronics,10.69,4,15,6.41,42.76,36.35,Credit Card,24,1,False,East,265.92
7381,05-25-23,1660,66,Female,Beauty,9.14,9,20,16.45,82.26,65.81,Debit Card,24,5,False,East,298.84
7382,12-22-24,1738,41,Male,Home & Garden,66.67,1,20,13.33,66.67,53.34,Mobile Wallet,13,5,False,South,62.94
7383,10-18-23,3773,34,Male,Home & Garden,50.73,9,15,68.49,456.57,388.08,PayPal,25,4,False,West,2324.83
7384,08-10-24,1871,24,Other,Books,19.11,4,0,0.0,76.44,76.44,Debit Card,28,5,False,East,96.34
7385,09-08-23,2686,32,Other,Books,50.41,3,0,0.0,151.23,151.23,PayPal,4,4,False,North,1144.09
7386,06-25-23,1191,54,Male,Electronics,73.62,5,20,73.62,368.1,294.48,Debit Card,14,5,False,East,1031.17
7387,03-14-23,2986,38,Male,Home & Garden,12.23,3,5,1.83,36.69,34.86,PayPal,21,4,False,West,1096.52
7388,11-15-23,4623,40,Female,Home & Garden,43.54,1,10,4.35,43.54,39.19,Debit Card,20,3,True,West,825.97
7389,09-19-24,4313,16,Other,Books,87.05,8,0,0.0,696.4,696.4,Credit Card,7,5,False,West,703.87
7390,12-13-23,3185,29,Male,Beauty,26.49,9,15,35.76,238.41,202.65,Credit Card,28,5,False,West,408.99
7391,07-07-24,1344,35,Male,Books,42.4,6,20,50.88,254.4,203.52,Mobile Wallet,25,4,False,East,503.61
7392,03-30-24,4251,45,Other,Electronics,4.09,2,10,0.82,8.18,7.36,Mobile Wallet,6,5,False,West,2013.18
7393,02-21-23,2008,28,Male,Home & Garden,88.74,6,10,53.24,532.44,479.2,Mobile Wallet,11,1,False,West,831.64
7394,05-14-23,4783,48,Female,Electronics,79.51,6,20,95.41,477.06,381.65,Debit Card,11,5,False,South,661.91
7395,01-30-23,3550,17,Female,Books,30.46,6,10,18.28,182.76,164.48,Mobile Wallet,18,5,False,South,1793.98
7396,04-27-24,1202,36,Male,Sports,6.35,9,5,2.86,57.15,54.29,Debit Card,7,4,False,North,783.84
7397,11-22-24,1572,33,Other,Books,54.0,4,20,43.2,216.0,172.8,PayPal,19,5,False,West,1021.78
7398,02-21-23,1191,12,Female,Home & Garden,42.55,2,10,8.51,85.1,76.59,PayPal,24,2,False,North,1031.17
7399,04-19-23,3052,34,Other,Electronics,125.96,8,10,100.77,1007.68,906.91,Debit Card,3,3,False,East,1175.73
7400,01-28-24,2913,26,Other,Beauty,16.41,6,0,0.0,98.46,98.46,PayPal,9,4,False,South,949.68
7401,02-25-23,4308,56,Other,Beauty,1.64,1,10,0.16,1.64,1.48,Credit Card,14,5,False,South,2068.86
7402,03-30-23,2716,28,Female,Home & Garden,14.7,6,10,8.82,88.2,79.38,Credit Card,17,2,False,West,618.34
7403,03-12-24,1310,40,Female,Books,27.92,2,0,0.0,55.84,55.84,Debit Card,22,4,False,North,437.32
7404,02-06-24,3596,16,Male,Books,8.45,4,20,6.76,33.8,27.04,Credit Card,27,5,False,South,56.63
7405,07-03-23,3103,38,Other,Clothing,194.94,2,0,0.0,389.88,389.88,PayPal,26,5,False,East,696.92
7406,12-22-24,1442,28,Female,Books,12.58,4,15,7.55,50.32,42.77,Mobile Wallet,23,5,False,South,1096.31
7407,09-02-24,2260,23,Female,Home & Garden,56.64,7,15,59.47,396.48,337.01,Mobile Wallet,3,5,False,North,1454.26
7408,08-29-24,1869,77,Male,Electronics,30.27,8,5,12.11,242.16,230.05,Debit Card,6,4,False,South,786.21
7409,10-06-24,4932,29,Female,Electronics,40.5,3,10,12.15,121.5,109.35,Credit Card,11,5,False,South,282.15
7410,12-07-24,4268,31,Female,Clothing,134.91,1,15,20.24,134.91,114.67,Mobile Wallet,13,5,False,North,114.67
7411,12-17-24,1584,48,Female,Beauty,37.92,1,20,7.58,37.92,30.34,Mobile Wallet,26,5,False,East,30.34
7412,04-01-24,2594,23,Male,Home & Garden,18.21,7,20,25.49,127.47,101.98,Mobile Wallet,14,4,True,West,581.35
7413,09-23-24,3799,41,Male,Books,12.48,1,15,1.87,12.48,10.61,Debit Card,3,3,False,East,1590.58
7414,12-31-23,2537,42,Other,Sports,111.28,3,0,0.0,333.84,333.84,Credit Card,9,2,False,North,643.34
7415,11-16-23,4520,38,Female,Electronics,216.09,5,5,54.02,1080.45,1026.43,Credit Card,6,5,False,West,1240.2
7416,12-07-23,1359,69,Male,Home & Garden,14.51,5,0,0.0,72.55,72.55,Mobile Wallet,11,4,False,South,2243.39
7417,07-22-23,2723,22,Male,Clothing,63.99,4,5,12.8,255.96,243.16,Credit Card,8,4,True,South,1141.72
7418,12-31-24,3866,58,Male,Sports,35.24,8,15,42.29,281.92,239.63,Credit Card,20,5,False,North,703.71
7419,11-17-24,3077,42,Other,Beauty,59.96,3,0,0.0,179.88,179.88,Mobile Wallet,8,5,False,East,1835.24
7420,06-30-24,2802,48,Other,Home & Garden,166.51,8,15,199.81,1332.08,1132.27,Debit Card,21,4,False,East,1238.18
7421,03-22-23,3011,40,Other,Books,16.15,6,5,4.84,96.9,92.06,Mobile Wallet,15,4,False,East,595.86
7422,04-21-24,3155,63,Other,Beauty,67.34,4,20,53.87,269.36,215.49,Credit Card,15,5,False,West,313.8
7423,08-04-24,1843,30,Other,Electronics,28.81,3,0,0.0,86.43,86.43,Credit Card,8,4,False,East,466.76
7424,05-15-23,2625,42,Female,Books,52.85,2,15,15.86,105.7,89.84,Credit Card,13,5,False,East,2288.82
7425,04-06-23,3764,54,Female,Clothing,26.1,6,5,7.83,156.6,148.77,Debit Card,15,5,False,East,159.41
7426,12-16-24,1890,26,Male,Electronics,61.61,1,20,12.32,61.61,49.29,Credit Card,16,5,True,West,979.5
7427,04-24-24,2991,50,Other,Sports,20.59,8,0,0.0,164.72,164.72,Credit Card,29,3,False,East,409.63
7428,04-10-23,2982,34,Other,Electronics,33.51,5,5,8.38,167.55,159.17,Credit Card,2,4,False,West,1136.08
7429,04-11-24,1959,16,Male,Books,61.69,7,0,0.0,431.83,431.83,Debit Card,29,5,False,West,1191.82
7430,11-14-23,2468,13,Female,Beauty,2.18,7,0,0.0,15.26,15.26,Mobile Wallet,3,1,False,North,15.26
7431,12-01-24,3940,33,Other,Home & Garden,19.88,6,10,11.93,119.28,107.35,Credit Card,16,5,False,South,513.13
7432,10-21-24,2461,49,Other,Home & Garden,39.5,5,15,29.62,197.5,167.88,Credit Card,10,4,True,East,676.27
7433,12-28-24,1731,3,Other,Home & Garden,3.85,2,10,0.77,7.7,6.93,Debit Card,20,5,False,South,796.51
7434,04-21-24,4961,38,Female,Clothing,60.73,3,0,0.0,182.19,182.19,PayPal,1,4,False,West,182.19
7435,04-26-24,1605,48,Female,Clothing,83.91,3,5,12.59,251.73,239.14,Debit Card,5,4,False,West,758.91
7436,08-26-23,3504,15,Other,Home & Garden,8.92,5,15,6.69,44.6,37.91,PayPal,3,5,False,North,940.03
7437,08-18-23,1614,25,Other,Sports,66.11,2,5,6.61,132.22,125.61,PayPal,7,5,False,West,370.82
7438,05-28-23,4806,43,Male,Books,51.95,1,5,2.6,51.95,49.35,PayPal,18,5,False,North,164.68
7439,09-23-24,3745,47,Male,Sports,26.46,4,20,21.17,105.84,84.67,PayPal,14,4,False,South,1572.13
7440,09-22-23,3004,59,Female,Home & Garden,9.02,3,0,0.0,27.06,27.06,PayPal,14,4,False,West,444.43
7441,01-08-24,2719,26,Male,Books,154.92,3,5,23.24,464.76,441.52,Debit Card,27,5,False,North,983.23
7442,02-06-24,4566,22,Other,Clothing,31.18,6,0,0.0,187.08,187.08,Credit Card,14,4,False,West,329.72
7443,07-07-23,1673,59,Female,Electronics,10.15,9,10,9.14,91.35,82.21,Debit Card,29,5,False,North,1150.08
7444,12-17-24,2270,23,Male,Electronics,63.32,2,10,12.66,126.64,113.98,Mobile Wallet,1,5,False,North,530.26
7445,11-12-24,3590,42,Female,Books,46.81,5,5,11.7,234.05,222.35,Debit Card,18,5,False,South,1033.16
7446,12-05-23,2587,67,Other,Sports,84.69,2,0,0.0,169.38,169.38,Credit Card,3,3,False,East,1020.96
7447,11-29-23,3904,46,Male,Books,277.3,6,20,332.76,1663.8,1331.04,Credit Card,26,5,False,South,1953.46
7448,04-09-24,2611,46,Male,Sports,2.3,1,15,0.34,2.3,1.96,Mobile Wallet,21,3,False,West,1.96
7449,05-14-24,1896,54,Male,Beauty,67.22,1,10,6.72,67.22,60.5,Mobile Wallet,22,3,False,East,1764.38
7450,01-31-23,2462,42,Other,Sports,226.09,9,10,203.48,2034.81,1831.33,Debit Card,24,2,False,West,2661.14
7451,03-08-23,1277,46,Female,Electronics,38.63,5,20,38.63,193.15,154.52,Debit Card,13,2,False,South,496.8
7452,05-01-24,1551,29,Male,Clothing,62.89,9,5,28.3,566.01,537.71,Mobile Wallet,20,5,True,West,1252.97
7453,04-26-23,2636,52,Female,Home & Garden,29.09,8,10,23.27,232.72,209.45,Mobile Wallet,15,3,False,East,3197.14
7454,12-26-23,3158,41,Female,Clothing,22.06,9,10,19.85,198.54,178.69,Debit Card,20,2,True,North,1915.25
7455,05-05-24,3432,12,Female,Home & Garden,59.61,9,15,80.47,536.49,456.02,Mobile Wallet,29,4,False,North,514.92
7456,04-17-24,4904,38,Other,Beauty,221.52,8,20,354.43,1772.16,1417.73,Mobile Wallet,18,5,False,West,1451.58
7457,06-24-23,1760,2,Other,Electronics,4.81,3,20,2.89,14.43,11.54,Debit Card,3,4,False,South,1110.64
7458,10-17-23,4262,45,Male,Home & Garden,27.42,7,0,0.0,191.94,191.94,Credit Card,19,4,False,East,1099.34
7459,12-23-23,4561,31,Male,Beauty,141.19,4,20,112.95,564.76,451.81,Mobile Wallet,15,4,False,West,4162.09
7460,09-10-24,3741,63,Female,Sports,5.98,8,15,7.18,47.84,40.66,PayPal,18,1,False,North,2150.16
7461,08-11-24,2449,42,Female,Books,52.62,7,20,73.67,368.34,294.67,Mobile Wallet,1,4,False,West,1658.44
7462,05-11-23,1404,48,Female,Home & Garden,28.12,9,0,0.0,253.08,253.08,Debit Card,18,5,False,North,604.57
7463,06-04-24,2358,19,Other,Clothing,23.65,8,15,28.38,189.2,160.82,PayPal,5,5,False,West,478.18
7464,04-16-23,2232,45,Other,Electronics,11.75,3,10,3.52,35.25,31.73,PayPal,24,2,False,South,219.85
7465,02-20-24,1021,25,Male,Electronics,9.7,5,5,2.42,48.5,46.08,Mobile Wallet,21,5,False,South,1046.95
7466,04-20-23,1677,51,Female,Beauty,36.31,3,10,10.89,108.93,98.04,Debit Card,12,4,False,North,98.04
7467,11-30-23,3658,18,Female,Books,23.7,9,0,0.0,213.3,213.3,Debit Card,19,5,False,South,264.29
7468,07-23-24,3028,36,Other,Sports,33.82,1,15,5.07,33.82,28.75,Mobile Wallet,23,2,False,West,367.61
7469,10-27-24,2231,17,Male,Sports,10.9,7,10,7.63,76.3,68.67,Credit Card,20,3,False,North,761.61
7470,03-14-23,3055,36,Female,Electronics,21.55,9,0,0.0,193.95,193.95,PayPal,23,5,False,North,220.86
7471,11-06-23,3749,65,Female,Sports,281.59,3,10,84.48,844.77,760.29,Debit Card,24,5,False,North,1093.32
7472,06-29-24,4758,45,Male,Beauty,22.95,7,5,8.03,160.65,152.62,Debit Card,19,4,False,South,467.28
7473,04-17-24,2808,34,Female,Books,26.61,7,10,18.63,186.27,167.64,Mobile Wallet,26,1,False,South,462.68
7474,02-15-24,1528,-1,Other,Electronics,1.0,2,10,0.2,2.0,1.8,Mobile Wallet,1,5,False,East,31.15
7475,08-27-24,3037,26,Male,Sports,23.97,5,10,11.98,119.85,107.87,Credit Card,24,4,False,West,1007.01
7476,02-28-24,3649,42,Female,Home & Garden,72.07,7,0,0.0,504.49,504.49,Mobile Wallet,22,1,False,East,1022.13
7477,09-02-23,2676,27,Female,Home & Garden,36.24,2,15,10.87,72.48,61.61,Debit Card,3,5,False,North,1019.79
7478,09-27-24,1656,56,Other,Beauty,53.51,2,20,21.4,107.02,85.62,PayPal,25,4,False,West,306.0
7479,09-07-23,1165,36,Other,Sports,40.66,6,0,0.0,243.96,243.96,Debit Card,1,3,False,South,1468.22
7480,07-15-24,1848,51,Other,Home & Garden,5.57,2,20,2.23,11.14,8.91,Debit Card,24,5,False,East,250.28
7481,06-12-23,1495,38,Female,Books,20.18,1,20,4.04,20.18,16.14,Mobile Wallet,25,4,True,East,329.98
7482,05-08-24,1589,30,Female,Clothing,59.25,3,10,17.77,177.75,159.98,Credit Card,26,5,False,North,159.98
7483,01-29-24,1428,27,Female,Books,39.7,1,5,1.98,39.7,37.72,PayPal,17,5,False,West,720.41
7484,03-09-23,3821,19,Male,Beauty,56.19,6,20,67.43,337.14,269.71,Mobile Wallet,9,4,True,West,437.26
7485,12-15-23,1162,51,Other,Books,22.33,4,20,17.86,89.32,71.46,PayPal,5,2,False,North,444.51
7486,08-02-23,3413,28,Male,Sports,10.76,2,10,2.15,21.52,19.37,Mobile Wallet,5,5,False,South,633.32
7487,12-11-24,4597,42,Other,Books,88.54,7,5,30.99,619.78,588.79,PayPal,11,3,False,West,709.73
7488,08-28-24,2262,27,Female,Sports,23.6,7,10,16.52,165.2,148.68,Debit Card,21,5,True,East,888.31
7489,03-17-24,1071,18,Male,Electronics,53.21,8,20,85.14,425.68,340.54,Debit Card,27,1,False,North,1120.35
7490,03-21-24,4516,43,Male,Sports,24.0,7,0,0.0,168.0,168.0,Mobile Wallet,17,4,False,East,922.7
7491,08-03-24,1654,23,Other,Beauty,131.04,1,20,26.21,131.04,104.83,Mobile Wallet,16,5,False,South,104.83
7492,12-17-23,4893,28,Male,Sports,241.04,3,0,0.0,723.12,723.12,Debit Card,5,5,False,South,959.66
7493,07-11-24,4580,16,Male,Electronics,52.34,1,15,7.85,52.34,44.49,Mobile Wallet,12,5,False,West,2247.25
7494,12-11-24,4866,27,Female,Clothing,46.08,2,5,4.61,92.16,87.55,PayPal,14,3,True,East,1006.91
7495,08-30-23,1268,35,Other,Beauty,91.89,1,15,13.78,91.89,78.11,PayPal,10,3,False,South,728.76
7496,06-27-23,2776,30,Male,Electronics,36.31,9,10,32.68,326.79,294.11,Mobile Wallet,13,4,False,North,1078.71
7497,11-09-24,3462,47,Female,Sports,101.82,7,20,142.55,712.74,570.19,PayPal,15,2,False,South,868.88
7498,11-16-24,2268,37,Male,Beauty,26.63,9,15,35.95,239.67,203.72,PayPal,26,5,False,South,313.66
7499,03-21-23,2015,81,Female,Home & Garden,1.62,8,5,0.65,12.96,12.31,Debit Card,6,5,False,West,535.73
7500,12-29-24,3722,41,Male,Sports,130.58,2,0,0.0,261.16,261.16,Credit Card,5,5,False,North,261.16
7501,08-10-24,2083,8,Female,Electronics,63.92,1,0,0.0,63.92,63.92,PayPal,16,4,False,South,2687.76
7502,05-13-24,1005,31,Female,Sports,35.75,5,10,17.88,178.75,160.87,Mobile Wallet,6,4,False,East,249.0
7503,04-28-23,4780,33,Other,Electronics,144.92,7,10,101.44,1014.44,913.0,Credit Card,29,4,False,North,1537.81
7504,08-29-24,1981,25,Female,Books,108.92,2,20,43.57,217.84,174.27,PayPal,28,5,False,North,225.29
7505,09-02-24,3617,36,Male,Clothing,5.74,4,15,3.44,22.96,19.52,Credit Card,25,5,False,East,1006.03
7506,04-19-24,4888,25,Female,Clothing,48.96,7,20,68.54,342.72,274.18,Credit Card,23,5,False,East,1092.67
7507,11-30-23,1406,39,Female,Beauty,38.62,9,0,0.0,347.58,347.58,Credit Card,11,5,False,West,1166.32
7508,07-22-24,4288,6,Male,Electronics,74.91,6,0,0.0,449.46,449.46,Debit Card,29,5,False,North,589.05
7509,04-10-23,2953,52,Male,Clothing,17.89,7,15,18.78,125.23,106.45,Credit Card,21,5,False,East,494.79
7510,03-31-24,3073,11,Female,Home & Garden,0.41,8,20,0.66,3.28,2.62,Debit Card,26,5,False,North,513.03
7511,06-30-23,4886,31,Male,Beauty,10.25,8,10,8.2,82.0,73.8,Mobile Wallet,9,1,False,North,255.33
7512,11-12-23,4076,24,Female,Home & Garden,11.85,9,15,16.0,106.65,90.65,Mobile Wallet,21,5,False,North,90.65
7513,02-20-24,1985,39,Female,Clothing,17.22,2,10,3.44,34.44,31.0,Credit Card,5,4,False,North,162.68
7514,03-13-23,4603,32,Female,Electronics,23.13,7,15,24.29,161.91,137.62,Debit Card,11,5,False,North,372.7
7515,09-04-24,1389,38,Male,Beauty,61.3,2,10,12.26,122.6,110.34,PayPal,6,5,False,West,1424.19
7516,04-22-23,1709,51,Other,Home & Garden,3.86,7,5,1.35,27.02,25.67,Mobile Wallet,24,5,False,North,799.02
7517,12-02-24,3618,46,Other,Clothing,33.33,9,0,0.0,299.97,299.97,PayPal,17,5,False,North,781.2
7518,09-02-24,2471,35,Female,Sports,34.52,4,15,20.71,138.08,117.37,Credit Card,9,5,False,West,444.55
7519,01-24-24,1753,41,Female,Home & Garden,47.84,5,5,11.96,239.2,227.24,Debit Card,8,5,True,East,560.35
7520,12-02-23,3193,64,Male,Books,18.59,5,15,13.94,92.95,79.01,PayPal,7,5,False,East,87.56
7521,05-21-24,2411,47,Other,Beauty,15.04,2,0,0.0,30.08,30.08,Debit Card,5,5,False,West,528.98
7522,10-22-24,3832,30,Other,Home & Garden,33.07,3,0,0.0,99.21,99.21,Mobile Wallet,17,3,False,East,787.48
7523,11-07-24,2272,54,Other,Beauty,53.88,1,10,5.39,53.88,48.49,Mobile Wallet,23,1,False,North,559.37
7524,03-04-23,1525,40,Male,Clothing,2.28,3,0,0.0,6.84,6.84,Debit Card,9,1,False,East,386.38
7525,04-03-23,2485,20,Male,Clothing,17.38,5,0,0.0,86.9,86.9,Mobile Wallet,19,4,False,South,375.59
7526,08-11-23,3060,32,Male,Beauty,77.4,9,0,0.0,696.6,696.6,Mobile Wallet,12,4,False,East,952.55
7527,05-23-23,3950,12,Female,Clothing,33.1,1,20,6.62,33.1,26.48,Mobile Wallet,8,5,False,West,537.49
7528,08-17-24,3431,0,Male,Electronics,151.65,6,20,181.98,909.9,727.92,PayPal,16,5,False,East,768.49
7529,10-13-24,1555,20,Female,Beauty,101.07,2,0,0.0,202.14,202.14,Mobile Wallet,14,3,False,East,1689.21
7530,01-01-23,3934,36,Female,Electronics,21.08,6,20,25.3,126.48,101.18,Debit Card,14,5,False,West,1012.5
7531,05-31-23,4470,36,Female,Beauty,64.78,6,15,58.3,388.68,330.38,Mobile Wallet,19,2,False,West,330.38
7532,11-07-24,1018,13,Female,Sports,16.03,1,5,0.8,16.03,15.23,Debit Card,28,5,True,North,1186.82
7533,06-02-23,1574,0,Male,Sports,9.64,5,5,2.41,48.2,45.79,Debit Card,3,5,False,West,1215.08
7534,04-08-24,4562,57,Male,Home & Garden,106.44,2,20,42.58,212.88,170.3,PayPal,7,5,False,South,1458.87
7535,06-28-24,3798,36,Other,Clothing,21.56,1,5,1.08,21.56,20.48,Debit Card,6,4,False,South,274.95
7536,10-26-23,2003,58,Other,Sports,11.37,9,20,20.47,102.33,81.86,PayPal,5,2,False,West,115.77
7537,02-04-24,3466,57,Female,Clothing,167.59,6,10,100.55,1005.54,904.99,Debit Card,16,5,False,South,2121.52
7538,09-22-24,4408,46,Other,Home & Garden,1.58,1,0,0.0,1.58,1.58,Debit Card,11,3,False,North,723.36
7539,08-14-24,3466,35,Other,Electronics,22.86,9,5,10.29,205.74,195.45,PayPal,23,4,True,West,2121.52
7540,04-02-24,2938,29,Other,Sports,1.96,9,0,0.0,17.64,17.64,PayPal,25,4,False,East,956.41
7541,07-20-23,2939,45,Female,Books,35.07,7,5,12.27,245.49,233.22,Debit Card,1,5,False,North,852.01
7542,07-30-23,2635,32,Other,Books,25.64,9,15,34.61,230.76,196.15,Debit Card,10,4,False,South,1085.89
7543,11-28-24,2698,26,Male,Books,63.77,1,15,9.57,63.77,54.2,Credit Card,29,5,False,North,574.92
7544,11-21-23,4999,3,Female,Books,153.99,3,20,92.39,461.97,369.58,Debit Card,17,5,True,South,441.36
7545,11-03-23,3169,33,Male,Books,36.67,8,0,0.0,293.36,293.36,PayPal,21,5,False,South,1007.65
7546,08-06-24,1431,51,Female,Books,16.8,3,20,10.08,50.4,40.32,Debit Card,24,3,False,South,149.73
7547,11-26-24,3091,53,Male,Books,102.85,8,10,82.28,822.8,740.52,Credit Card,23,5,True,North,740.52
7548,11-08-23,2895,35,Other,Sports,46.39,3,20,27.83,139.17,111.34,Debit Card,7,4,False,East,1419.48
7549,03-21-24,2943,21,Female,Books,40.31,4,20,32.25,161.24,128.99,Mobile Wallet,3,4,False,East,516.95
7550,12-19-23,2340,48,Male,Beauty,10.45,4,20,8.36,41.8,33.44,Credit Card,25,4,False,East,116.29
7551,04-02-23,3428,34,Female,Beauty,2.07,5,5,0.52,10.35,9.83,PayPal,5,4,False,East,1663.21
7552,08-19-24,1144,29,Male,Books,30.94,4,5,6.19,123.76,117.57,Mobile Wallet,27,5,False,East,117.57
7553,01-09-23,4398,13,Other,Home & Garden,37.54,7,10,26.28,262.78,236.5,PayPal,12,4,False,South,898.38
7554,09-18-24,3410,66,Female,Sports,6.8,4,0,0.0,27.2,27.2,Debit Card,10,5,False,East,2149.04
7555,06-06-24,2073,46,Female,Beauty,3.06,1,15,0.46,3.06,2.6,Credit Card,3,5,False,West,391.56
7556,02-18-24,2088,47,Male,Home & Garden,12.17,5,0,0.0,60.85,60.85,PayPal,16,3,False,South,506.38
7557,05-11-23,3402,22,Male,Clothing,3.26,8,15,3.91,26.08,22.17,Debit Card,6,2,False,East,22.17
7558,10-29-23,1799,36,Other,Books,2.89,6,5,0.87,17.34,16.47,PayPal,16,5,False,North,2357.1
7559,03-05-23,4235,33,Male,Electronics,29.36,4,20,23.49,117.44,93.95,Mobile Wallet,24,3,False,North,1186.77
7560,01-14-24,4212,46,Male,Books,83.1,4,10,33.24,332.4,299.16,Debit Card,8,1,False,West,1123.88
7561,07-16-24,3873,55,Male,Books,54.53,1,10,5.45,54.53,49.08,Credit Card,20,4,True,South,69.43
7562,02-24-23,2151,13,Other,Home & Garden,56.88,1,10,5.69,56.88,51.19,Debit Card,29,3,False,South,281.76
7563,01-01-23,3445,18,Other,Clothing,15.22,3,0,0.0,45.66,45.66,PayPal,20,3,False,South,348.86
7564,12-21-24,2956,44,Female,Home & Garden,0.56,4,5,0.11,2.24,2.13,Debit Card,9,3,False,South,1331.95
7565,07-27-24,3927,27,Other,Sports,29.95,4,5,5.99,119.8,113.81,PayPal,13,5,False,East,113.81
7566,01-03-24,1462,47,Male,Clothing,23.67,2,20,9.47,47.34,37.87,Credit Card,26,5,False,South,345.75
7567,04-23-23,2774,29,Female,Beauty,147.1,9,0,0.0,1323.9,1323.9,PayPal,2,1,False,South,1629.44
7568,10-16-23,3045,16,Other,Clothing,3.74,8,20,5.98,29.92,23.94,Mobile Wallet,29,4,False,North,23.94
7569,02-01-23,4907,8,Other,Clothing,74.9,3,15,33.7,224.7,191.0,PayPal,9,2,False,East,660.55
7570,08-29-23,1807,42,Male,Home & Garden,24.34,2,5,2.43,48.68,46.25,Credit Card,29,4,False,East,200.47
7571,03-18-24,1186,42,Male,Books,88.49,1,10,8.85,88.49,79.64,Mobile Wallet,13,4,False,East,2486.94
7572,12-20-24,2743,49,Other,Books,34.15,9,20,61.47,307.35,245.88,Credit Card,14,3,True,West,319.59
7573,08-27-24,1731,39,Female,Books,85.88,5,15,64.41,429.4,364.99,Debit Card,24,5,False,East,796.51
7574,02-08-24,2935,-21,Male,Books,31.45,8,10,25.16,251.6,226.44,Credit Card,13,5,False,North,2298.22
7575,10-02-24,2213,42,Other,Books,25.7,4,10,10.28,102.8,92.52,Mobile Wallet,19,4,True,North,164.41
7576,11-22-23,2411,13,Other,Sports,165.81,2,20,66.32,331.62,265.3,PayPal,16,3,False,West,528.98
7577,12-29-24,1428,6,Male,Electronics,23.01,5,20,23.01,115.05,92.04,Debit Card,18,4,False,North,720.41
7578,01-27-24,3905,5,Female,Beauty,81.81,8,20,130.9,654.48,523.58,Credit Card,16,5,False,North,2921.38
7579,02-20-24,2307,3,Female,Clothing,3.47,6,5,1.04,20.82,19.78,PayPal,2,4,False,East,78.63
7580,01-26-24,4935,39,Female,Electronics,3.23,8,0,0.0,25.84,25.84,Credit Card,1,2,False,East,153.44
7581,03-21-24,3284,24,Male,Sports,28.82,3,20,17.29,86.46,69.17,PayPal,10,5,False,North,182.16
7582,07-12-24,2217,12,Male,Books,44.04,5,5,11.01,220.2,209.19,Credit Card,25,5,False,East,397.41
7583,08-05-23,2310,35,Male,Sports,46.89,2,0,0.0,93.78,93.78,Debit Card,14,1,False,North,106.21
7584,11-09-24,1770,18,Female,Beauty,1.85,3,15,0.83,5.55,4.72,Debit Card,17,5,False,South,172.88
7585,06-27-23,1757,49,Female,Beauty,59.66,7,0,0.0,417.62,417.62,Debit Card,18,5,False,South,2467.0
7586,05-01-24,1135,56,Male,Sports,6.96,1,5,0.35,6.96,6.61,PayPal,7,3,False,North,6.61
7587,05-23-23,1791,31,Male,Electronics,155.44,8,5,62.18,1243.52,1181.34,Debit Card,21,1,False,East,1398.66
7588,07-12-23,4854,55,Male,Clothing,20.29,5,0,0.0,101.45,101.45,Debit Card,29,5,False,South,1670.59
7589,07-22-24,1170,55,Female,Home & Garden,15.15,2,0,0.0,30.3,30.3,Debit Card,27,5,False,South,1153.46
7590,01-29-24,3206,36,Other,Home & Garden,17.21,3,5,2.58,51.63,49.05,PayPal,17,4,False,South,816.87
7591,01-04-24,3248,61,Other,Beauty,138.51,4,5,27.7,554.04,526.34,Debit Card,4,4,True,West,1052.36
7592,03-03-24,4558,25,Female,Clothing,32.97,2,15,9.89,65.94,56.05,Mobile Wallet,12,4,False,North,769.24
7593,06-07-23,2580,5,Male,Books,28.52,5,5,7.13,142.6,135.47,Debit Card,22,5,False,South,135.47
7594,10-23-23,1961,11,Male,Sports,41.72,7,5,14.6,292.04,277.44,Credit Card,8,3,False,East,510.78
7595,11-17-24,4847,24,Male,Books,133.51,9,10,120.16,1201.59,1081.43,PayPal,2,3,False,North,1361.05
7596,05-09-23,3630,43,Male,Beauty,18.43,1,10,1.84,18.43,16.59,Debit Card,26,1,False,North,72.36
7597,05-18-23,4575,17,Female,Sports,9.97,6,10,5.98,59.82,53.84,Debit Card,28,5,False,South,456.39
7598,01-12-23,1875,24,Other,Home & Garden,45.25,6,20,54.3,271.5,217.2,Debit Card,19,5,False,South,889.51
7599,03-15-23,3418,16,Other,Beauty,33.83,1,20,6.77,33.83,27.06,Credit Card,14,4,False,North,75.66
7600,10-25-24,1102,25,Female,Beauty,3.2,2,5,0.32,6.4,6.08,Credit Card,23,4,True,East,6.08
7601,01-17-23,2001,55,Male,Clothing,36.9,8,10,29.52,295.2,265.68,Credit Card,17,3,False,West,1445.68
7602,05-28-23,2148,40,Other,Electronics,41.32,6,15,37.19,247.92,210.73,Debit Card,23,4,True,North,247.53
7603,05-13-24,4384,26,Female,Beauty,59.23,1,15,8.88,59.23,50.35,PayPal,17,5,False,North,1144.49
7604,11-04-24,4023,53,Male,Electronics,270.65,6,15,243.58,1623.9,1380.32,PayPal,8,5,False,North,1540.81
7605,03-23-24,3845,35,Other,Clothing,27.37,7,5,9.58,191.59,182.01,Credit Card,6,1,False,East,388.17
7606,05-20-23,2481,37,Female,Beauty,35.69,2,10,7.14,71.38,64.24,Debit Card,10,5,False,West,175.57
7607,03-28-23,4301,52,Other,Beauty,3.9,4,5,0.78,15.6,14.82,PayPal,7,5,False,West,845.68
7608,05-21-23,1657,29,Other,Home & Garden,89.07,7,5,31.17,623.49,592.32,Debit Card,2,2,False,North,604.95
7609,10-19-24,3929,48,Female,Sports,5.17,6,15,4.65,31.02,26.37,Mobile Wallet,15,5,False,South,205.73
7610,03-01-24,2220,47,Female,Electronics,135.78,8,10,108.62,1086.24,977.62,Credit Card,22,5,False,South,977.62
7611,04-11-24,4956,32,Other,Home & Garden,21.42,6,20,25.7,128.52,102.82,Credit Card,5,3,False,East,815.19
7612,12-13-24,3780,14,Other,Beauty,20.59,2,0,0.0,41.18,41.18,Mobile Wallet,3,5,False,South,809.78
7613,09-10-24,1422,35,Female,Clothing,19.92,1,5,1.0,19.92,18.92,Debit Card,9,2,False,East,18.92
7614,03-11-24,3619,52,Male,Books,150.28,5,10,75.14,751.4,676.26,PayPal,5,5,False,South,676.26
7615,09-30-24,4681,47,Male,Home & Garden,195.87,9,0,0.0,1762.83,1762.83,PayPal,24,4,True,North,2158.03
7616,07-04-23,1170,60,Male,Home & Garden,181.04,2,0,0.0,362.08,362.08,Mobile Wallet,20,5,False,East,1153.46
7617,04-10-24,4453,27,Male,Books,61.0,7,20,85.4,427.0,341.6,Credit Card,29,4,False,South,2068.77
7618,06-05-24,3220,46,Female,Beauty,5.89,9,20,10.6,53.01,42.41,Debit Card,6,4,True,North,202.1
7619,03-10-24,3710,19,Male,Home & Garden,24.42,4,5,4.88,97.68,92.8,Mobile Wallet,4,5,False,East,417.27
7620,07-19-24,1452,38,Other,Electronics,17.08,4,5,3.42,68.32,64.9,Mobile Wallet,4,5,False,East,597.46
7621,04-05-24,3397,51,Male,Beauty,61.62,5,10,30.81,308.1,277.29,Credit Card,25,1,False,South,580.77
7622,01-29-24,4973,48,Female,Electronics,33.93,6,20,40.72,203.58,162.86,PayPal,21,4,False,South,162.86
7623,12-30-23,2975,36,Male,Electronics,47.92,7,20,67.09,335.44,268.35,Debit Card,17,3,False,North,594.39
7624,08-20-23,2657,30,Male,Home & Garden,0.44,9,10,0.4,3.96,3.56,Debit Card,15,3,False,West,1219.34
7625,07-10-23,3541,20,Female,Beauty,76.36,6,20,91.63,458.16,366.53,Credit Card,27,5,False,East,2216.54
7626,03-10-24,3667,31,Male,Home & Garden,151.88,3,15,68.35,455.64,387.29,Debit Card,7,2,False,North,1731.17
7627,09-11-24,4075,15,Female,Home & Garden,55.34,2,0,0.0,110.68,110.68,Debit Card,19,1,False,North,115.71
7628,01-08-23,4164,29,Male,Beauty,95.51,6,15,85.96,573.06,487.1,Debit Card,11,5,False,South,545.54
7629,08-14-24,3966,7,Female,Beauty,32.53,9,0,0.0,292.77,292.77,Debit Card,3,5,True,South,682.05
7630,05-25-24,3053,15,Male,Beauty,1.02,3,10,0.31,3.06,2.75,Credit Card,28,5,False,West,30.83
7631,08-31-23,1287,47,Other,Beauty,232.66,4,10,93.06,930.64,837.58,Debit Card,15,4,False,South,1181.25
7632,12-30-24,2641,46,Other,Clothing,3.03,3,0,0.0,9.09,9.09,PayPal,22,5,False,South,812.75
7633,05-28-24,4217,30,Female,Beauty,10.71,7,0,0.0,74.97,74.97,Credit Card,19,5,False,East,1103.46
7634,10-03-23,4854,35,Female,Books,2.69,4,0,0.0,10.76,10.76,Debit Card,17,4,False,North,1670.59
7635,02-25-24,2447,37,Female,Beauty,49.04,6,0,0.0,294.24,294.24,Mobile Wallet,6,5,False,East,1218.03
7636,07-13-24,2913,41,Other,Home & Garden,43.76,6,5,13.13,262.56,249.43,Credit Card,23,5,True,North,949.68
7637,08-13-24,1607,40,Female,Books,11.77,9,20,21.19,105.93,84.74,PayPal,5,4,False,East,754.16
7638,01-11-24,1456,14,Male,Sports,156.93,5,20,156.93,784.65,627.72,Debit Card,13,4,False,North,1599.0
7639,02-04-23,2764,-1,Female,Electronics,122.37,7,10,85.66,856.59,770.93,Debit Card,17,5,True,East,1131.1
7640,02-08-23,2225,19,Female,Clothing,16.41,1,5,0.82,16.41,15.59,Mobile Wallet,2,4,False,South,15.59
7641,08-04-24,2235,32,Male,Books,53.77,8,0,0.0,430.16,430.16,Mobile Wallet,18,4,False,South,430.16
7642,05-09-24,2029,49,Male,Electronics,96.63,2,5,9.66,193.26,183.6,Credit Card,10,5,False,North,505.49
7643,12-22-24,3671,38,Other,Clothing,22.3,4,0,0.0,89.2,89.2,Credit Card,24,1,False,North,361.76
7644,01-13-24,3423,43,Male,Beauty,14.62,7,20,20.47,102.34,81.87,Credit Card,8,5,False,North,197.51
7645,04-26-23,4962,21,Male,Electronics,14.8,6,0,0.0,88.8,88.8,Mobile Wallet,8,5,False,South,1183.99
7646,08-17-24,1446,33,Female,Home & Garden,85.87,4,20,68.7,343.48,274.78,Credit Card,18,3,False,West,565.5
7647,05-08-24,1834,35,Other,Home & Garden,31.09,8,0,0.0,248.72,248.72,Credit Card,12,3,False,North,519.62
7648,12-08-24,4177,23,Male,Beauty,62.82,7,10,43.97,439.74,395.77,Debit Card,28,4,False,North,981.67
7649,03-23-23,4722,18,Other,Electronics,52.53,6,20,63.04,315.18,252.14,Credit Card,21,2,False,South,801.16
7650,05-26-23,1810,31,Male,Beauty,18.28,5,10,9.14,91.4,82.26,Credit Card,5,4,False,East,82.26
7651,06-23-24,2424,44,Other,Beauty,11.66,5,5,2.92,58.3,55.38,Mobile Wallet,4,5,False,North,1168.03
7652,10-14-23,4167,21,Male,Clothing,6.72,7,0,0.0,47.04,47.04,Credit Card,24,5,False,North,381.18
7653,04-21-24,2411,31,Female,Electronics,1.21,6,5,0.36,7.26,6.9,PayPal,24,2,False,North,528.98
7654,06-13-24,1958,55,Other,Sports,4.24,4,0,0.0,16.96,16.96,Mobile Wallet,28,4,True,South,40.56
7655,03-22-23,2475,27,Other,Beauty,14.8,7,20,20.72,103.6,82.88,Debit Card,13,5,False,East,324.38
7656,06-19-24,3896,35,Male,Clothing,62.52,5,0,0.0,312.6,312.6,Credit Card,25,5,False,South,2182.11
7657,09-16-24,1808,33,Other,Clothing,8.42,7,15,8.84,58.94,50.1,Debit Card,4,2,True,West,257.3
7658,04-01-23,1978,32,Male,Electronics,37.05,7,15,38.9,259.35,220.45,Debit Card,1,1,False,West,283.74
7659,09-09-23,4972,60,Other,Books,14.06,2,15,4.22,28.12,23.9,Credit Card,11,5,False,South,1021.68
7660,04-28-24,3463,39,Other,Beauty,35.85,4,10,14.34,143.4,129.06,PayPal,9,2,False,East,1086.56
7661,10-07-24,1725,11,Female,Beauty,69.32,4,15,41.59,277.28,235.69,PayPal,17,4,False,South,819.83
7662,11-10-24,4575,57,Female,Electronics,15.46,7,0,0.0,108.22,108.22,Debit Card,20,2,False,North,456.39
7663,11-15-24,3501,39,Other,Books,21.38,8,5,8.55,171.04,162.49,Credit Card,11,3,False,North,596.47
7664,03-21-23,4362,29,Female,Clothing,64.19,1,10,6.42,64.19,57.77,Debit Card,10,3,False,South,57.77
7665,12-01-24,4605,55,Other,Home & Garden,39.52,7,20,55.33,276.64,221.31,Mobile Wallet,17,5,False,East,809.74
7666,10-10-24,2216,23,Male,Beauty,4.97,6,10,2.98,29.82,26.84,Debit Card,3,5,False,North,106.21
7667,07-06-24,3197,60,Other,Home & Garden,70.97,1,5,3.55,70.97,67.42,Mobile Wallet,19,2,False,East,94.02
7668,08-16-24,2903,36,Other,Beauty,16.25,8,15,19.5,130.0,110.5,Credit Card,23,2,False,West,750.26
7669,11-16-23,3806,50,Female,Electronics,24.31,5,5,6.08,121.55,115.47,PayPal,28,4,True,West,312.13
7670,09-19-24,1778,81,Female,Beauty,14.06,7,10,9.84,98.42,88.58,Debit Card,3,3,True,East,2028.64
7671,02-24-23,1972,37,Male,Books,39.19,8,10,31.35,313.52,282.17,Debit Card,6,1,False,West,654.81
7672,12-18-23,3810,33,Male,Beauty,61.51,7,10,43.06,430.57,387.51,Debit Card,26,3,False,North,655.15
7673,07-01-24,4049,18,Male,Electronics,81.28,1,5,4.06,81.28,77.22,Debit Card,20,3,False,North,493.09
7674,01-12-23,2538,33,Other,Sports,127.63,6,0,0.0,765.78,765.78,Debit Card,6,5,False,West,1533.02
7675,04-25-24,2416,19,Male,Electronics,22.25,1,0,0.0,22.25,22.25,Credit Card,25,5,False,North,367.13
7676,04-09-24,4387,32,Male,Electronics,134.87,4,15,80.92,539.48,458.56,PayPal,28,3,True,North,1072.26
7677,06-08-24,3123,78,Female,Electronics,47.98,4,20,38.38,191.92,153.54,Mobile Wallet,7,3,False,North,261.42
7678,04-25-24,1598,36,Female,Electronics,24.68,8,5,9.87,197.44,187.57,Credit Card,1,4,False,West,425.44
7679,08-10-24,4341,26,Male,Books,109.15,6,0,0.0,654.9,654.9,Mobile Wallet,8,3,False,West,686.14
7680,12-06-23,1224,31,Male,Beauty,43.33,7,15,45.5,303.31,257.81,Credit Card,16,5,False,South,541.71
7681,03-07-24,2553,28,Other,Books,30.28,7,20,42.39,211.96,169.57,Credit Card,20,3,False,West,1039.57
7682,12-28-23,3160,50,Other,Books,0.58,7,15,0.61,4.06,3.45,Mobile Wallet,24,2,False,West,877.62
7683,10-29-23,3298,33,Female,Sports,63.21,2,15,18.96,126.42,107.46,PayPal,15,4,False,South,1048.68
7684,10-24-23,4304,59,Male,Sports,4.03,6,20,4.84,24.18,19.34,Credit Card,19,4,False,South,766.46
7685,06-21-23,1840,30,Male,Beauty,17.08,8,10,13.66,136.64,122.98,Mobile Wallet,10,5,False,North,129.92
7686,02-06-23,2814,31,Male,Beauty,163.11,8,0,0.0,1304.88,1304.88,PayPal,12,5,False,East,1384.92
7687,12-12-24,1713,21,Male,Electronics,8.43,4,0,0.0,33.72,33.72,Debit Card,5,4,False,South,515.02
7688,09-03-24,2106,29,Male,Books,18.68,7,20,26.15,130.76,104.61,Debit Card,3,4,False,East,825.47
7689,11-08-23,1124,8,Other,Sports,134.66,9,0,0.0,1211.94,1211.94,Mobile Wallet,28,4,False,West,1666.22
7690,07-31-24,4246,3,Other,Home & Garden,20.6,8,5,8.24,164.8,156.56,Credit Card,27,5,False,North,468.77
7691,09-24-23,2092,44,Male,Electronics,19.93,2,5,1.99,39.86,37.87,Debit Card,13,5,False,North,965.39
7692,03-04-23,4118,8,Other,Clothing,52.2,8,5,20.88,417.6,396.72,Debit Card,19,4,False,South,1506.74
7693,10-06-24,3931,41,Other,Books,7.04,3,20,4.22,21.12,16.9,Mobile Wallet,3,4,False,East,490.08
7694,04-29-24,2279,27,Male,Electronics,180.14,4,15,108.08,720.56,612.48,Mobile Wallet,20,4,False,East,1212.89
7695,08-15-24,2750,49,Other,Beauty,16.08,3,15,7.24,48.24,41.0,Debit Card,3,5,False,East,775.94
7696,06-23-23,1029,9,Male,Electronics,77.02,8,10,61.62,616.16,554.54,Credit Card,16,5,False,East,554.54
7697,08-09-24,3328,43,Other,Clothing,16.96,4,10,6.78,67.84,61.06,Mobile Wallet,12,5,False,East,1192.91
7698,02-22-23,3971,39,Male,Beauty,16.1,1,5,0.8,16.1,15.3,Mobile Wallet,18,3,False,North,518.45
7699,11-03-24,3017,40,Male,Home & Garden,2.96,9,5,1.33,26.64,25.31,Credit Card,29,5,False,East,330.85
7700,10-26-23,4308,51,Other,Sports,6.35,9,20,11.43,57.15,45.72,PayPal,22,1,False,East,2068.86
7701,10-01-24,4319,36,Other,Sports,36.9,1,5,1.84,36.9,35.06,Mobile Wallet,17,4,False,East,147.33
7702,01-28-23,3415,-1,Female,Clothing,43.0,8,5,17.2,344.0,326.8,Debit Card,21,5,False,South,445.18
7703,10-21-23,1494,41,Male,Clothing,84.6,2,5,8.46,169.2,160.74,Credit Card,27,5,False,West,1849.35
7704,05-11-24,4096,39,Male,Sports,3.11,7,0,0.0,21.77,21.77,Debit Card,22,4,True,North,808.11
7705,03-26-23,2609,31,Male,Home & Garden,22.01,1,15,3.3,22.01,18.71,Credit Card,28,4,False,West,538.3
7706,05-10-23,1717,22,Male,Home & Garden,11.17,6,0,0.0,67.02,67.02,PayPal,17,1,False,South,1081.08
7707,06-01-24,4561,29,Other,Electronics,22.15,8,5,8.86,177.2,168.34,Mobile Wallet,17,5,False,West,4162.09
7708,03-20-23,2016,56,Other,Clothing,21.87,6,5,6.56,131.22,124.66,PayPal,7,2,False,South,2013.27
7709,10-12-23,4565,21,Female,Clothing,21.87,9,0,0.0,196.83,196.83,Mobile Wallet,14,4,False,South,885.29
7710,09-16-23,2337,8,Male,Clothing,18.53,1,0,0.0,18.53,18.53,Credit Card,11,5,False,West,161.44
7711,05-16-23,1605,12,Female,Beauty,72.19,9,20,129.94,649.71,519.77,Debit Card,16,5,False,South,758.91
7712,09-22-24,1374,34,Female,Sports,58.51,3,20,35.11,175.53,140.42,PayPal,22,4,False,South,1233.1
7713,10-15-23,3686,60,Female,Sports,20.89,2,5,2.09,41.78,39.69,Credit Card,25,3,False,North,1686.8
7714,10-09-23,2960,68,Female,Sports,7.92,8,0,0.0,63.36,63.36,PayPal,4,3,True,West,890.5
7715,09-21-23,2048,44,Female,Home & Garden,36.52,5,20,36.52,182.6,146.08,Credit Card,19,5,False,East,377.96
7716,01-15-23,2357,20,Other,Sports,125.57,1,10,12.56,125.57,113.01,PayPal,22,5,False,South,543.21
7717,04-25-23,4426,21,Other,Electronics,6.59,1,0,0.0,6.59,6.59,Credit Card,8,3,True,North,1027.19
7718,09-10-24,1115,48,Female,Beauty,69.92,2,15,20.98,139.84,118.86,PayPal,5,3,False,South,1179.77
7719,06-28-23,3095,54,Other,Sports,45.74,7,10,32.02,320.18,288.16,PayPal,3,4,False,West,310.87
7720,08-28-24,4809,25,Other,Beauty,44.41,2,10,8.88,88.82,79.94,Credit Card,3,4,False,East,962.68
7721,06-04-23,2801,56,Female,Beauty,136.41,9,0,0.0,1227.69,1227.69,PayPal,17,5,False,South,1239.01
7722,11-05-24,3146,31,Other,Home & Garden,156.11,6,5,46.83,936.66,889.83,Credit Card,6,1,False,North,1376.5
7723,04-02-24,2482,45,Other,Clothing,13.98,4,15,8.39,55.92,47.53,PayPal,10,5,False,West,481.26
7724,01-14-24,2546,52,Male,Beauty,82.64,4,20,66.11,330.56,264.45,Mobile Wallet,23,5,False,West,337.53
7725,06-29-23,2620,12,Female,Electronics,48.48,3,20,29.09,145.44,116.35,Mobile Wallet,9,5,True,East,116.35
7726,09-25-23,3452,41,Male,Home & Garden,26.28,9,5,11.83,236.52,224.69,PayPal,6,3,False,East,568.03
7727,12-18-24,4285,56,Male,Books,54.77,2,15,16.43,109.54,93.11,Credit Card,24,4,False,East,1390.75
7728,08-30-23,1684,26,Female,Beauty,156.14,9,15,210.79,1405.26,1194.47,Mobile Wallet,22,5,False,West,3778.81
7729,05-11-24,3950,19,Male,Beauty,36.37,3,10,10.91,109.11,98.2,PayPal,2,2,False,East,537.49
7730,07-05-23,3550,42,Male,Clothing,140.74,4,10,56.3,562.96,506.66,PayPal,3,5,False,East,1793.98
7731,06-24-24,4792,37,Other,Sports,51.49,9,15,69.51,463.41,393.9,Credit Card,11,2,False,West,1506.53
7732,02-03-23,2471,30,Male,Home & Garden,32.98,3,0,0.0,98.94,98.94,Debit Card,15,2,False,South,444.55
7733,12-18-23,3941,34,Female,Books,51.67,6,0,0.0,310.02,310.02,Credit Card,14,5,False,North,421.96
7734,03-28-23,2599,9,Other,Home & Garden,46.13,5,0,0.0,230.65,230.65,Debit Card,13,5,False,North,272.48
7735,05-29-23,3305,41,Other,Sports,27.38,6,15,24.64,164.28,139.64,PayPal,17,1,False,North,440.65
7736,09-01-24,3891,58,Other,Home & Garden,41.33,5,20,41.33,206.65,165.32,Debit Card,21,3,True,South,402.69
7737,06-07-23,3168,24,Female,Books,60.74,3,0,0.0,182.22,182.22,Debit Card,28,5,False,West,182.22
7738,05-22-24,1809,22,Female,Home & Garden,91.28,2,20,36.51,182.56,146.05,Credit Card,11,3,False,West,146.05
7739,02-27-24,1977,37,Female,Electronics,18.14,9,0,0.0,163.26,163.26,Debit Card,6,1,False,North,417.81
7740,01-28-24,3101,77,Male,Electronics,0.74,4,15,0.44,2.96,2.52,Debit Card,22,3,False,South,922.2
7741,09-01-23,4066,51,Male,Sports,40.06,6,0,0.0,240.36,240.36,PayPal,29,5,False,East,629.74
7742,11-07-24,2354,33,Other,Books,33.6,9,20,60.48,302.4,241.92,Mobile Wallet,28,5,False,East,487.23
7743,03-26-24,1783,35,Other,Books,2.79,5,5,0.7,13.95,13.25,Credit Card,2,3,False,East,1442.21
7744,10-14-24,1240,52,Female,Books,50.05,7,20,70.07,350.35,280.28,Credit Card,1,3,True,North,534.4
7745,06-21-23,2778,21,Female,Books,141.85,5,5,35.46,709.25,673.79,Mobile Wallet,23,4,False,North,1423.83
7746,08-04-23,2553,44,Male,Books,25.73,9,20,46.31,231.57,185.26,Mobile Wallet,4,5,False,West,1039.57
7747,08-14-24,1482,18,Male,Clothing,112.39,2,0,0.0,224.78,224.78,Mobile Wallet,9,5,True,North,629.54
7748,12-20-23,2012,48,Female,Home & Garden,83.86,3,0,0.0,251.58,251.58,Debit Card,11,4,True,North,615.1
7749,02-25-23,1186,30,Female,Beauty,8.82,5,20,8.82,44.1,35.28,PayPal,24,2,False,East,2486.94
7750,10-19-24,2881,38,Male,Books,77.39,2,0,0.0,154.78,154.78,Credit Card,6,3,False,South,526.43
7751,09-28-23,3703,29,Other,Beauty,36.36,6,0,0.0,218.16,218.16,PayPal,16,3,True,West,249.6
7752,04-29-23,3309,45,Other,Electronics,125.44,3,15,56.45,376.32,319.87,Debit Card,10,1,False,South,447.81
7753,02-23-23,1952,32,Male,Beauty,10.5,5,10,5.25,52.5,47.25,Mobile Wallet,3,5,False,North,75.25
7754,06-21-23,2387,67,Male,Beauty,6.68,5,10,3.34,33.4,30.06,Debit Card,24,3,False,East,1508.4
7755,04-20-24,1490,56,Other,Home & Garden,13.81,8,20,22.1,110.48,88.38,Mobile Wallet,28,5,False,West,2700.31
7756,02-13-24,1430,15,Male,Beauty,3.07,9,10,2.76,27.63,24.87,Credit Card,10,4,True,East,158.85
7757,05-02-24,1238,37,Other,Sports,19.29,4,5,3.86,77.16,73.3,Debit Card,12,5,False,South,183.5
7758,11-05-23,3351,46,Other,Sports,16.63,1,20,3.33,16.63,13.3,PayPal,1,2,False,East,24.16
7759,05-02-24,3345,28,Male,Books,26.91,5,20,26.91,134.55,107.64,PayPal,27,2,False,North,394.77
7760,06-29-24,1075,53,Female,Clothing,31.09,4,5,6.22,124.36,118.14,Debit Card,25,1,False,East,147.35
7761,08-28-23,4771,51,Female,Clothing,7.82,5,10,3.91,39.1,35.19,Debit Card,10,5,False,South,813.49
7762,01-24-24,2356,33,Female,Home & Garden,48.3,9,5,21.74,434.7,412.96,PayPal,29,4,True,South,1245.76
7763,11-30-24,2923,49,Female,Clothing,12.65,8,0,0.0,101.2,101.2,Debit Card,25,5,False,North,1071.95
7764,12-23-24,4046,-1,Female,Beauty,6.5,8,20,10.4,52.0,41.6,Debit Card,10,5,False,North,133.63
7765,02-04-24,2781,55,Female,Sports,61.69,8,15,74.03,493.52,419.49,Debit Card,24,4,False,West,954.16
7766,04-30-24,3689,48,Female,Books,1.15,1,5,0.06,1.15,1.09,Mobile Wallet,26,4,False,South,1.09
7767,09-26-23,4545,18,Male,Electronics,22.97,7,20,32.16,160.79,128.63,PayPal,4,3,True,North,678.99
7768,05-29-23,1826,38,Male,Beauty,7.8,4,20,6.24,31.2,24.96,Debit Card,9,2,False,West,214.05
7769,06-27-24,4994,4,Female,Sports,107.19,6,5,32.16,643.14,610.98,PayPal,27,4,False,West,2670.69
7770,03-21-24,3330,23,Male,Sports,86.99,4,15,52.19,347.96,295.77,Credit Card,9,2,False,West,674.69
7771,01-13-23,1590,51,Other,Home & Garden,3.12,5,20,3.12,15.6,12.48,Debit Card,12,5,False,West,107.07
7772,10-23-23,3119,34,Female,Beauty,39.98,5,0,0.0,199.9,199.9,Mobile Wallet,26,5,False,South,239.55
7773,04-04-24,4334,33,Other,Clothing,17.5,1,0,0.0,17.5,17.5,Mobile Wallet,11,5,False,South,856.08
7774,01-27-24,3750,35,Male,Electronics,10.69,6,0,0.0,64.14,64.14,Debit Card,21,4,False,North,457.43
7775,11-25-24,2902,33,Female,Electronics,18.66,8,15,22.39,149.28,126.89,Debit Card,6,4,False,East,155.93
7776,11-20-23,2910,49,Other,Clothing,84.61,5,10,42.3,423.05,380.75,Credit Card,27,4,True,South,548.83
7777,06-26-24,1574,25,Male,Books,2.98,6,0,0.0,17.88,17.88,Debit Card,7,5,False,South,1215.08
7778,11-30-24,4047,41,Female,Clothing,52.24,5,5,13.06,261.2,248.14,PayPal,9,2,False,West,248.14
7779,02-12-23,1891,17,Female,Books,122.31,1,10,12.23,122.31,110.08,Debit Card,11,4,False,South,845.44
7780,04-10-23,3059,46,Other,Electronics,29.72,5,5,7.43,148.6,141.17,PayPal,23,5,False,North,629.98
7781,06-28-24,1140,30,Other,Beauty,115.89,2,15,34.77,231.78,197.01,PayPal,17,4,False,East,836.91
7782,10-14-24,2789,34,Other,Home & Garden,118.65,4,0,0.0,474.6,474.6,PayPal,11,1,False,North,474.6
7783,12-29-23,4626,29,Male,Sports,47.03,2,20,18.81,94.06,75.25,PayPal,25,3,True,South,389.3
7784,03-18-24,1016,31,Other,Beauty,30.43,8,0,0.0,243.44,243.44,PayPal,22,5,False,West,593.48
7785,09-17-24,2086,19,Other,Electronics,66.91,7,15,70.26,468.37,398.11,Debit Card,18,5,False,North,756.98
7786,10-29-24,1252,39,Other,Electronics,123.98,9,0,0.0,1115.82,1115.82,Debit Card,26,5,False,East,1115.82
7787,10-07-23,1464,43,Female,Electronics,56.98,4,0,0.0,227.92,227.92,Debit Card,9,5,False,West,415.78
7788,12-10-23,1375,15,Other,Sports,11.76,5,0,0.0,58.8,58.8,Mobile Wallet,17,5,False,West,1104.0
7789,10-04-23,2827,26,Other,Books,85.76,9,15,115.78,771.84,656.06,PayPal,21,3,True,North,1613.86
7790,10-01-23,4028,35,Male,Home & Garden,151.34,9,0,0.0,1362.06,1362.06,Credit Card,25,1,True,North,3087.04
7791,04-11-23,1519,26,Male,Beauty,26.4,2,20,10.56,52.8,42.24,Debit Card,28,4,False,West,1317.11
7792,09-19-23,2860,31,Other,Beauty,59.8,1,20,11.96,59.8,47.84,Debit Card,16,4,False,East,47.84
7793,11-01-24,1089,59,Male,Home & Garden,36.51,3,10,10.95,109.53,98.58,Mobile Wallet,14,4,False,South,2351.82
7794,08-21-24,1719,19,Male,Home & Garden,5.94,1,10,0.59,5.94,5.35,Debit Card,1,1,False,South,2195.31
7795,02-05-24,3851,0,Male,Books,21.53,6,10,12.92,129.18,116.26,PayPal,2,4,False,North,1342.05
7796,04-17-24,3843,26,Female,Beauty,8.95,8,10,7.16,71.6,64.44,Debit Card,11,3,True,North,121.93
7797,11-22-24,1629,30,Other,Clothing,55.98,4,20,44.78,223.92,179.14,PayPal,7,5,False,North,818.67
7798,09-05-23,2884,27,Other,Clothing,43.63,4,10,17.45,174.52,157.07,Debit Card,10,2,False,North,559.23
7799,11-19-24,4246,39,Other,Home & Garden,1.71,1,5,0.09,1.71,1.62,Debit Card,12,5,False,East,468.77
7800,08-25-24,1075,19,Male,Electronics,3.18,9,15,4.29,28.62,24.33,PayPal,11,5,False,South,147.35
7801,07-19-23,4684,17,Male,Electronics,15.11,8,15,18.13,120.88,102.75,PayPal,2,5,False,West,102.75
7802,06-16-24,1925,24,Male,Sports,68.3,3,20,40.98,204.9,163.92,Debit Card,25,5,False,South,787.04
7803,12-12-23,4734,25,Female,Clothing,6.78,3,15,3.05,20.34,17.29,PayPal,14,5,False,North,476.44
7804,11-24-24,3447,66,Male,Electronics,11.46,4,15,6.88,45.84,38.96,Mobile Wallet,9,2,False,West,38.96
7805,12-07-24,2805,58,Female,Home & Garden,119.1,4,0,0.0,476.4,476.4,PayPal,27,5,False,East,714.83
7806,07-04-23,1969,9,Other,Sports,39.5,2,10,7.9,79.0,71.1,PayPal,29,5,False,East,71.1
7807,11-17-23,2094,6,Male,Clothing,48.49,4,10,19.4,193.96,174.56,Credit Card,12,2,False,North,575.75
7808,07-14-24,3028,33,Female,Sports,30.42,2,0,0.0,60.84,60.84,PayPal,10,5,False,North,367.61
7809,01-11-23,4251,63,Female,Electronics,17.82,7,20,24.95,124.74,99.79,PayPal,24,4,True,South,2013.18
7810,11-19-24,4195,44,Male,Home & Garden,14.33,5,5,3.58,71.65,68.07,Credit Card,2,4,False,North,360.65
7811,01-09-23,2404,34,Female,Home & Garden,44.48,7,20,62.27,311.36,249.09,PayPal,12,3,False,North,531.62
7812,03-11-23,4364,28,Male,Home & Garden,31.84,6,5,9.55,191.04,181.49,Credit Card,26,5,False,West,1018.24
7813,01-13-23,3844,51,Female,Electronics,25.79,2,5,2.58,51.58,49.0,Debit Card,3,5,False,West,807.03
7814,02-26-24,1194,37,Other,Books,59.27,2,0,0.0,118.54,118.54,Debit Card,13,5,False,South,450.08
7815,04-11-23,4982,60,Other,Beauty,25.89,1,20,5.18,25.89,20.71,Mobile Wallet,19,4,False,South,635.96
7816,06-21-24,1227,9,Other,Beauty,1.87,1,10,0.19,1.87,1.68,Debit Card,24,5,False,East,37.47
7817,04-17-23,4502,41,Male,Home & Garden,91.53,5,20,91.53,457.65,366.12,PayPal,13,4,False,West,551.02
7818,12-02-24,2459,26,Other,Beauty,19.17,5,20,19.17,95.85,76.68,Credit Card,24,3,False,West,338.18
7819,04-01-24,4858,41,Other,Books,146.31,7,5,51.21,1024.17,972.96,Debit Card,22,5,False,South,1165.29
7820,12-26-23,1460,38,Other,Home & Garden,105.83,1,5,5.29,105.83,100.54,PayPal,16,5,False,North,1670.95
7821,08-13-23,1617,42,Male,Books,13.32,5,10,6.66,66.6,59.94,Debit Card,23,5,False,East,127.75
7822,10-18-23,4092,49,Female,Clothing,168.3,2,10,33.66,336.6,302.94,Mobile Wallet,1,2,False,North,381.96
7823,09-15-23,1063,55,Male,Beauty,96.06,1,5,4.8,96.06,91.26,Debit Card,8,3,False,West,243.32
7824,07-17-23,3212,64,Male,Clothing,210.04,7,20,294.06,1470.28,1176.22,Debit Card,13,1,False,South,1356.24
7825,02-04-23,3074,35,Other,Home & Garden,56.65,3,5,8.5,169.95,161.45,PayPal,7,5,False,East,1328.01
7826,01-25-23,4382,26,Female,Sports,133.48,9,15,180.2,1201.32,1021.12,Credit Card,21,3,False,East,1046.43
7827,09-26-24,4059,16,Other,Sports,58.57,5,15,43.93,292.85,248.92,Mobile Wallet,21,2,False,West,325.09
7828,04-05-23,1284,41,Other,Electronics,96.58,5,5,24.14,482.9,458.76,Credit Card,2,3,False,East,1907.1
7829,02-28-23,2683,47,Male,Clothing,47.14,5,10,23.57,235.7,212.13,Credit Card,13,5,False,South,729.93
7830,08-31-24,3328,14,Male,Clothing,132.38,9,5,59.57,1191.42,1131.85,Credit Card,12,4,False,West,1192.91
7831,11-03-24,1837,52,Male,Sports,36.5,1,20,7.3,36.5,29.2,Mobile Wallet,17,5,True,South,224.31
7832,08-11-23,1830,33,Other,Home & Garden,66.7,5,15,50.02,333.5,283.48,Mobile Wallet,9,4,True,South,1404.03
7833,09-05-24,2187,16,Female,Electronics,124.42,6,0,0.0,746.52,746.52,PayPal,10,5,False,West,1561.56
7834,10-15-24,4969,22,Female,Clothing,27.44,9,10,24.7,246.96,222.26,PayPal,3,4,False,East,660.26
7835,05-05-23,3965,20,Other,Electronics,1.34,3,0,0.0,4.02,4.02,PayPal,28,5,False,West,153.46
7836,12-26-24,1223,21,Female,Clothing,6.0,1,10,0.6,6.0,5.4,Mobile Wallet,27,3,False,South,507.81
7837,05-03-23,1783,43,Other,Books,178.62,8,0,0.0,1428.96,1428.96,Mobile Wallet,21,5,False,South,1442.21
7838,03-30-23,4217,47,Female,Books,103.26,9,0,0.0,929.34,929.34,Debit Card,11,2,True,North,1103.46
7839,09-11-24,4012,60,Other,Electronics,33.03,6,5,9.91,198.18,188.27,Credit Card,24,5,False,South,360.96
7840,05-14-23,1949,24,Female,Sports,162.08,5,10,81.04,810.4,729.36,PayPal,12,4,False,South,1008.89
7841,01-20-24,4939,40,Male,Sports,10.27,8,15,12.32,82.16,69.84,Debit Card,7,3,False,South,240.42
7842,11-03-24,4101,25,Male,Clothing,5.88,6,0,0.0,35.28,35.28,Mobile Wallet,23,4,False,West,35.28
7843,10-25-24,1044,35,Male,Beauty,45.99,6,5,13.8,275.94,262.14,Debit Card,10,5,False,South,376.52
7844,08-02-24,2810,12,Male,Books,24.07,9,20,43.33,216.63,173.3,Debit Card,10,3,False,West,700.68
7845,07-09-23,1470,18,Other,Books,20.76,9,10,18.68,186.84,168.16,Mobile Wallet,29,3,False,West,866.21
7846,04-24-23,3081,47,Female,Electronics,66.24,1,10,6.62,66.24,59.62,Credit Card,28,4,True,North,638.04
7847,12-13-24,3700,12,Other,Beauty,8.13,2,15,2.44,16.26,13.82,Mobile Wallet,26,5,False,South,271.04
7848,07-08-23,4498,44,Male,Electronics,75.36,1,0,0.0,75.36,75.36,PayPal,29,4,False,South,1087.49
7849,09-17-23,1829,24,Female,Sports,22.27,2,5,2.23,44.54,42.31,Debit Card,27,3,False,South,195.19
7850,10-29-23,2909,6,Other,Sports,216.14,3,0,0.0,648.42,648.42,PayPal,20,2,False,South,1603.29
7851,04-23-24,3268,-3,Male,Beauty,82.71,2,5,8.27,165.42,157.15,Debit Card,10,1,False,East,157.15
7852,11-07-24,2891,56,Female,Beauty,51.95,6,15,46.76,311.7,264.94,Debit Card,4,1,False,South,264.94
7853,03-19-23,3581,6,Female,Sports,13.03,4,0,0.0,52.12,52.12,PayPal,10,5,True,North,868.33
7854,10-16-24,1691,34,Male,Home & Garden,156.67,5,20,156.67,783.35,626.68,Debit Card,22,2,False,West,1377.12
7855,04-09-24,2390,40,Male,Books,1.67,9,15,2.25,15.03,12.78,Mobile Wallet,10,3,False,East,1481.68
7856,10-11-23,1931,15,Female,Books,12.64,2,15,3.79,25.28,21.49,Mobile Wallet,4,5,True,South,21.49
7857,03-13-24,1840,26,Male,Electronics,1.87,3,10,0.56,5.61,5.05,Debit Card,7,5,False,North,129.92
7858,12-09-24,4814,42,Other,Books,169.83,1,5,8.49,169.83,161.34,Debit Card,18,1,True,South,421.26
7859,11-14-24,4058,39,Male,Electronics,102.57,2,0,0.0,205.14,205.14,Mobile Wallet,23,4,False,East,872.11
7860,11-28-23,2938,28,Male,Beauty,151.94,1,5,7.6,151.94,144.34,Credit Card,3,5,False,East,956.41
7861,09-21-23,2573,38,Male,Beauty,62.77,9,15,84.74,564.93,480.19,Debit Card,24,2,True,North,2797.95
7862,06-15-23,3629,33,Female,Home & Garden,1.39,3,0,0.0,4.17,4.17,Mobile Wallet,15,5,False,West,535.87
7863,03-17-23,4187,20,Female,Beauty,134.05,3,20,80.43,402.15,321.72,Credit Card,5,5,False,North,321.72
7864,10-11-23,3286,53,Male,Sports,27.32,7,5,9.56,191.24,181.68,Credit Card,9,4,False,East,233.96
7865,03-05-23,4406,38,Female,Home & Garden,22.96,1,5,1.15,22.96,21.81,PayPal,20,4,False,South,30.24
7866,01-27-24,3488,7,Male,Sports,16.71,9,20,30.08,150.39,120.31,Credit Card,12,5,False,East,232.92
7867,02-02-24,1147,42,Other,Sports,16.9,7,15,17.74,118.3,100.56,Debit Card,21,5,False,South,1201.58
7868,12-07-23,2032,25,Female,Electronics,80.63,9,5,36.28,725.67,689.39,Credit Card,16,5,False,North,1049.32
7869,03-03-23,2311,30,Male,Sports,14.81,8,10,11.85,118.48,106.63,PayPal,11,2,False,East,863.47
7870,09-22-23,1387,35,Female,Home & Garden,12.56,5,10,6.28,62.8,56.52,Mobile Wallet,17,5,False,South,56.52
7871,09-29-23,4121,23,Other,Clothing,59.87,3,0,0.0,179.61,179.61,PayPal,3,5,False,West,179.61
7872,07-02-23,2873,62,Other,Beauty,16.95,9,20,30.51,152.55,122.04,Mobile Wallet,15,1,False,West,706.18
7873,03-27-24,4588,12,Male,Electronics,0.66,5,15,0.5,3.3,2.8,Debit Card,4,1,True,West,497.51
7874,03-13-23,1915,35,Female,Beauty,134.24,9,10,120.82,1208.16,1087.34,Mobile Wallet,9,4,False,South,1109.39
7875,05-18-24,2878,40,Other,Sports,18.81,3,0,0.0,56.43,56.43,Credit Card,8,4,False,East,1448.07
7876,07-25-23,3685,35,Female,Sports,72.28,6,0,0.0,433.68,433.68,Mobile Wallet,18,5,True,East,561.6
7877,09-16-24,4658,32,Male,Books,31.65,2,5,3.16,63.3,60.14,Credit Card,22,3,True,South,846.56
7878,02-07-24,4748,29,Other,Electronics,7.2,3,15,3.24,21.6,18.36,PayPal,4,4,False,South,221.16
7879,07-02-23,1277,22,Other,Electronics,54.22,2,10,10.84,108.44,97.6,PayPal,27,4,False,North,496.8
7880,10-22-24,2977,22,Female,Home & Garden,13.17,2,20,5.27,26.34,21.07,Mobile Wallet,5,4,False,South,52.04
7881,05-18-24,2859,52,Other,Clothing,16.98,5,5,4.24,84.9,80.66,PayPal,26,5,False,East,80.66
7882,04-22-23,4036,28,Male,Home & Garden,1.65,4,10,0.66,6.6,5.94,PayPal,9,4,False,East,131.1
7883,05-28-23,4371,66,Male,Home & Garden,0.83,4,0,0.0,3.32,3.32,PayPal,16,1,False,South,117.03
7884,07-07-24,2825,45,Other,Home & Garden,36.04,8,20,57.66,288.32,230.66,Credit Card,4,5,False,South,315.89
7885,03-17-24,3636,-5,Male,Clothing,2.98,6,0,0.0,17.88,17.88,Mobile Wallet,16,3,False,South,426.6
7886,08-12-23,2833,48,Other,Home & Garden,11.75,2,5,1.18,23.5,22.32,Credit Card,29,3,False,North,582.74
7887,09-20-24,3696,34,Other,Beauty,128.72,1,20,25.74,128.72,102.98,Mobile Wallet,5,5,False,East,316.01
7888,10-20-24,1617,14,Other,Electronics,4.32,5,20,4.32,21.6,17.28,Credit Card,7,4,False,East,127.75
7889,04-19-23,2630,54,Other,Clothing,17.18,7,5,6.01,120.26,114.25,Debit Card,11,4,False,West,915.37
7890,03-28-24,3182,28,Female,Sports,64.83,5,0,0.0,324.15,324.15,Debit Card,7,4,False,South,659.73
7891,09-23-23,1579,27,Other,Books,107.85,4,20,86.28,431.4,345.12,Debit Card,6,4,False,North,831.68
7892,04-16-23,2170,40,Male,Books,2.37,5,15,1.78,11.85,10.07,Credit Card,29,4,True,West,328.68
7893,02-05-23,1489,52,Female,Beauty,10.26,8,15,12.31,82.08,69.77,Mobile Wallet,19,2,False,North,337.02
7894,03-16-23,3525,36,Male,Electronics,24.54,5,0,0.0,122.7,122.7,Credit Card,17,5,False,South,686.17
7895,03-14-23,2182,35,Other,Books,22.39,9,20,40.3,201.51,161.21,Mobile Wallet,28,4,False,East,262.75
7896,08-08-24,1383,24,Male,Beauty,17.02,7,0,0.0,119.14,119.14,Debit Card,25,3,False,North,806.16
7897,09-14-23,1162,51,Female,Beauty,13.87,2,15,4.16,27.74,23.58,Credit Card,6,5,False,South,444.51
7898,04-01-24,3488,36,Male,Books,15.64,9,20,28.15,140.76,112.61,Mobile Wallet,19,5,False,West,232.92
7899,01-20-23,2876,31,Female,Books,7.16,2,20,2.86,14.32,11.46,Mobile Wallet,17,3,False,East,11.46
7900,05-24-24,2212,29,Other,Beauty,8.92,6,0,0.0,53.52,53.52,PayPal,12,4,False,East,1294.64
7901,06-02-23,3462,50,Other,Beauty,46.67,8,20,74.67,373.36,298.69,Mobile Wallet,12,4,True,South,868.88
7902,10-30-24,2362,31,Male,Sports,17.28,2,0,0.0,34.56,34.56,Debit Card,13,3,False,East,159.97
7903,10-17-24,2630,50,Male,Books,25.52,6,10,15.31,153.12,137.81,Credit Card,6,5,False,North,915.37
7904,01-01-23,2204,27,Other,Home & Garden,26.55,5,10,13.28,132.75,119.47,PayPal,19,4,False,East,267.19
7905,02-08-23,1287,45,Other,Beauty,5.81,7,15,6.1,40.67,34.57,Debit Card,1,2,True,North,1181.25
7906,11-11-24,2857,38,Male,Electronics,85.6,5,15,64.2,428.0,363.8,Credit Card,13,5,False,West,1598.49
7907,02-04-24,1186,20,Other,Electronics,156.59,3,5,23.49,469.77,446.28,Credit Card,5,4,False,North,2486.94
7908,09-30-23,2907,33,Female,Beauty,15.3,6,10,9.18,91.8,82.62,PayPal,1,5,False,South,709.2
7909,06-05-23,2161,2,Female,Electronics,17.44,7,10,12.21,122.08,109.87,Debit Card,3,4,False,South,109.87
7910,12-17-24,1129,23,Male,Sports,59.07,1,5,2.95,59.07,56.12,Credit Card,3,4,False,East,920.71
7911,12-04-23,3241,11,Male,Sports,4.2,8,0,0.0,33.6,33.6,PayPal,15,4,False,North,2956.18
7912,02-05-24,3363,64,Other,Beauty,118.93,8,10,95.14,951.44,856.3,Credit Card,15,4,False,West,908.75
7913,08-11-24,4856,11,Other,Books,6.43,4,10,2.57,25.72,23.15,Credit Card,22,3,False,North,59.05
7914,01-04-23,2887,73,Female,Home & Garden,65.85,8,15,79.02,526.8,447.78,Debit Card,4,5,False,North,1389.3
7915,06-11-24,1143,42,Male,Books,17.23,3,5,2.58,51.69,49.11,Debit Card,8,3,False,North,166.32
7916,12-25-24,1015,27,Male,Electronics,19.52,5,5,4.88,97.6,92.72,Credit Card,3,4,False,North,456.54
7917,05-17-24,4373,47,Male,Home & Garden,7.59,3,15,3.42,22.77,19.35,Mobile Wallet,8,2,False,East,753.55
7918,05-04-24,3470,25,Male,Electronics,51.97,2,10,10.39,103.94,93.55,Credit Card,29,5,True,North,137.18
7919,03-22-24,1244,13,Female,Home & Garden,79.24,5,20,79.24,396.2,316.96,Mobile Wallet,12,4,False,West,1495.53
7920,02-18-24,1926,36,Female,Beauty,150.03,8,5,60.01,1200.24,1140.23,Debit Card,23,5,False,South,1140.23
7921,03-13-23,4178,45,Male,Clothing,20.14,9,10,18.13,181.26,163.13,Credit Card,18,4,False,South,950.51
7922,07-07-24,4159,54,Female,Sports,48.53,5,0,0.0,242.65,242.65,Credit Card,28,5,False,North,1136.19
7923,08-20-23,3176,42,Male,Sports,26.81,3,5,4.02,80.43,76.41,Credit Card,13,4,True,East,537.01
7924,01-04-23,1906,27,Female,Beauty,40.8,3,15,18.36,122.4,104.04,PayPal,8,4,False,South,1057.63
7925,01-29-24,1886,55,Other,Electronics,8.89,8,5,3.56,71.12,67.56,PayPal,17,4,True,East,875.18
7926,12-06-24,1340,52,Female,Electronics,43.58,3,15,19.61,130.74,111.13,Debit Card,9,1,False,South,1374.18
7927,05-08-24,3051,39,Male,Clothing,94.55,9,0,0.0,850.95,850.95,Credit Card,7,4,False,North,1461.55
7928,05-05-23,4398,53,Other,Books,99.63,1,10,9.96,99.63,89.67,Credit Card,22,5,False,South,898.38
7929,08-03-24,2433,67,Male,Home & Garden,33.02,1,15,4.95,33.02,28.07,Mobile Wallet,24,5,False,West,188.02
7930,07-02-24,4950,26,Other,Beauty,13.44,5,15,10.08,67.2,57.12,PayPal,25,5,False,North,57.12
7931,01-03-24,1305,21,Other,Clothing,90.6,4,0,0.0,362.4,362.4,Debit Card,15,3,False,North,482.29
7932,12-08-23,1907,26,Female,Beauty,373.36,3,20,224.02,1120.08,896.06,Debit Card,29,4,False,West,896.06
7933,11-29-24,3654,14,Female,Clothing,23.67,1,5,1.18,23.67,22.49,Credit Card,24,1,False,North,162.63
7934,11-07-23,4792,43,Other,Electronics,129.09,7,20,180.73,903.63,722.9,Credit Card,22,5,False,South,1506.53
7935,02-15-24,4296,10,Other,Electronics,205.1,1,5,10.26,205.1,194.84,PayPal,16,5,False,West,1025.3
7936,02-26-23,2371,53,Other,Books,25.18,6,0,0.0,151.08,151.08,Mobile Wallet,20,5,False,East,190.41
7937,10-09-24,4039,24,Male,Beauty,62.99,2,0,0.0,125.98,125.98,PayPal,25,2,False,West,668.54
7938,10-24-24,1320,55,Female,Beauty,43.51,4,20,34.81,174.04,139.23,Debit Card,8,3,False,South,1005.46
7939,04-03-23,1558,-3,Male,Books,64.04,8,0,0.0,512.32,512.32,PayPal,24,5,False,East,1467.5
7940,01-10-24,2204,29,Female,Electronics,8.37,3,10,2.51,25.11,22.6,PayPal,16,5,False,North,267.19
7941,07-01-24,3665,15,Male,Sports,22.84,9,20,41.11,205.56,164.45,Debit Card,19,3,False,East,320.55
7942,12-15-23,3758,55,Female,Books,3.24,5,15,2.43,16.2,13.77,Debit Card,16,4,False,West,13.77
7943,03-24-23,2409,60,Other,Clothing,47.49,6,15,42.74,284.94,242.2,Debit Card,26,4,False,North,423.6
7944,04-15-24,2641,0,Other,Electronics,130.66,2,0,0.0,261.32,261.32,Credit Card,25,1,False,West,812.75
7945,10-24-23,4863,47,Female,Beauty,41.08,1,0,0.0,41.08,41.08,Mobile Wallet,14,4,False,West,390.33
7946,10-25-24,4843,51,Other,Beauty,3.65,5,5,0.91,18.25,17.34,Credit Card,23,5,False,West,166.72
7947,07-27-23,2131,39,Other,Home & Garden,133.23,1,20,26.65,133.23,106.58,PayPal,16,3,False,West,120.02
7948,06-30-23,3578,43,Male,Home & Garden,7.13,4,20,5.7,28.52,22.82,Mobile Wallet,1,5,False,South,95.78
7949,07-21-24,3457,42,Female,Sports,107.25,8,10,85.8,858.0,772.2,PayPal,18,3,False,East,1505.68
7950,02-10-23,4367,48,Other,Beauty,62.63,2,15,18.79,125.26,106.47,PayPal,27,5,False,West,345.56
7951,01-29-24,1817,18,Female,Electronics,50.58,6,15,45.52,303.48,257.96,Credit Card,18,4,False,East,623.06
7952,11-07-24,2194,53,Male,Beauty,44.2,5,10,22.1,221.0,198.9,Mobile Wallet,1,5,False,East,1973.49
7953,07-15-23,4402,38,Female,Beauty,7.03,1,5,0.35,7.03,6.68,Credit Card,17,4,True,South,165.52
7954,11-03-23,3540,37,Male,Clothing,34.74,8,10,27.79,277.92,250.13,Debit Card,20,3,False,West,368.93
7955,12-13-24,4266,43,Male,Sports,10.95,5,5,2.74,54.75,52.01,Debit Card,7,5,False,West,900.98
7956,02-04-24,1011,15,Male,Clothing,42.41,9,5,19.08,381.69,362.61,Credit Card,6,5,False,East,1431.16
7957,04-20-23,1194,11,Other,Home & Garden,29.65,2,5,2.96,59.3,56.34,Credit Card,13,2,False,West,450.08
7958,10-07-24,3537,33,Male,Clothing,56.92,6,0,0.0,341.52,341.52,Credit Card,28,1,False,North,937.25
7959,12-06-24,3842,58,Female,Home & Garden,202.27,7,0,0.0,1415.89,1415.89,PayPal,7,2,False,South,2131.05
7960,01-03-24,3928,17,Female,Books,22.39,1,5,1.12,22.39,21.27,Mobile Wallet,28,5,True,North,1232.22
7961,05-13-24,3229,37,Other,Home & Garden,47.95,4,10,19.18,191.8,172.62,Mobile Wallet,24,4,False,North,172.62
7962,03-28-23,4009,24,Other,Beauty,99.9,2,10,19.98,199.8,179.82,Debit Card,8,4,False,South,1009.94
7963,10-09-24,4888,22,Male,Home & Garden,4.88,7,10,3.42,34.16,30.74,Mobile Wallet,12,5,False,West,1092.67
7964,03-24-24,1655,42,Male,Beauty,80.53,3,0,0.0,241.59,241.59,Mobile Wallet,28,5,False,West,241.59
7965,07-14-23,2921,46,Male,Sports,13.68,9,5,6.16,123.12,116.96,Mobile Wallet,28,5,False,North,116.96
7966,05-24-23,4387,23,Other,Beauty,38.86,8,15,46.63,310.88,264.25,PayPal,16,4,False,West,1072.26
7967,02-06-23,3741,55,Other,Beauty,238.39,7,10,166.87,1668.73,1501.86,Debit Card,3,4,False,West,2150.16
7968,07-17-23,3077,41,Female,Beauty,206.92,8,0,0.0,1655.36,1655.36,Credit Card,7,3,True,West,1835.24
7969,01-26-23,2619,31,Male,Sports,18.98,1,20,3.8,18.98,15.18,Mobile Wallet,6,5,False,East,867.2
7970,08-30-24,4749,40,Male,Electronics,7.06,6,5,2.12,42.36,40.24,Mobile Wallet,29,4,False,North,285.08
7971,09-02-23,4867,65,Female,Electronics,139.18,7,10,97.43,974.26,876.83,PayPal,13,3,False,East,1852.52
7972,05-15-24,4864,46,Female,Home & Garden,111.99,7,0,0.0,783.93,783.93,Debit Card,14,4,False,West,1162.68
7973,02-03-24,2119,24,Female,Books,47.86,9,20,86.15,430.74,344.59,Mobile Wallet,13,5,False,South,818.62
7974,03-06-23,4452,34,Female,Electronics,1.65,7,5,0.58,11.55,10.97,PayPal,27,5,False,West,201.76
7975,07-07-24,1777,36,Male,Home & Garden,69.57,7,15,73.05,486.99,413.94,Credit Card,8,4,False,North,845.47
7976,10-20-24,1443,44,Other,Sports,8.77,6,5,2.63,52.62,49.99,Debit Card,19,3,False,North,68.23
7977,11-12-23,1297,38,Male,Electronics,143.25,3,5,21.49,429.75,408.26,Mobile Wallet,14,5,False,East,408.26
7978,05-26-24,1807,63,Female,Electronics,28.56,6,10,17.14,171.36,154.22,Credit Card,27,5,False,North,200.47
7979,06-30-24,2760,31,Other,Beauty,47.74,9,5,21.48,429.66,408.18,Mobile Wallet,25,4,False,West,408.18
7980,04-05-24,1844,9,Male,Beauty,16.5,3,20,9.9,49.5,39.6,Debit Card,5,3,False,East,671.02
7981,01-17-23,2015,38,Female,Home & Garden,32.23,3,20,19.34,96.69,77.35,PayPal,18,3,False,West,535.73
7982,02-07-23,2384,28,Other,Beauty,70.25,7,5,24.59,491.75,467.16,Mobile Wallet,4,4,True,West,837.01
7983,12-14-23,2397,12,Other,Home & Garden,33.87,7,5,11.85,237.09,225.24,Debit Card,23,5,False,North,225.24
7984,02-27-23,1553,24,Other,Clothing,93.93,5,20,93.93,469.65,375.72,PayPal,1,5,False,South,375.72
7985,12-12-23,3350,29,Male,Clothing,62.42,8,20,99.87,499.36,399.49,Credit Card,1,5,False,East,437.85
7986,02-13-23,1420,52,Female,Books,4.03,8,10,3.22,32.24,29.02,Mobile Wallet,28,5,False,West,250.86
7987,02-20-24,2269,12,Male,Electronics,46.68,2,15,14.0,93.36,79.36,Credit Card,9,4,False,North,641.25
7988,05-02-23,4791,40,Male,Clothing,47.41,6,20,56.89,284.46,227.57,Mobile Wallet,19,4,False,North,858.96
7989,08-05-23,2260,68,Male,Home & Garden,23.97,5,15,17.98,119.85,101.87,Debit Card,1,3,False,East,1454.26
7990,10-31-24,4605,32,Other,Beauty,19.48,4,15,11.69,77.92,66.23,Credit Card,15,5,False,West,809.74
7991,11-14-24,1184,31,Female,Beauty,3.25,7,20,4.55,22.75,18.2,Mobile Wallet,13,4,False,North,1143.89
7992,06-19-24,1467,45,Male,Electronics,29.54,4,10,11.82,118.16,106.34,Debit Card,23,3,False,North,544.6
7993,04-14-24,3801,42,Female,Clothing,20.52,5,5,5.13,102.6,97.47,Mobile Wallet,29,2,False,East,249.05
7994,11-25-24,3410,56,Other,Books,150.86,8,0,0.0,1206.88,1206.88,PayPal,7,5,False,West,2149.04
7995,07-03-24,2306,32,Male,Books,56.07,5,5,14.02,280.35,266.33,Debit Card,14,4,False,East,681.69
7996,06-02-23,2576,45,Female,Books,30.81,9,0,0.0,277.29,277.29,Debit Card,2,1,False,South,343.58
7997,08-16-24,1335,45,Other,Books,70.25,2,20,28.1,140.5,112.4,Mobile Wallet,13,5,False,South,714.83
7998,08-27-23,3209,29,Male,Beauty,75.43,2,5,7.54,150.86,143.32,Debit Card,8,5,False,East,989.39
7999,03-15-23,4231,33,Male,Beauty,32.74,9,5,14.73,294.66,279.93,Credit Card,28,1,False,North,627.96
8000,02-07-23,2497,34,Female,Beauty,3.94,2,0,0.0,7.88,7.88,Mobile Wallet,12,4,False,East,214.69
8001,05-25-23,4672,16,Female,Home & Garden,75.83,3,10,22.75,227.49,204.74,PayPal,13,5,False,North,1111.45
8002,05-15-24,4393,29,Male,Books,4.73,6,20,5.68,28.38,22.7,Debit Card,3,2,False,South,919.66
8003,10-31-24,3059,57,Male,Sports,94.03,4,20,75.22,376.12,300.9,PayPal,29,5,False,West,629.98
8004,01-20-23,2447,50,Other,Beauty,20.34,8,20,32.54,162.72,130.18,Credit Card,19,4,False,East,1218.03
8005,04-27-24,4144,26,Other,Books,50.84,8,5,20.34,406.72,386.38,Debit Card,12,5,False,West,993.31
8006,09-25-24,1587,34,Male,Clothing,67.43,2,15,20.23,134.86,114.63,Debit Card,21,5,False,East,871.93
8007,02-16-23,2881,49,Female,Electronics,1.79,2,0,0.0,3.58,3.58,Mobile Wallet,2,5,False,South,526.43
8008,09-06-23,1200,41,Female,Beauty,24.28,3,5,3.64,72.84,69.2,PayPal,20,2,False,East,1001.7
8009,12-19-24,1521,46,Male,Beauty,46.34,2,10,9.27,92.68,83.41,Mobile Wallet,18,4,False,East,177.25
8010,10-26-24,2887,43,Other,Clothing,94.24,5,10,47.12,471.2,424.08,PayPal,16,4,False,East,1389.3
8011,05-14-23,3552,38,Male,Electronics,63.25,1,5,3.16,63.25,60.09,Mobile Wallet,28,4,False,West,439.01
8012,01-15-23,4809,32,Female,Home & Garden,113.24,7,0,0.0,792.68,792.68,PayPal,9,5,False,East,962.68
8013,06-26-23,2711,17,Male,Beauty,4.32,8,20,6.91,34.56,27.65,Mobile Wallet,22,2,False,South,375.37
8014,10-09-24,1787,45,Male,Electronics,3.73,4,20,2.98,14.92,11.94,Debit Card,17,5,False,North,371.12
8015,02-21-23,4110,31,Other,Sports,62.51,7,15,65.64,437.57,371.93,Debit Card,25,5,False,South,863.55
8016,11-11-23,1059,10,Female,Beauty,25.42,9,5,11.44,228.78,217.34,PayPal,24,5,False,South,286.65
8017,04-10-23,1577,26,Female,Books,32.85,7,15,34.49,229.95,195.46,Mobile Wallet,18,5,False,East,564.63
8018,04-12-24,1320,47,Male,Clothing,46.36,2,10,9.27,92.72,83.45,PayPal,19,4,True,South,1005.46
8019,09-17-24,2458,6,Female,Electronics,213.23,2,20,85.29,426.46,341.17,Mobile Wallet,7,3,False,East,536.54
8020,06-24-23,4707,19,Female,Clothing,3.48,6,20,4.18,20.88,16.7,PayPal,4,5,False,East,16.7
8021,08-28-24,4747,37,Female,Books,5.76,8,15,6.91,46.08,39.17,Credit Card,8,5,False,North,2607.07
8022,03-07-23,4479,56,Female,Home & Garden,88.4,3,5,13.26,265.2,251.94,Debit Card,1,4,False,South,727.74
8023,04-19-23,3037,49,Other,Books,1.04,1,15,0.16,1.04,0.88,PayPal,10,5,False,South,1007.01
8024,04-27-23,1922,57,Other,Home & Garden,29.93,1,10,2.99,29.93,26.94,Credit Card,4,2,False,East,944.24
8025,05-24-24,2409,38,Other,Clothing,74.39,2,5,7.44,148.78,141.34,Debit Card,17,5,True,East,423.6
8026,09-01-24,2694,31,Other,Home & Garden,10.86,6,10,6.52,65.16,58.64,Credit Card,7,5,True,North,58.64
8027,09-22-24,1568,47,Other,Beauty,10.35,2,5,1.03,20.7,19.67,Mobile Wallet,25,4,False,West,150.53
8028,08-14-23,2101,21,Female,Home & Garden,18.57,6,15,16.71,111.42,94.71,Mobile Wallet,1,5,False,East,163.63
8029,03-06-23,4265,20,Male,Home & Garden,8.13,1,0,0.0,8.13,8.13,Mobile Wallet,16,5,False,North,25.06
8030,07-27-23,4356,17,Male,Beauty,56.75,9,15,76.61,510.75,434.14,PayPal,24,1,False,East,861.11
8031,03-12-24,1526,51,Other,Home & Garden,11.17,7,5,3.91,78.19,74.28,Credit Card,10,2,False,East,179.07
8032,12-12-23,3571,22,Female,Beauty,12.86,1,10,1.29,12.86,11.57,Credit Card,11,5,True,East,336.74
8033,11-25-24,3660,50,Other,Beauty,42.78,9,15,57.75,385.02,327.27,Mobile Wallet,6,1,False,West,1218.02
8034,02-16-24,4227,37,Male,Home & Garden,171.08,9,5,76.99,1539.72,1462.73,PayPal,22,5,False,West,1879.47
8035,11-29-23,4411,51,Female,Beauty,122.6,6,10,73.56,735.6,662.04,Mobile Wallet,24,5,False,East,705.7
8036,05-04-23,3172,18,Female,Electronics,99.94,2,10,19.99,199.88,179.89,PayPal,1,4,False,South,514.85
8037,12-01-24,1870,25,Female,Home & Garden,37.85,2,10,7.57,75.7,68.13,Debit Card,9,4,False,North,206.38
8038,08-12-24,1279,41,Male,Home & Garden,17.67,8,5,7.07,141.36,134.29,Credit Card,11,5,False,South,134.29
8039,07-12-24,3964,28,Male,Books,61.17,9,10,55.05,550.53,495.48,PayPal,6,5,False,South,2127.34
8040,05-21-23,4977,-2,Other,Books,24.68,4,10,9.87,98.72,88.85,Mobile Wallet,19,2,False,North,2212.31
8041,11-26-23,3669,14,Other,Books,75.23,2,15,22.57,150.46,127.89,PayPal,13,3,False,East,143.19
8042,08-07-23,3893,18,Male,Home & Garden,0.82,5,10,0.41,4.1,3.69,PayPal,17,5,False,West,148.77
8043,02-16-23,2892,19,Other,Books,37.7,7,0,0.0,263.9,263.9,Debit Card,14,5,False,East,401.27
8044,08-30-24,4729,45,Male,Electronics,20.58,4,5,4.12,82.32,78.2,Mobile Wallet,20,3,False,West,517.47
8045,06-27-23,2751,40,Female,Clothing,14.32,9,10,12.89,128.88,115.99,Credit Card,21,5,False,East,722.36
8046,12-10-23,4981,37,Other,Books,54.21,4,10,21.68,216.84,195.16,PayPal,4,5,False,North,711.39
8047,03-06-23,1673,65,Male,Beauty,53.7,8,20,85.92,429.6,343.68,Mobile Wallet,27,2,False,South,1150.08
8048,05-04-23,2151,52,Male,Books,1.89,3,15,0.85,5.67,4.82,Credit Card,7,4,False,South,281.76
8049,10-08-23,3361,47,Male,Electronics,147.54,6,10,88.52,885.24,796.72,PayPal,15,5,False,South,1289.51
8050,05-25-23,1331,12,Other,Beauty,22.46,6,15,20.21,134.76,114.55,PayPal,22,4,False,South,129.68
8051,03-01-24,2173,35,Other,Beauty,124.69,3,15,56.11,374.07,317.96,Mobile Wallet,29,3,False,North,360.26
8052,06-22-23,3039,39,Female,Beauty,43.82,2,0,0.0,87.64,87.64,Credit Card,10,5,False,South,331.96
8053,12-14-24,2477,28,Other,Beauty,52.86,6,5,15.86,317.16,301.3,Credit Card,5,4,False,West,301.3
8054,01-14-24,1035,60,Other,Sports,161.59,7,0,0.0,1131.13,1131.13,Debit Card,13,5,False,North,2042.26
8055,07-20-24,2708,35,Other,Sports,86.35,7,5,30.22,604.45,574.23,Debit Card,15,2,True,South,801.57
8056,06-18-23,2443,16,Female,Beauty,7.54,1,20,1.51,7.54,6.03,Mobile Wallet,3,4,False,West,80.13
8057,03-25-24,4093,20,Female,Beauty,0.26,6,0,0.0,1.56,1.56,Credit Card,25,4,False,North,141.68
8058,09-07-23,3253,69,Female,Beauty,18.45,9,15,24.91,166.05,141.14,PayPal,19,5,False,South,1611.22
8059,08-18-24,3686,28,Other,Electronics,33.52,9,10,30.17,301.68,271.51,Mobile Wallet,3,4,True,South,1686.8
8060,02-11-23,3895,3,Male,Books,65.87,2,20,26.35,131.74,105.39,Debit Card,19,5,False,South,946.77
8061,05-17-23,2379,26,Other,Clothing,54.09,4,5,10.82,216.36,205.54,Mobile Wallet,12,2,False,North,1292.5
8062,04-13-23,1439,7,Female,Beauty,18.76,6,0,0.0,112.56,112.56,Credit Card,14,5,True,North,112.56
8063,10-09-24,3776,48,Other,Books,39.04,4,20,31.23,156.16,124.93,Mobile Wallet,8,2,True,South,439.62
8064,09-19-24,2119,5,Other,Electronics,52.62,9,0,0.0,473.58,473.58,Debit Card,18,2,False,East,818.62
8065,01-21-24,3988,13,Male,Electronics,36.05,2,15,10.82,72.1,61.28,Credit Card,4,2,False,North,64.13
8066,06-11-23,1163,35,Male,Beauty,58.39,6,0,0.0,350.34,350.34,PayPal,29,5,False,West,537.82
8067,01-17-23,1147,51,Other,Home & Garden,33.2,1,5,1.66,33.2,31.54,Debit Card,24,5,False,West,1201.58
8068,05-13-24,4601,33,Female,Electronics,37.72,9,5,16.97,339.48,322.51,Debit Card,11,5,False,East,529.59
8069,03-24-23,3341,16,Other,Home & Garden,141.32,1,10,14.13,141.32,127.19,Debit Card,17,2,False,West,626.88
8070,01-07-23,1194,37,Other,Electronics,24.65,8,10,19.72,197.2,177.48,Mobile Wallet,19,5,False,West,450.08
8071,01-08-23,1662,27,Other,Home & Garden,70.47,9,5,31.71,634.23,602.52,Debit Card,4,4,False,West,1075.65
8072,07-03-23,1479,51,Female,Home & Garden,20.37,1,5,1.02,20.37,19.35,Mobile Wallet,6,5,False,North,396.2
8073,04-02-23,4948,47,Female,Beauty,20.16,1,5,1.01,20.16,19.15,Mobile Wallet,2,4,False,West,1050.22
8074,12-24-24,1122,26,Female,Beauty,130.64,7,20,182.9,914.48,731.58,Credit Card,7,5,False,East,1037.13
8075,10-29-24,2423,46,Female,Books,59.98,5,0,0.0,299.9,299.9,Credit Card,28,5,False,South,387.74
8076,08-30-24,3746,39,Female,Home & Garden,132.22,3,20,79.33,396.66,317.33,Debit Card,19,4,True,North,586.33
8077,10-18-23,1964,55,Other,Sports,260.9,9,15,352.22,2348.1,1995.88,Mobile Wallet,14,5,False,North,1995.88
8078,03-02-24,4523,46,Female,Electronics,0.01,2,10,0.0,0.02,0.02,PayPal,16,5,False,East,1599.81
8079,12-11-24,3708,43,Other,Beauty,204.17,6,0,0.0,1225.02,1225.02,Mobile Wallet,8,5,False,South,3560.74
8080,05-02-24,4175,54,Other,Clothing,5.32,4,10,2.13,21.28,19.15,Credit Card,18,5,False,North,1473.47
8081,12-09-24,2778,35,Other,Electronics,3.65,5,15,2.74,18.25,15.51,Credit Card,9,4,False,South,1423.83
8082,05-10-23,2485,23,Male,Books,73.01,2,5,7.3,146.02,138.72,Mobile Wallet,4,2,False,North,375.59
8083,07-31-23,4814,38,Female,Books,21.55,1,10,2.15,21.55,19.4,Mobile Wallet,14,5,False,East,421.26
8084,05-27-23,3014,29,Female,Home & Garden,124.94,9,5,56.22,1124.46,1068.24,Mobile Wallet,24,3,False,South,2359.01
8085,10-17-24,4789,44,Other,Books,39.32,3,10,11.8,117.96,106.16,PayPal,20,1,False,East,378.58
8086,10-05-23,1709,35,Male,Beauty,24.4,6,15,21.96,146.4,124.44,Mobile Wallet,22,4,False,South,799.02
8087,06-19-24,3443,41,Female,Books,3.81,9,10,3.43,34.29,30.86,Debit Card,24,5,False,North,440.78
8088,04-06-24,1911,16,Other,Electronics,31.24,1,15,4.69,31.24,26.55,Debit Card,21,5,True,North,26.55
8089,02-26-24,2360,42,Male,Sports,16.28,5,0,0.0,81.4,81.4,Credit Card,22,5,False,West,81.4
8090,09-02-23,4052,15,Other,Sports,3.99,4,20,3.19,15.96,12.77,PayPal,18,5,False,West,248.93
8091,06-28-23,4670,49,Male,Home & Garden,55.49,3,15,24.97,166.47,141.5,PayPal,20,5,False,East,284.03
8092,09-17-24,4213,49,Other,Books,189.35,2,10,37.87,378.7,340.83,Credit Card,5,5,False,West,340.83
8093,12-09-24,3364,40,Female,Books,23.81,3,0,0.0,71.43,71.43,Debit Card,1,5,True,South,146.43
8094,02-08-23,2734,39,Other,Sports,17.64,1,15,2.65,17.64,14.99,Debit Card,23,4,False,East,1220.91
8095,09-02-24,4629,31,Other,Home & Garden,4.71,1,10,0.47,4.71,4.24,PayPal,6,2,False,South,1010.19
8096,07-04-23,2823,25,Male,Books,12.63,8,15,15.16,101.04,85.88,Mobile Wallet,20,5,False,North,629.58
8097,05-26-24,4598,34,Male,Home & Garden,16.77,5,15,12.58,83.85,71.27,Mobile Wallet,4,3,False,West,545.25
8098,09-18-24,2579,64,Female,Beauty,21.09,2,5,2.11,42.18,40.07,PayPal,19,5,False,North,2448.24
8099,04-01-23,4472,38,Other,Electronics,50.25,3,10,15.08,150.75,135.67,PayPal,28,5,False,West,1601.72
8100,10-04-24,1680,14,Male,Beauty,6.1,2,20,2.44,12.2,9.76,PayPal,17,5,False,North,329.89
8101,11-05-23,2333,9,Female,Books,3.01,2,15,0.9,6.02,5.12,PayPal,6,3,False,West,164.98
8102,12-23-23,3542,13,Female,Books,133.38,4,0,0.0,533.52,533.52,PayPal,5,5,False,South,715.1
8103,03-04-24,1555,29,Male,Books,80.27,4,10,32.11,321.08,288.97,PayPal,6,4,False,North,1689.21
8104,01-05-23,1609,53,Male,Sports,16.3,7,20,22.82,114.1,91.28,PayPal,26,3,False,West,154.65
8105,07-25-24,4844,19,Other,Sports,50.92,2,10,10.18,101.84,91.66,PayPal,1,5,False,North,91.66
8106,08-30-23,3156,56,Female,Books,44.88,9,20,80.78,403.92,323.14,Mobile Wallet,18,4,False,South,2147.93
8107,07-16-23,4866,37,Male,Books,67.94,7,20,95.12,475.58,380.46,Credit Card,15,3,False,West,1006.91
8108,05-01-23,1371,42,Female,Electronics,98.05,4,15,58.83,392.2,333.37,Debit Card,16,4,True,North,586.34
8109,06-26-24,3902,41,Other,Electronics,22.14,7,5,7.75,154.98,147.23,Credit Card,23,3,False,South,1443.36
8110,04-08-23,1615,43,Male,Home & Garden,54.06,1,10,5.41,54.06,48.65,Credit Card,9,4,True,North,1295.49
8111,09-25-24,3815,28,Female,Home & Garden,80.98,7,0,0.0,566.86,566.86,PayPal,22,3,False,South,1164.7
8112,01-06-24,2914,0,Male,Sports,60.08,6,0,0.0,360.48,360.48,PayPal,22,4,False,West,1197.49
8113,07-06-24,3253,26,Other,Clothing,127.64,9,5,57.44,1148.76,1091.32,PayPal,5,5,False,East,1611.22
8114,06-03-24,1846,21,Other,Electronics,34.13,8,0,0.0,273.04,273.04,Credit Card,11,5,False,South,1285.14
8115,08-13-23,1042,39,Other,Home & Garden,81.14,2,10,16.23,162.28,146.05,Mobile Wallet,5,3,False,South,1061.36
8116,04-20-24,1864,38,Other,Electronics,120.25,3,0,0.0,360.75,360.75,PayPal,6,3,False,North,360.75
8117,10-03-24,2268,30,Male,Electronics,40.72,3,10,12.22,122.16,109.94,PayPal,2,1,False,West,313.66
8118,11-06-24,4358,61,Male,Beauty,0.87,6,20,1.04,5.22,4.18,Debit Card,10,3,False,West,477.74
8119,08-02-23,2378,25,Female,Clothing,85.19,2,15,25.56,170.38,144.82,Mobile Wallet,22,4,False,North,950.34
8120,10-11-23,1784,1,Female,Electronics,93.55,2,5,9.36,187.1,177.74,PayPal,4,4,False,North,234.85
8121,02-24-23,1475,36,Male,Beauty,25.53,4,5,5.11,102.12,97.01,Mobile Wallet,14,3,True,West,1111.97
8122,07-18-23,1082,52,Male,Clothing,13.01,1,0,0.0,13.01,13.01,Debit Card,3,3,False,North,696.84
8123,04-26-23,2133,39,Female,Beauty,191.18,1,10,19.12,191.18,172.06,Credit Card,13,4,False,East,486.75
8124,06-02-23,3237,29,Male,Beauty,40.11,1,15,6.02,40.11,34.09,Debit Card,23,4,False,North,56.5
8125,12-02-24,1799,38,Other,Clothing,36.3,5,0,0.0,181.5,181.5,Mobile Wallet,15,4,False,East,2357.1
8126,04-30-24,1935,62,Other,Electronics,146.01,9,15,197.11,1314.09,1116.98,PayPal,16,5,False,North,1746.6
8127,05-24-24,4980,21,Other,Electronics,26.22,4,10,10.49,104.88,94.39,PayPal,5,4,False,South,241.14
8128,06-30-23,3298,35,Female,Home & Garden,94.24,8,0,0.0,753.92,753.92,Debit Card,10,4,False,West,1048.68
8129,06-13-23,4795,45,Male,Electronics,60.31,7,0,0.0,422.17,422.17,Debit Card,3,3,False,South,880.56
8130,11-17-24,3338,38,Female,Electronics,171.66,6,15,154.49,1029.96,875.47,Mobile Wallet,16,4,False,South,1468.27
8131,02-14-23,2668,31,Female,Electronics,27.99,9,0,0.0,251.91,251.91,Mobile Wallet,8,5,True,North,1750.3
8132,02-25-23,4272,28,Male,Home & Garden,119.1,1,15,17.86,119.1,101.24,Mobile Wallet,16,5,False,West,1077.37
8133,10-22-24,4868,30,Female,Clothing,42.07,7,10,29.45,294.49,265.04,PayPal,5,4,False,East,979.25
8134,01-08-24,1325,42,Other,Home & Garden,32.3,9,15,43.6,290.7,247.1,Debit Card,11,3,True,South,247.1
8135,10-19-23,2534,42,Male,Electronics,18.24,2,10,3.65,36.48,32.83,Mobile Wallet,19,5,False,West,630.22
8136,08-03-23,4480,66,Other,Books,40.23,4,10,16.09,160.92,144.83,Debit Card,29,2,False,South,458.63
8137,03-21-24,4678,11,Other,Electronics,42.5,5,20,42.5,212.5,170.0,PayPal,16,3,False,East,448.68
8138,09-15-23,4861,61,Male,Home & Garden,114.33,5,15,85.75,571.65,485.9,Credit Card,14,3,False,East,671.1
8139,12-09-23,2985,31,Other,Beauty,60.88,7,5,21.31,426.16,404.85,Mobile Wallet,11,4,True,East,1265.88
8140,09-23-24,2964,33,Other,Beauty,87.57,8,20,140.11,700.56,560.45,Credit Card,14,4,False,South,585.04
8141,04-09-24,1836,47,Other,Home & Garden,73.3,9,20,131.94,659.7,527.76,PayPal,16,3,False,West,774.56
8142,02-14-23,1507,47,Male,Sports,16.19,5,15,12.14,80.95,68.81,Debit Card,25,5,False,East,794.82
8143,04-17-23,3778,52,Male,Beauty,11.52,2,20,4.61,23.04,18.43,Credit Card,18,5,True,North,18.43
8144,02-23-23,4672,55,Male,Books,14.95,2,20,5.98,29.9,23.92,Debit Card,3,5,True,West,1111.45
8145,07-04-24,3119,34,Female,Home & Garden,7.93,5,0,0.0,39.65,39.65,Mobile Wallet,3,4,False,North,239.55
8146,06-30-23,2270,55,Other,Beauty,24.38,5,10,12.19,121.9,109.71,Mobile Wallet,1,5,False,North,530.26
8147,06-11-23,1640,25,Female,Beauty,53.05,5,5,13.26,265.25,251.99,PayPal,12,4,False,West,482.87
8148,01-30-23,4795,30,Female,Clothing,38.5,6,15,34.65,231.0,196.35,Mobile Wallet,7,1,False,West,880.56
8149,05-11-24,3987,32,Other,Electronics,56.85,8,0,0.0,454.8,454.8,Debit Card,11,3,False,North,796.42
8150,06-11-24,2878,27,Male,Beauty,22.01,5,5,5.5,110.05,104.55,Mobile Wallet,13,4,False,North,1448.07
8151,04-29-23,1607,35,Female,Beauty,11.49,3,5,1.72,34.47,32.75,Credit Card,14,5,True,North,754.16
8152,03-14-23,4658,48,Male,Clothing,11.33,9,0,0.0,101.97,101.97,Debit Card,22,2,False,West,846.56
8153,08-29-23,2958,44,Male,Home & Garden,45.92,4,15,27.55,183.68,156.13,Mobile Wallet,12,5,False,North,240.8
8154,03-31-24,1565,25,Other,Home & Garden,8.97,8,10,7.18,71.76,64.58,Credit Card,6,5,False,South,159.57
8155,08-29-24,2367,24,Female,Clothing,25.31,9,0,0.0,227.79,227.79,Debit Card,6,1,False,North,1332.5
8156,08-16-24,4996,22,Female,Clothing,11.97,7,20,16.76,83.79,67.03,Credit Card,7,2,False,East,705.13
8157,11-30-23,3101,36,Male,Sports,54.35,3,5,8.15,163.05,154.9,Debit Card,6,2,False,South,922.2
8158,03-05-24,2753,11,Other,Electronics,47.78,6,20,57.34,286.68,229.34,Credit Card,28,5,False,West,1430.04
8159,07-23-23,3575,21,Female,Clothing,23.99,7,15,25.19,167.93,142.74,Credit Card,9,4,False,West,340.28
8160,11-24-24,3658,28,Male,Electronics,6.89,7,10,4.82,48.23,43.41,Mobile Wallet,21,4,False,South,264.29
8161,11-30-23,4603,50,Male,Beauty,11.9,8,10,9.52,95.2,85.68,PayPal,28,2,False,North,372.7
8162,08-24-23,2581,33,Male,Books,31.95,5,10,15.98,159.75,143.77,Mobile Wallet,27,4,False,North,1463.2
8163,04-23-23,2986,50,Other,Home & Garden,178.92,5,20,178.92,894.6,715.68,Debit Card,17,5,False,West,1096.52
8164,11-30-23,3240,37,Other,Clothing,15.79,2,15,4.74,31.58,26.84,Credit Card,17,2,True,South,362.03
8165,08-22-23,4966,27,Male,Books,10.61,2,20,4.24,21.22,16.98,Debit Card,15,5,False,North,17.76
8166,04-11-23,3105,28,Male,Home & Garden,12.47,4,5,2.49,49.88,47.39,Mobile Wallet,1,2,False,East,118.72
8167,08-31-23,4508,17,Other,Sports,61.57,7,10,43.1,430.99,387.89,Debit Card,14,5,False,South,1013.74
8168,02-27-24,4182,71,Male,Home & Garden,123.07,8,15,147.68,984.56,836.88,Mobile Wallet,2,3,False,West,907.37
8169,07-24-23,1128,51,Male,Clothing,3.91,3,20,2.35,11.73,9.38,Mobile Wallet,20,2,False,North,1736.64
8170,01-20-24,2872,44,Other,Books,69.17,1,20,13.83,69.17,55.34,PayPal,22,4,False,North,753.7
8171,08-14-23,1705,15,Male,Books,34.12,4,20,27.3,136.48,109.18,Mobile Wallet,7,5,False,North,109.18
8172,03-17-23,4996,28,Male,Books,87.2,6,20,104.64,523.2,418.56,Credit Card,13,2,True,West,705.13
8173,04-27-24,1851,20,Male,Home & Garden,27.37,6,20,32.84,164.22,131.38,Mobile Wallet,21,4,False,West,181.73
8174,08-22-24,4397,36,Other,Electronics,0.26,9,5,0.12,2.34,2.22,Mobile Wallet,7,4,False,South,1462.07
8175,05-11-24,1007,21,Other,Electronics,57.41,7,10,40.19,401.87,361.68,Credit Card,18,4,False,East,622.22
8176,02-25-23,3076,24,Other,Home & Garden,82.51,9,20,148.52,742.59,594.07,Mobile Wallet,6,5,False,East,964.4
8177,03-22-24,2135,21,Female,Clothing,116.15,5,5,29.04,580.75,551.71,Debit Card,19,4,False,West,2646.65
8178,05-29-23,3994,31,Female,Home & Garden,42.09,5,15,31.57,210.45,178.88,PayPal,28,5,False,South,1762.42
8179,08-10-23,4744,36,Female,Electronics,6.51,5,15,4.88,32.55,27.67,Credit Card,9,4,False,South,329.45
8180,09-16-24,3178,31,Female,Home & Garden,23.09,5,5,5.77,115.45,109.68,Credit Card,10,5,False,West,228.01
8181,04-10-24,3235,57,Other,Books,76.68,4,5,15.34,306.72,291.38,Debit Card,26,4,False,West,681.44
8182,07-02-23,2698,47,Male,Clothing,34.1,6,5,10.23,204.6,194.37,Credit Card,4,2,False,North,574.92
8183,02-01-24,3756,23,Other,Clothing,60.07,1,15,9.01,60.07,51.06,Debit Card,21,2,False,East,630.12
8184,01-18-24,2498,39,Female,Sports,0.24,2,20,0.1,0.48,0.38,Credit Card,28,4,False,North,0.38
8185,05-20-23,4435,24,Other,Home & Garden,3.79,9,10,3.41,34.11,30.7,Mobile Wallet,21,5,True,West,1153.07
8186,04-13-24,4275,29,Male,Beauty,57.15,6,20,68.58,342.9,274.32,Credit Card,12,2,True,South,534.81
8187,07-18-23,3259,42,Female,Beauty,17.14,6,0,0.0,102.84,102.84,PayPal,13,5,False,East,543.87
8188,10-09-24,2644,44,Male,Beauty,24.57,4,5,4.91,98.28,93.37,Credit Card,18,4,False,South,254.64
8189,01-03-24,1275,26,Male,Books,51.38,5,20,51.38,256.9,205.52,Credit Card,13,5,False,West,308.64
8190,10-04-23,4144,18,Male,Beauty,5.94,9,10,5.35,53.46,48.11,PayPal,20,3,False,East,993.31
8191,07-27-23,2702,36,Female,Home & Garden,89.4,2,20,35.76,178.8,143.04,Credit Card,23,2,True,West,357.6
8192,12-10-23,2795,41,Other,Sports,7.8,3,0,0.0,23.4,23.4,Debit Card,27,2,False,South,1019.54
8193,05-11-23,1242,25,Female,Sports,66.08,8,0,0.0,528.64,528.64,Debit Card,28,3,False,West,549.15
8194,02-02-23,4858,47,Female,Home & Garden,17.32,9,20,31.18,155.88,124.7,PayPal,18,3,False,North,1165.29
8195,12-09-24,4173,44,Other,Beauty,15.05,5,10,7.52,75.25,67.73,Mobile Wallet,5,2,False,East,652.95
8196,08-05-24,4034,25,Other,Home & Garden,86.09,3,20,51.65,258.27,206.62,Credit Card,16,3,True,West,206.62
8197,03-03-23,3732,51,Other,Home & Garden,40.17,1,5,2.01,40.17,38.16,PayPal,21,4,False,East,1002.0
8198,10-15-23,1170,52,Other,Electronics,11.5,2,10,2.3,23.0,20.7,PayPal,21,5,True,East,1153.46
8199,05-20-23,1652,66,Male,Sports,0.13,4,15,0.08,0.52,0.44,Credit Card,23,5,False,South,107.25
8200,04-24-23,2932,60,Female,Clothing,180.66,4,10,72.26,722.64,650.38,Mobile Wallet,10,3,False,North,1924.93
8201,04-21-24,3235,21,Female,Beauty,28.23,5,20,28.23,141.15,112.92,Credit Card,14,2,True,North,681.44
8202,04-14-24,4512,48,Female,Beauty,25.33,9,20,45.59,227.97,182.38,Credit Card,23,5,False,West,636.46
8203,03-04-24,2109,48,Other,Electronics,2.58,2,15,0.77,5.16,4.39,PayPal,28,4,False,East,64.07
8204,06-25-23,2499,29,Female,Books,112.41,2,0,0.0,224.82,224.82,Mobile Wallet,29,5,False,North,224.82
8205,12-18-23,3099,41,Male,Clothing,7.58,5,20,7.58,37.9,30.32,PayPal,15,4,False,West,140.18
8206,08-14-23,3158,6,Female,Clothing,20.43,2,0,0.0,40.86,40.86,Mobile Wallet,11,5,False,West,1915.25
8207,10-30-23,2972,6,Female,Clothing,27.33,5,0,0.0,136.65,136.65,Mobile Wallet,8,4,False,South,270.68
8208,09-10-24,3924,9,Male,Sports,83.06,5,5,20.76,415.3,394.54,PayPal,27,5,False,East,2101.77
8209,06-10-23,4925,40,Male,Books,22.27,7,0,0.0,155.89,155.89,Mobile Wallet,17,4,False,South,478.57
8210,10-15-24,2066,41,Female,Electronics,37.91,4,10,15.16,151.64,136.48,Credit Card,3,3,False,West,420.07
8211,09-18-24,3258,30,Other,Books,27.99,2,0,0.0,55.98,55.98,PayPal,1,5,False,South,359.04
8212,06-24-23,3035,60,Other,Beauty,18.69,8,5,7.48,149.52,142.04,PayPal,7,2,False,North,1136.43
8213,08-14-24,4271,49,Female,Electronics,146.22,1,20,29.24,146.22,116.98,Credit Card,21,4,False,East,391.42
8214,07-20-24,4881,11,Female,Sports,79.7,1,20,15.94,79.7,63.76,Mobile Wallet,2,5,False,South,63.76
8215,08-24-23,1857,32,Female,Beauty,9.58,7,15,10.06,67.06,57.0,Mobile Wallet,10,4,False,East,382.14
8216,03-30-23,4823,20,Female,Books,40.45,4,0,0.0,161.8,161.8,Mobile Wallet,18,2,False,East,299.66
8217,02-26-24,3674,41,Other,Clothing,79.62,3,10,23.89,238.86,214.97,Credit Card,7,3,True,South,445.48
8218,06-18-24,2049,34,Female,Books,43.35,1,15,6.5,43.35,36.85,PayPal,5,2,False,West,118.53
8219,05-15-24,4990,21,Male,Beauty,34.04,8,15,40.85,272.32,231.47,Debit Card,29,3,False,West,378.85
8220,08-10-23,1298,60,Other,Sports,3.74,8,5,1.5,29.92,28.42,PayPal,4,3,False,West,538.76
8221,08-28-24,4148,35,Other,Sports,5.61,4,20,4.49,22.44,17.95,Debit Card,14,5,True,North,17.95
8222,04-29-24,1923,28,Male,Sports,14.07,2,0,0.0,28.14,28.14,PayPal,24,5,True,West,39.33
8223,04-18-24,1136,31,Female,Electronics,36.02,4,0,0.0,144.08,144.08,Debit Card,3,2,False,North,994.9
8224,10-13-23,2043,59,Female,Books,218.29,7,20,305.61,1528.03,1222.42,Credit Card,13,4,False,East,2123.55
8225,01-15-23,3487,48,Female,Clothing,81.04,4,5,16.21,324.16,307.95,Mobile Wallet,3,3,False,North,853.71
8226,03-14-24,1210,32,Female,Clothing,5.83,3,5,0.87,17.49,16.62,Credit Card,8,4,True,East,16.62
8227,09-10-23,3799,20,Female,Home & Garden,63.16,1,5,3.16,63.16,60.0,Mobile Wallet,18,4,False,East,1590.58
8228,09-11-23,2574,22,Male,Sports,83.16,9,10,74.84,748.44,673.6,PayPal,19,5,False,South,1699.56
8229,12-02-23,3482,27,Female,Beauty,26.74,5,0,0.0,133.7,133.7,Credit Card,4,5,False,East,856.48
8230,03-20-24,1779,42,Male,Clothing,20.03,2,5,2.0,40.06,38.06,PayPal,10,4,False,South,246.16
8231,08-16-24,2230,46,Male,Sports,43.93,6,5,13.18,263.58,250.4,Mobile Wallet,3,4,False,North,1573.65
8232,08-16-23,3486,24,Male,Clothing,36.61,2,20,14.64,73.22,58.58,PayPal,12,4,True,West,289.5
8233,08-28-24,2802,47,Female,Books,15.41,6,15,13.87,92.46,78.59,Credit Card,24,4,False,South,1238.18
8234,06-02-23,3713,21,Female,Home & Garden,25.32,9,15,34.18,227.88,193.7,Debit Card,6,2,False,West,980.24
8235,08-10-24,2065,25,Other,Sports,39.31,2,15,11.79,78.62,66.83,Mobile Wallet,19,4,False,West,370.06
8236,01-06-23,1410,13,Other,Electronics,43.37,1,0,0.0,43.37,43.37,PayPal,23,4,True,North,43.37
8237,03-03-24,4594,12,Male,Electronics,37.94,7,10,26.56,265.58,239.02,Debit Card,4,4,True,West,305.12
8238,02-15-23,3853,21,Other,Clothing,93.58,8,0,0.0,748.64,748.64,Debit Card,3,4,False,South,2097.87
8239,02-11-23,3657,34,Male,Books,1.61,2,20,0.64,3.22,2.58,Credit Card,18,5,False,West,789.4
8240,04-26-24,1426,20,Other,Beauty,20.25,4,5,4.05,81.0,76.95,PayPal,8,5,False,North,124.62
8241,05-31-24,4346,57,Female,Sports,69.28,8,0,0.0,554.24,554.24,Credit Card,24,5,False,East,564.26
8242,02-04-23,2471,21,Female,Home & Garden,52.75,4,15,31.65,211.0,179.35,PayPal,2,5,False,South,444.55
8243,03-11-24,3949,37,Male,Books,125.21,9,10,112.69,1126.89,1014.2,Debit Card,25,5,False,North,1257.32
8244,06-27-24,1941,54,Male,Clothing,44.34,1,20,8.87,44.34,35.47,PayPal,28,5,False,South,1171.55
8245,02-08-24,2907,36,Female,Books,50.83,7,5,17.79,355.81,338.02,Mobile Wallet,7,5,False,East,709.2
8246,05-05-24,1741,29,Female,Home & Garden,61.03,3,10,18.31,183.09,164.78,Debit Card,11,3,False,West,497.61
8247,12-14-24,2392,37,Female,Books,10.3,3,0,0.0,30.9,30.9,Mobile Wallet,6,3,False,North,332.59
8248,04-11-23,2243,26,Other,Sports,69.97,7,0,0.0,489.79,489.79,Credit Card,19,3,False,East,2377.56
8249,04-08-24,2600,19,Other,Clothing,17.83,6,10,10.7,106.98,96.28,Mobile Wallet,3,4,False,South,96.28
8250,05-22-24,4938,44,Other,Home & Garden,27.63,3,10,8.29,82.89,74.6,Credit Card,13,4,False,West,230.35
8251,09-04-23,2255,26,Other,Clothing,0.71,2,5,0.07,1.42,1.35,Credit Card,20,5,False,East,894.62
8252,03-27-23,1327,49,Male,Beauty,92.76,6,15,83.48,556.56,473.08,Mobile Wallet,27,4,False,West,981.47
8253,07-25-24,2466,46,Male,Sports,153.41,7,10,107.39,1073.87,966.48,PayPal,25,5,False,North,2005.56
8254,01-13-23,3099,37,Other,Home & Garden,3.1,9,5,1.4,27.9,26.5,Mobile Wallet,24,5,False,East,140.18
8255,12-10-24,4957,49,Male,Beauty,50.42,9,10,45.38,453.78,408.4,PayPal,2,2,False,East,462.18
8256,02-21-24,2966,26,Other,Beauty,161.93,9,10,145.74,1457.37,1311.63,Credit Card,29,1,False,West,1311.63
8257,08-12-23,1375,46,Other,Beauty,46.68,1,15,7.0,46.68,39.68,Mobile Wallet,5,5,False,West,1104.0
8258,05-16-23,1262,46,Female,Home & Garden,79.96,4,5,15.99,319.84,303.85,Mobile Wallet,15,3,False,West,506.08
8259,01-03-24,1266,30,Other,Clothing,6.29,4,0,0.0,25.16,25.16,PayPal,10,3,False,North,138.25
8260,10-30-23,3406,28,Male,Books,14.04,8,5,5.62,112.32,106.7,Mobile Wallet,6,3,False,North,106.7
8261,09-02-23,4388,39,Other,Books,21.21,3,5,3.18,63.63,60.45,Mobile Wallet,14,3,False,West,399.55
8262,10-25-24,4395,64,Female,Beauty,198.61,1,5,9.93,198.61,188.68,PayPal,21,5,False,East,220.35
8263,04-03-23,2944,31,Male,Electronics,76.11,3,15,34.25,228.33,194.08,PayPal,1,5,False,South,1094.65
8264,01-17-23,4979,28,Female,Electronics,108.43,6,15,97.59,650.58,552.99,Debit Card,9,3,False,East,552.99
8265,05-06-24,4737,52,Other,Home & Garden,33.38,7,20,46.73,233.66,186.93,PayPal,10,4,True,East,3462.92
8266,11-16-24,2893,36,Other,Clothing,63.08,9,0,0.0,567.72,567.72,Credit Card,28,3,False,North,601.65
8267,11-09-23,2901,47,Other,Home & Garden,65.76,5,15,49.32,328.8,279.48,Credit Card,22,3,False,North,997.88
8268,06-15-23,3699,57,Other,Clothing,42.07,5,15,31.55,210.35,178.8,PayPal,21,4,False,North,847.93
8269,12-21-24,4634,6,Male,Sports,105.17,3,5,15.78,315.51,299.73,Debit Card,11,5,False,North,754.2
8270,04-15-24,2652,34,Other,Electronics,8.61,3,5,1.29,25.83,24.54,Debit Card,22,4,False,East,24.54
8271,08-07-24,2444,31,Female,Home & Garden,2.96,9,10,2.66,26.64,23.98,Mobile Wallet,19,5,False,North,186.6
8272,08-20-24,1045,20,Male,Sports,18.12,3,10,5.44,54.36,48.92,Debit Card,9,5,False,West,48.92
8273,01-25-23,4892,6,Male,Books,4.62,3,10,1.39,13.86,12.47,Credit Card,12,5,False,North,12.47
8274,04-10-24,1599,11,Male,Electronics,3.11,9,15,4.2,27.99,23.79,Credit Card,20,5,False,West,23.79
8275,04-19-24,1719,36,Female,Clothing,27.16,4,10,10.86,108.64,97.78,PayPal,6,3,False,West,2195.31
8276,05-22-23,2912,26,Female,Beauty,11.19,6,0,0.0,67.14,67.14,PayPal,16,5,False,West,95.45
8277,12-21-24,2292,22,Female,Books,78.07,1,10,7.81,78.07,70.26,Mobile Wallet,13,2,False,South,889.55
8278,02-20-24,1600,36,Female,Books,43.35,2,20,17.34,86.7,69.36,PayPal,6,3,False,South,1736.74
8279,07-09-23,1380,24,Other,Sports,22.36,3,20,13.42,67.08,53.66,Debit Card,13,5,False,South,781.31
8280,01-15-24,1117,54,Other,Home & Garden,16.88,2,5,1.69,33.76,32.07,Mobile Wallet,15,5,False,South,237.27
8281,10-03-24,4637,25,Female,Beauty,41.41,3,15,18.63,124.23,105.6,PayPal,18,2,False,East,471.53
8282,04-20-24,3163,57,Female,Home & Garden,28.46,5,20,28.46,142.3,113.84,PayPal,16,4,False,South,327.19
8283,12-21-24,4701,34,Other,Sports,2.87,1,0,0.0,2.87,2.87,PayPal,9,5,True,South,883.21
8284,10-10-24,1259,25,Other,Books,54.71,1,5,2.74,54.71,51.97,PayPal,18,5,False,South,51.97
8285,01-02-23,2098,24,Female,Electronics,34.63,7,20,48.48,242.41,193.93,PayPal,10,4,False,West,1495.52
8286,10-04-24,2503,57,Male,Books,16.21,9,10,14.59,145.89,131.3,Credit Card,12,5,False,East,519.08
8287,03-14-23,3352,45,Male,Sports,17.15,9,20,30.87,154.35,123.48,Mobile Wallet,5,5,False,West,2555.84
8288,01-30-24,3054,23,Female,Books,30.15,7,20,42.21,211.05,168.84,Credit Card,27,4,False,West,612.37
8289,12-08-24,1365,36,Male,Beauty,87.89,2,5,8.79,175.78,166.99,Mobile Wallet,2,5,False,West,1501.83
8290,12-07-23,2657,0,Other,Books,27.5,7,15,28.88,192.5,163.62,Debit Card,9,5,False,East,1219.34
8291,06-27-24,3570,15,Male,Books,91.5,9,10,82.35,823.5,741.15,Debit Card,18,5,False,East,936.13
8292,02-03-23,4419,23,Female,Books,27.66,7,10,19.36,193.62,174.26,Debit Card,24,4,False,South,290.93
8293,10-31-23,2461,23,Male,Electronics,88.57,2,10,17.71,177.14,159.43,Mobile Wallet,27,5,False,West,676.27
8294,03-12-24,3024,53,Male,Clothing,134.07,7,10,93.85,938.49,844.64,Credit Card,27,4,False,West,1305.29
8295,10-04-23,4286,6,Male,Clothing,1.04,4,15,0.62,4.16,3.54,Credit Card,1,5,False,East,435.48
8296,12-15-24,3476,13,Other,Home & Garden,3.21,8,10,2.57,25.68,23.11,PayPal,14,4,False,East,461.41
8297,09-19-24,1790,41,Other,Clothing,7.19,3,15,3.24,21.57,18.33,Mobile Wallet,3,3,False,West,646.67
8298,07-09-24,4569,38,Other,Clothing,6.51,5,5,1.63,32.55,30.92,Debit Card,23,5,True,South,65.98
8299,08-12-24,4611,29,Female,Clothing,30.3,3,0,0.0,90.9,90.9,Mobile Wallet,11,4,True,East,943.35
8300,08-01-23,1746,65,Male,Books,72.2,7,15,75.81,505.4,429.59,PayPal,22,2,False,East,688.37
8301,12-02-24,3414,44,Other,Books,162.63,3,10,48.79,487.89,439.1,Credit Card,27,5,False,East,582.24
8302,03-24-23,1312,53,Other,Beauty,27.05,5,5,6.76,135.25,128.49,PayPal,18,3,False,West,1104.04
8303,09-27-24,1537,34,Male,Electronics,58.31,1,5,2.92,58.31,55.39,PayPal,25,4,False,West,308.51
8304,12-10-23,1920,26,Female,Books,50.46,4,20,40.37,201.84,161.47,PayPal,2,5,True,West,1738.92
8305,02-26-23,2077,27,Male,Books,24.98,6,20,29.98,149.88,119.9,PayPal,22,5,False,South,897.95
8306,06-11-24,4612,48,Female,Clothing,63.85,2,0,0.0,127.7,127.7,Credit Card,17,3,False,West,343.02
8307,11-21-24,2490,46,Male,Electronics,44.82,6,0,0.0,268.92,268.92,Credit Card,27,3,False,West,633.69
8308,01-08-24,3912,31,Other,Electronics,71.34,7,20,99.88,499.38,399.5,Credit Card,3,2,False,West,914.65
8309,02-22-23,4235,42,Other,Clothing,10.76,8,20,17.22,86.08,68.86,Credit Card,21,2,False,East,1186.77
8310,04-24-23,3829,49,Other,Clothing,22.34,3,5,3.35,67.02,63.67,Debit Card,7,3,False,North,63.67
8311,01-28-24,3381,26,Female,Electronics,55.62,3,15,25.03,166.86,141.83,Mobile Wallet,3,4,False,East,1316.16
8312,01-10-24,4618,29,Male,Sports,6.67,5,20,6.67,33.35,26.68,Debit Card,25,3,True,South,556.47
8313,04-21-24,1797,41,Female,Clothing,73.57,3,10,22.07,220.71,198.64,PayPal,15,5,False,North,435.51
8314,09-25-24,1347,8,Other,Clothing,7.16,9,15,9.67,64.44,54.77,PayPal,4,5,False,North,667.13
8315,02-11-23,1272,41,Female,Electronics,19.61,7,15,20.59,137.27,116.68,PayPal,25,4,False,South,1033.44
8316,01-10-24,4010,18,Female,Sports,13.56,5,10,6.78,67.8,61.02,PayPal,15,5,False,West,486.53
8317,01-11-24,1719,49,Female,Beauty,3.15,5,10,1.58,15.75,14.17,Debit Card,3,4,False,East,2195.31
8318,06-29-23,2773,67,Male,Sports,15.78,1,10,1.58,15.78,14.2,Credit Card,11,4,False,South,723.11
8319,10-25-24,4485,24,Female,Home & Garden,121.24,9,5,54.56,1091.16,1036.6,PayPal,28,5,False,South,2140.45
8320,07-26-24,3547,14,Female,Sports,1.36,2,20,0.54,2.72,2.18,Debit Card,3,5,False,South,577.93
8321,12-22-24,4164,32,Female,Clothing,0.85,7,20,1.19,5.95,4.76,Debit Card,29,4,True,North,545.54
8322,03-10-23,1684,31,Other,Books,60.91,7,5,21.32,426.37,405.05,PayPal,20,5,False,East,3778.81
8323,07-28-24,3126,44,Other,Electronics,22.85,2,15,6.86,45.7,38.84,PayPal,18,5,False,South,640.74
8324,12-27-24,1621,38,Male,Beauty,13.05,8,5,5.22,104.4,99.18,Debit Card,14,4,False,East,264.87
8325,07-29-23,3039,30,Other,Clothing,35.55,8,20,56.88,284.4,227.52,Mobile Wallet,21,1,False,North,331.96
8326,05-22-23,4288,36,Male,Beauty,15.51,9,0,0.0,139.59,139.59,Debit Card,9,4,False,East,589.05
8327,12-09-23,1946,18,Other,Electronics,24.88,2,5,2.49,49.76,47.27,Mobile Wallet,15,5,False,South,1677.56
8328,09-02-23,3405,47,Male,Beauty,62.82,1,0,0.0,62.82,62.82,PayPal,8,1,False,North,62.82
8329,07-06-24,3665,59,Male,Sports,6.22,9,0,0.0,55.98,55.98,Credit Card,8,3,False,North,320.55
8330,04-27-23,1506,17,Male,Electronics,160.52,3,10,48.16,481.56,433.4,Credit Card,8,5,True,North,433.4
8331,10-26-24,2582,11,Other,Clothing,2.17,2,10,0.43,4.34,3.91,Mobile Wallet,24,4,False,North,73.83
8332,05-04-24,4252,28,Female,Books,82.13,2,10,16.43,164.26,147.83,PayPal,14,3,False,South,223.07
8333,08-17-24,3623,16,Other,Clothing,64.47,2,0,0.0,128.94,128.94,PayPal,6,5,False,South,156.71
8334,12-20-24,4317,15,Female,Home & Garden,16.57,8,20,26.51,132.56,106.05,Mobile Wallet,29,4,False,West,106.05
8335,08-03-23,1243,13,Other,Electronics,6.3,3,10,1.89,18.9,17.01,Credit Card,13,4,False,East,64.51
8336,08-19-23,1505,32,Female,Clothing,95.65,1,10,9.56,95.65,86.09,Debit Card,7,3,False,North,86.09
8337,11-25-23,1421,28,Other,Sports,56.91,8,15,68.29,455.28,386.99,Mobile Wallet,27,5,False,East,1726.27
8338,12-28-23,4391,40,Male,Sports,17.19,2,0,0.0,34.38,34.38,PayPal,15,5,False,North,1229.25
8339,10-01-23,4158,26,Male,Beauty,0.85,6,0,0.0,5.1,5.1,PayPal,10,5,False,East,41.19
8340,05-30-24,3264,16,Male,Clothing,139.43,8,10,111.54,1115.44,1003.9,Credit Card,12,5,False,East,1410.42
8341,11-27-24,4561,34,Female,Beauty,25.9,9,15,34.97,233.1,198.13,Mobile Wallet,5,4,False,South,4162.09
8342,03-09-24,4590,19,Female,Home & Garden,9.7,1,15,1.46,9.7,8.24,Mobile Wallet,22,5,False,West,382.65
8343,10-11-23,4349,42,Male,Electronics,121.43,9,5,54.64,1092.87,1038.23,Mobile Wallet,3,4,False,North,1247.33
8344,02-25-23,2872,10,Female,Home & Garden,22.24,8,5,8.9,177.92,169.02,PayPal,5,5,False,West,753.7
8345,03-06-23,4793,2,Male,Books,31.11,6,10,18.67,186.66,167.99,Debit Card,26,3,False,East,658.01
8346,01-17-24,4056,10,Other,Beauty,59.97,5,0,0.0,299.85,299.85,Mobile Wallet,12,5,False,East,600.39
8347,12-20-23,2192,28,Female,Clothing,85.58,6,15,77.02,513.48,436.46,Debit Card,3,5,False,North,436.46
8348,04-08-24,1329,30,Female,Beauty,5.28,2,15,1.58,10.56,8.98,PayPal,21,4,False,West,137.06
8349,05-12-24,1649,37,Other,Home & Garden,114.47,3,15,51.51,343.41,291.9,Debit Card,26,5,False,East,648.58
8350,05-28-24,2464,26,Female,Books,134.81,9,0,0.0,1213.29,1213.29,Debit Card,1,4,False,North,2335.55
8351,06-23-24,1390,22,Female,Home & Garden,15.01,3,5,2.25,45.03,42.78,Debit Card,17,4,False,West,599.61
8352,05-06-23,2519,56,Female,Books,34.4,7,10,24.08,240.8,216.72,PayPal,10,5,False,East,365.62
8353,04-26-24,1380,52,Other,Sports,97.55,4,5,19.51,390.2,370.69,PayPal,6,3,True,South,781.31
8354,12-27-24,4377,49,Male,Sports,33.41,9,15,45.1,300.69,255.59,PayPal,24,5,False,South,368.5
8355,06-28-24,1741,39,Male,Clothing,32.89,4,15,19.73,131.56,111.83,Debit Card,20,3,False,West,497.61
8356,11-25-24,3010,40,Other,Home & Garden,48.19,6,0,0.0,289.14,289.14,Credit Card,13,4,False,East,703.35
8357,06-29-24,1819,22,Other,Sports,72.93,2,0,0.0,145.86,145.86,Credit Card,15,5,True,South,582.63
8358,10-27-23,1672,37,Other,Beauty,54.77,7,0,0.0,383.39,383.39,Credit Card,23,1,False,East,566.65
8359,04-07-24,3560,20,Male,Electronics,49.25,3,10,14.78,147.75,132.97,Debit Card,21,2,False,South,1088.54
8360,09-27-24,2771,19,Other,Beauty,23.23,1,20,4.65,23.23,18.58,Credit Card,2,5,True,South,104.82
8361,01-12-24,3996,10,Male,Sports,49.72,7,20,69.61,348.04,278.43,PayPal,21,5,False,North,468.22
8362,11-20-24,2211,41,Other,Sports,5.45,5,10,2.72,27.25,24.53,Debit Card,28,5,False,North,82.42
8363,12-10-24,1929,37,Female,Home & Garden,26.34,7,10,18.44,184.38,165.94,Mobile Wallet,2,4,False,South,1234.22
8364,03-09-23,2539,30,Male,Books,10.43,1,10,1.04,10.43,9.39,Credit Card,25,5,False,East,9.39
8365,07-12-23,1912,28,Male,Electronics,38.56,5,5,9.64,192.8,183.16,Debit Card,17,5,False,West,1022.31
8366,04-13-24,1643,7,Other,Electronics,15.19,2,10,3.04,30.38,27.34,Mobile Wallet,19,4,False,East,742.5
8367,03-31-23,1426,38,Female,Books,35.25,1,5,1.76,35.25,33.49,Debit Card,1,5,False,North,124.62
8368,03-24-23,1501,30,Male,Home & Garden,75.1,6,0,0.0,450.6,450.6,Mobile Wallet,5,2,False,North,450.6
8369,02-05-24,1729,48,Other,Sports,28.46,5,15,21.34,142.3,120.96,PayPal,28,4,False,South,695.05
8370,07-03-23,2283,37,Female,Books,12.34,4,20,9.87,49.36,39.49,Debit Card,20,4,True,East,325.96
8371,10-23-23,4584,45,Male,Electronics,12.61,1,15,1.89,12.61,10.72,PayPal,27,4,True,East,1722.34
8372,03-20-23,3118,34,Other,Electronics,118.36,5,20,118.36,591.8,473.44,PayPal,16,2,False,South,522.94
8373,04-22-23,3525,37,Female,Sports,75.91,7,0,0.0,531.37,531.37,Mobile Wallet,22,4,False,West,686.17
8374,06-18-23,4249,48,Male,Sports,1.86,1,20,0.37,1.86,1.49,Credit Card,5,2,False,North,1688.21
8375,10-10-23,1456,32,Male,Clothing,142.99,4,0,0.0,571.96,571.96,Mobile Wallet,23,4,False,West,1599.0
8376,04-25-23,3236,42,Female,Beauty,5.97,6,15,5.37,35.82,30.45,Credit Card,23,4,False,East,245.69
8377,12-14-24,1290,28,Other,Books,52.91,8,5,21.16,423.28,402.12,Mobile Wallet,10,4,False,South,402.12
8378,06-01-23,4591,33,Other,Sports,40.09,7,20,56.13,280.63,224.5,Debit Card,27,5,True,South,1650.7
8379,05-23-24,4836,58,Female,Clothing,2.39,7,10,1.67,16.73,15.06,Credit Card,21,2,False,East,20.4
8380,06-04-23,1919,44,Male,Home & Garden,17.49,8,5,7.0,139.92,132.92,Debit Card,10,5,False,South,430.18
8381,07-29-23,3339,26,Female,Electronics,74.77,7,5,26.17,523.39,497.22,Mobile Wallet,1,4,False,South,577.19
8382,06-17-24,2969,41,Female,Books,18.33,4,0,0.0,73.32,73.32,PayPal,9,3,False,North,787.33
8383,10-04-24,1755,15,Female,Beauty,32.73,6,15,29.46,196.38,166.92,Mobile Wallet,18,3,False,North,182.23
8384,01-24-23,2658,31,Male,Home & Garden,59.86,2,10,11.97,119.72,107.75,Debit Card,7,5,True,North,229.63
8385,10-28-23,2834,20,Female,Books,3.71,8,15,4.45,29.68,25.23,Mobile Wallet,19,5,False,West,218.62
8386,03-02-24,2306,41,Female,Books,89.37,3,15,40.22,268.11,227.89,PayPal,26,1,False,North,681.69
8387,11-29-24,2567,32,Male,Sports,2.12,4,5,0.42,8.48,8.06,PayPal,22,2,False,West,1230.31
8388,07-08-24,2869,39,Male,Clothing,15.22,2,10,3.04,30.44,27.4,Mobile Wallet,16,5,False,East,384.55
8389,05-16-23,1376,46,Female,Books,72.0,9,20,129.6,648.0,518.4,Mobile Wallet,21,4,False,West,518.4
8390,04-30-24,4729,28,Other,Beauty,121.45,2,10,24.29,242.9,218.61,Debit Card,6,5,False,North,517.47
8391,12-22-23,2179,28,Female,Home & Garden,71.43,6,0,0.0,428.58,428.58,PayPal,10,5,False,East,647.25
8392,03-06-24,1507,34,Male,Beauty,12.87,3,5,1.93,38.61,36.68,Credit Card,5,5,False,East,794.82
8393,03-30-24,2436,22,Male,Books,212.46,6,10,127.48,1274.76,1147.28,Debit Card,29,3,False,East,1147.28
8394,10-22-24,3575,34,Male,Beauty,26.67,4,0,0.0,106.68,106.68,Credit Card,25,3,False,East,340.28
8395,01-22-23,4426,35,Other,Beauty,23.62,8,20,37.79,188.96,151.17,PayPal,13,5,False,East,1027.19
8396,10-26-23,1558,38,Male,Clothing,100.21,3,15,45.09,300.63,255.54,PayPal,12,4,False,North,1467.5
8397,07-13-23,4834,41,Other,Electronics,3.43,8,15,4.12,27.44,23.32,Debit Card,24,4,False,West,23.32
8398,03-06-23,4258,10,Male,Books,40.61,3,0,0.0,121.83,121.83,PayPal,17,5,True,East,712.27
8399,01-23-23,4102,15,Male,Home & Garden,168.52,5,5,42.13,842.6,800.47,Credit Card,25,4,False,West,800.47
8400,08-26-23,3307,17,Female,Electronics,5.28,2,15,1.58,10.56,8.98,Mobile Wallet,2,5,False,East,322.04
8401,06-16-24,1420,36,Other,Beauty,38.92,6,5,11.68,233.52,221.84,Debit Card,5,5,False,West,250.86
8402,10-22-24,2552,30,Female,Electronics,7.1,7,5,2.48,49.7,47.22,Mobile Wallet,22,4,False,South,383.58
8403,12-10-23,4622,0,Other,Sports,110.35,8,15,132.42,882.8,750.38,Mobile Wallet,10,3,False,North,853.48
8404,02-26-24,1303,64,Male,Sports,44.31,4,20,35.45,177.24,141.79,Debit Card,29,2,False,South,257.47
8405,08-15-24,1941,5,Male,Books,13.37,9,10,12.03,120.33,108.3,Credit Card,1,3,False,North,1171.55
8406,12-18-23,4110,35,Other,Home & Garden,18.34,2,15,5.5,36.68,31.18,PayPal,12,2,False,North,863.55
8407,11-02-24,4560,43,Female,Sports,36.35,8,10,29.08,290.8,261.72,PayPal,14,1,False,East,649.98
8408,10-23-24,4715,24,Other,Beauty,64.61,6,5,19.38,387.66,368.28,Debit Card,23,1,False,South,518.47
8409,12-01-23,3589,44,Other,Clothing,33.42,4,20,26.74,133.68,106.94,Credit Card,8,4,False,South,124.3
8410,05-12-24,4741,19,Other,Clothing,10.49,2,5,1.05,20.98,19.93,Debit Card,17,5,True,West,425.95
8411,08-30-24,2301,37,Male,Beauty,61.57,4,20,49.26,246.28,197.02,Debit Card,11,5,True,East,1075.28
8412,11-12-24,4274,2,Other,Electronics,6.3,3,0,0.0,18.9,18.9,PayPal,26,3,False,South,115.2
8413,12-14-24,2089,52,Male,Beauty,82.88,4,20,66.3,331.52,265.22,Debit Card,20,5,True,North,1387.25
8414,06-26-24,3155,35,Female,Electronics,25.18,4,20,20.14,100.72,80.58,Credit Card,2,4,False,West,313.8
8415,07-15-24,3315,11,Male,Electronics,52.88,7,5,18.51,370.16,351.65,Credit Card,5,4,True,North,535.54
8416,03-31-24,3269,44,Female,Clothing,21.13,1,15,3.17,21.13,17.96,Credit Card,18,5,False,North,204.84
8417,04-13-24,2827,59,Female,Sports,55.29,9,15,74.64,497.61,422.97,Credit Card,9,3,False,West,1613.86
8418,11-08-23,2553,21,Female,Beauty,110.0,5,10,55.0,550.0,495.0,PayPal,9,4,False,North,1039.57
8419,08-03-24,4161,31,Male,Sports,60.43,3,0,0.0,181.29,181.29,PayPal,10,4,False,West,1248.66
8420,05-16-23,1692,27,Other,Books,55.65,7,20,77.91,389.55,311.64,PayPal,21,3,False,West,423.83
8421,11-10-23,1254,23,Male,Home & Garden,70.82,7,10,49.57,495.74,446.17,PayPal,21,4,False,East,446.17
8422,06-25-23,2478,21,Female,Clothing,34.68,8,20,55.49,277.44,221.95,Credit Card,4,2,False,West,1946.55
8423,09-24-23,3300,25,Other,Electronics,12.44,4,20,9.95,49.76,39.81,Credit Card,17,4,False,East,1700.69
8424,08-21-23,1256,26,Male,Home & Garden,84.51,9,0,0.0,760.59,760.59,Debit Card,26,2,False,West,779.46
8425,05-10-24,3430,29,Female,Electronics,52.27,2,0,0.0,104.54,104.54,Debit Card,12,1,False,East,411.78
8426,01-16-24,1441,28,Female,Home & Garden,18.83,6,10,11.3,112.98,101.68,PayPal,3,4,False,South,548.78
8427,10-23-23,2881,46,Other,Home & Garden,16.14,3,15,7.26,48.42,41.16,Debit Card,4,5,False,West,526.43
8428,02-18-23,3646,45,Male,Sports,34.65,8,20,55.44,277.2,221.76,PayPal,23,3,False,South,221.76
8429,06-01-23,2113,11,Other,Books,11.62,8,5,4.65,92.96,88.31,PayPal,7,5,False,South,642.88
8430,12-28-23,4820,26,Other,Books,105.28,6,10,63.17,631.68,568.51,PayPal,27,3,False,West,1152.7
8431,10-19-23,3437,53,Other,Electronics,77.69,4,20,62.15,310.76,248.61,Mobile Wallet,23,1,False,West,260.28
8432,04-11-24,1581,39,Other,Clothing,18.43,8,0,0.0,147.44,147.44,Debit Card,23,1,False,South,1146.82
8433,06-20-23,4115,40,Male,Books,2.53,6,0,0.0,15.18,15.18,Debit Card,11,5,False,West,494.54
8434,09-25-24,2735,38,Other,Clothing,2.66,9,0,0.0,23.94,23.94,PayPal,4,5,False,East,529.35
8435,06-14-23,4735,31,Female,Electronics,17.63,7,0,0.0,123.41,123.41,Credit Card,25,5,False,South,1624.08
8436,12-29-24,3645,34,Female,Clothing,7.98,9,15,10.77,71.82,61.05,Mobile Wallet,20,2,False,West,383.07
8437,07-02-24,1018,28,Female,Home & Garden,103.31,8,15,123.97,826.48,702.51,Debit Card,28,4,False,South,1186.82
8438,10-20-23,2124,47,Other,Home & Garden,27.3,4,20,21.84,109.2,87.36,Credit Card,6,5,False,South,306.74
8439,07-06-23,4985,29,Female,Electronics,21.39,6,20,25.67,128.34,102.67,PayPal,1,5,False,North,174.99
8440,06-29-23,3654,33,Male,Clothing,12.29,7,10,8.6,86.03,77.43,PayPal,1,3,False,West,162.63
8441,12-26-24,4837,46,Other,Clothing,92.01,4,0,0.0,368.04,368.04,Debit Card,6,5,False,East,959.12
8442,12-10-24,2380,30,Other,Electronics,78.62,4,0,0.0,314.48,314.48,Debit Card,1,5,False,East,1023.57
8443,11-13-24,2565,33,Other,Books,24.25,3,5,3.64,72.75,69.11,Mobile Wallet,15,3,False,East,258.41
8444,06-07-23,4832,29,Male,Sports,9.28,6,5,2.78,55.68,52.9,Debit Card,1,1,False,North,250.24
8445,06-15-23,3080,33,Other,Books,151.82,2,0,0.0,303.64,303.64,Mobile Wallet,6,4,False,East,303.64
8446,09-01-23,2993,30,Other,Beauty,18.98,4,5,3.8,75.92,72.12,PayPal,24,5,False,East,700.88
8447,04-30-23,4300,26,Female,Sports,73.72,8,5,29.49,589.76,560.27,Credit Card,9,3,False,East,970.41
8448,02-12-23,2547,24,Female,Clothing,31.09,3,0,0.0,93.27,93.27,Credit Card,6,3,False,West,405.6
8449,11-21-23,4701,32,Other,Sports,76.08,8,15,91.3,608.64,517.34,Mobile Wallet,17,2,False,South,883.21
8450,08-11-24,1861,50,Male,Sports,32.85,7,15,34.49,229.95,195.46,Mobile Wallet,28,5,False,South,1902.12
8451,05-10-23,1154,44,Female,Clothing,129.89,7,20,181.85,909.23,727.38,Debit Card,23,2,False,East,1603.55
8452,03-27-24,4494,11,Other,Home & Garden,80.58,9,15,108.78,725.22,616.44,Debit Card,18,5,False,West,749.93
8453,09-24-23,1904,28,Female,Sports,15.07,4,0,0.0,60.28,60.28,Debit Card,23,5,False,West,157.76
8454,01-14-24,2269,25,Female,Electronics,28.14,8,5,11.26,225.12,213.86,Credit Card,26,5,True,West,641.25
8455,07-08-23,1404,11,Male,Books,5.3,2,0,0.0,10.6,10.6,Debit Card,26,5,False,North,604.57
8456,07-30-23,1843,39,Other,Clothing,116.9,3,10,35.07,350.7,315.63,Debit Card,20,5,False,West,466.76
8457,07-29-24,2782,33,Female,Clothing,3.59,4,5,0.72,14.36,13.64,PayPal,1,4,False,South,276.49
8458,12-25-24,2564,65,Other,Sports,0.92,9,0,0.0,8.28,8.28,Mobile Wallet,27,4,False,North,200.9
8459,02-05-23,2184,29,Male,Home & Garden,34.3,1,20,6.86,34.3,27.44,Debit Card,25,2,False,West,2317.61
8460,11-12-24,1746,23,Male,Home & Garden,46.21,7,20,64.69,323.47,258.78,PayPal,16,4,False,North,688.37
8461,11-21-23,2725,21,Female,Books,12.63,2,5,1.26,25.26,24.0,Credit Card,29,2,False,North,217.4
8462,12-19-23,4188,28,Male,Books,42.26,5,15,31.7,211.3,179.6,Debit Card,16,4,False,East,323.39
8463,06-01-23,1270,43,Female,Home & Garden,112.96,1,20,22.59,112.96,90.37,Credit Card,1,5,False,West,291.24
8464,01-17-24,1769,45,Other,Beauty,49.19,6,10,29.51,295.14,265.63,Credit Card,7,4,False,South,1138.51
8465,04-04-24,2715,78,Female,Home & Garden,30.42,3,5,4.56,91.26,86.7,Credit Card,14,4,False,West,622.45
8466,07-06-24,2510,16,Female,Home & Garden,7.8,6,10,4.68,46.8,42.12,Credit Card,15,5,False,East,513.82
8467,06-16-23,4956,36,Male,Sports,9.25,8,5,3.7,74.0,70.3,Mobile Wallet,6,5,False,East,815.19
8468,06-30-24,1171,24,Other,Electronics,33.12,8,15,39.74,264.96,225.22,Credit Card,23,2,False,West,1182.18
8469,11-05-23,1273,40,Other,Books,31.1,4,0,0.0,124.4,124.4,PayPal,26,4,False,South,939.46
8470,05-05-23,3306,55,Female,Beauty,36.95,7,5,12.93,258.65,245.72,PayPal,17,4,False,West,1062.87
8471,01-26-23,2158,47,Other,Beauty,35.45,6,0,0.0,212.7,212.7,Credit Card,17,3,True,North,676.44
8472,02-19-24,2706,16,Other,Clothing,20.87,2,5,2.09,41.74,39.65,Credit Card,6,5,False,East,102.87
8473,05-26-24,4793,45,Female,Home & Garden,59.51,6,15,53.56,357.06,303.5,Mobile Wallet,13,4,False,North,658.01
8474,05-29-23,2771,3,Female,Home & Garden,11.93,2,10,2.39,23.86,21.47,Debit Card,24,5,False,West,104.82
8475,04-14-24,1421,0,Other,Electronics,95.64,4,0,0.0,382.56,382.56,Credit Card,11,4,False,North,1726.27
8476,11-24-23,2444,31,Female,Home & Garden,10.81,5,10,5.4,54.05,48.65,PayPal,19,2,False,North,186.6
8477,06-09-23,2209,44,Male,Books,26.88,9,5,12.1,241.92,229.82,PayPal,10,4,False,West,1293.87
8478,01-05-23,3411,40,Other,Beauty,11.83,3,5,1.77,35.49,33.72,Mobile Wallet,27,3,False,South,47.61
8479,07-13-24,4678,63,Female,Home & Garden,48.18,5,15,36.14,240.9,204.76,PayPal,2,2,False,West,448.68
8480,06-03-24,3425,36,Other,Electronics,32.47,2,5,3.25,64.94,61.69,PayPal,20,5,False,North,187.93
8481,12-06-23,4594,33,Other,Sports,23.45,3,15,10.55,70.35,59.8,Credit Card,8,4,False,South,305.12
8482,10-24-24,1579,52,Male,Books,32.23,5,5,8.06,161.15,153.09,Mobile Wallet,15,5,False,South,831.68
8483,12-23-24,1890,29,Male,Sports,27.34,7,10,19.14,191.38,172.24,PayPal,29,5,False,East,979.5
8484,10-30-23,1721,40,Other,Clothing,96.61,6,5,28.98,579.66,550.68,PayPal,9,4,False,North,552.52
8485,04-30-24,4267,41,Male,Electronics,6.63,2,0,0.0,13.26,13.26,Mobile Wallet,13,3,False,West,1287.03
8486,10-24-23,1880,20,Female,Clothing,78.8,9,20,141.84,709.2,567.36,Mobile Wallet,27,5,True,West,2160.99
8487,08-10-24,2121,40,Other,Clothing,53.26,8,0,0.0,426.08,426.08,PayPal,22,4,False,East,836.02
8488,11-13-24,3652,67,Male,Beauty,21.41,9,0,0.0,192.69,192.69,Debit Card,23,4,False,West,454.97
8489,05-31-23,3007,52,Other,Clothing,125.73,9,15,169.74,1131.57,961.83,Credit Card,15,5,False,East,1386.56
8490,08-01-24,3069,22,Other,Clothing,9.74,5,5,2.44,48.7,46.26,PayPal,15,4,True,South,407.12
8491,03-28-24,2473,70,Female,Electronics,18.57,7,10,13.0,129.99,116.99,PayPal,1,4,False,East,1814.37
8492,12-13-23,4243,45,Female,Sports,23.49,7,5,8.22,164.43,156.21,Credit Card,5,5,False,North,333.12
8493,12-06-24,1382,41,Female,Home & Garden,52.18,9,20,93.92,469.62,375.7,PayPal,29,2,False,West,1305.7
8494,04-26-23,3181,33,Male,Clothing,146.32,9,5,65.84,1316.88,1251.04,PayPal,15,5,True,North,1662.29
8495,05-05-24,2449,45,Male,Beauty,45.0,6,20,54.0,270.0,216.0,Mobile Wallet,22,5,False,South,1658.44
8496,02-11-23,4096,36,Male,Home & Garden,97.0,3,20,58.2,291.0,232.8,PayPal,26,4,True,North,808.11
8497,05-23-23,3550,35,Female,Beauty,117.68,8,0,0.0,941.44,941.44,Debit Card,14,3,False,South,1793.98
8498,11-25-24,4256,33,Other,Home & Garden,31.41,1,20,6.28,31.41,25.13,Mobile Wallet,6,4,False,South,376.78
8499,07-18-24,4156,49,Female,Clothing,31.97,4,20,25.58,127.88,102.3,PayPal,6,4,False,South,555.64
8500,04-30-23,2590,47,Male,Books,14.38,2,10,2.88,28.76,25.88,PayPal,23,3,False,North,1395.98
8501,11-12-23,2786,32,Male,Home & Garden,46.01,5,15,34.51,230.05,195.54,Credit Card,20,3,False,East,501.4
8502,01-26-23,1143,12,Male,Books,6.39,7,5,2.24,44.73,42.49,Credit Card,5,3,False,West,166.32
8503,02-16-24,2886,35,Female,Sports,50.3,1,10,5.03,50.3,45.27,Debit Card,22,4,False,South,45.27
8504,09-24-24,4981,24,Male,Home & Garden,111.7,4,15,67.02,446.8,379.78,Credit Card,9,5,False,South,711.39
8505,08-14-23,2702,27,Female,Electronics,71.52,3,0,0.0,214.56,214.56,Credit Card,20,5,False,East,357.6
8506,04-01-24,2435,33,Other,Beauty,52.38,4,10,20.95,209.52,188.57,Debit Card,20,3,False,South,892.97
8507,01-01-24,1223,19,Female,Sports,91.13,6,10,54.68,546.78,492.1,PayPal,7,3,False,East,507.81
8508,04-05-23,1219,10,Male,Sports,65.43,6,0,0.0,392.58,392.58,Credit Card,16,2,False,South,586.26
8509,12-01-23,1178,39,Other,Books,37.72,1,20,7.54,37.72,30.18,Credit Card,17,5,False,East,824.14
8510,02-26-23,2654,35,Male,Clothing,36.81,3,0,0.0,110.43,110.43,Debit Card,28,4,False,West,612.01
8511,09-14-24,1432,34,Other,Beauty,5.66,1,5,0.28,5.66,5.38,Credit Card,27,5,False,South,5.38
8512,10-18-24,1264,42,Male,Electronics,28.49,1,0,0.0,28.49,28.49,Mobile Wallet,23,5,False,South,1161.86
8513,07-19-23,1953,25,Female,Electronics,36.95,1,10,3.7,36.95,33.25,Credit Card,8,1,False,South,286.01
8514,08-20-24,1428,39,Male,Books,31.74,3,0,0.0,95.22,95.22,PayPal,28,3,False,South,720.41
8515,06-23-24,4733,55,Female,Books,74.81,2,5,7.48,149.62,142.14,Debit Card,18,4,False,North,467.6
8516,08-16-23,3463,31,Female,Sports,8.77,4,20,7.02,35.08,28.06,PayPal,20,3,False,North,1086.56
8517,10-12-23,4524,63,Other,Books,79.21,7,20,110.89,554.47,443.58,PayPal,13,4,False,South,1368.12
8518,07-20-23,3774,35,Female,Clothing,67.67,2,15,20.3,135.34,115.04,PayPal,14,4,False,East,657.71
8519,01-24-23,3244,22,Female,Sports,115.54,2,15,34.66,231.08,196.42,Debit Card,4,5,False,South,335.83
8520,03-27-23,2577,47,Female,Sports,23.38,7,5,8.18,163.66,155.48,Mobile Wallet,10,3,False,East,2916.92
8521,07-05-24,4124,33,Other,Sports,9.71,9,15,13.11,87.39,74.28,Credit Card,10,3,False,East,152.86
8522,04-01-24,1479,50,Male,Electronics,71.07,3,20,42.64,213.21,170.57,PayPal,6,4,True,North,396.2
8523,11-24-24,4514,41,Male,Beauty,44.39,8,20,71.02,355.12,284.1,Debit Card,7,3,False,West,1277.18
8524,11-18-24,2353,30,Female,Beauty,62.33,6,15,56.1,373.98,317.88,Credit Card,7,4,False,East,1196.92
8525,03-31-23,4322,57,Female,Electronics,286.31,6,0,0.0,1717.86,1717.86,Debit Card,4,3,False,South,2000.7
8526,06-08-24,4878,27,Male,Sports,10.82,3,20,6.49,32.46,25.97,PayPal,19,3,False,West,530.47
8527,02-08-24,1889,2,Female,Clothing,26.47,9,15,35.73,238.23,202.5,Debit Card,20,5,False,North,202.5
8528,07-19-23,4854,48,Male,Home & Garden,10.7,9,15,14.44,96.3,81.86,PayPal,9,5,False,North,1670.59
8529,05-17-24,1924,40,Other,Sports,98.53,4,5,19.71,394.12,374.41,Debit Card,26,3,False,West,567.4
8530,11-22-23,3170,54,Female,Books,0.86,6,5,0.26,5.16,4.9,PayPal,28,4,False,North,22.47
8531,09-09-24,2902,21,Female,Beauty,7.26,5,20,7.26,36.3,29.04,Credit Card,27,3,False,South,155.93
8532,09-11-24,2410,31,Male,Home & Garden,14.24,4,10,5.7,56.96,51.26,Debit Card,23,2,False,East,1211.92
8533,06-07-24,2362,29,Male,Electronics,73.77,2,15,22.13,147.54,125.41,Debit Card,19,4,False,East,159.97
8534,02-27-23,1777,49,Other,Electronics,49.5,4,0,0.0,198.0,198.0,Credit Card,16,4,False,South,845.47
8535,11-13-24,3395,44,Female,Home & Garden,24.6,7,10,17.22,172.2,154.98,PayPal,3,3,True,South,1193.66
8536,01-05-24,1028,38,Male,Beauty,8.64,3,15,3.89,25.92,22.03,Mobile Wallet,5,2,True,North,468.68
8537,02-12-24,4022,38,Other,Beauty,19.4,3,10,5.82,58.2,52.38,PayPal,24,5,False,South,590.27
8538,06-01-23,1034,17,Male,Books,68.02,3,15,30.61,204.06,173.45,PayPal,5,3,False,East,1022.57
8539,03-13-24,4589,46,Male,Electronics,24.06,9,15,32.48,216.54,184.06,Credit Card,29,5,False,South,184.06
8540,01-14-24,2419,46,Other,Electronics,31.05,1,10,3.1,31.05,27.95,Mobile Wallet,6,3,False,East,27.95
8541,01-31-24,3670,69,Other,Sports,46.9,5,5,11.72,234.5,222.78,Debit Card,9,3,False,South,741.27
8542,01-17-24,4365,42,Other,Clothing,122.03,9,15,164.74,1098.27,933.53,Mobile Wallet,9,5,False,West,1197.73
8543,01-13-23,1588,44,Other,Books,14.39,7,20,20.15,100.73,80.58,Debit Card,22,4,False,West,119.93
8544,10-19-23,4420,42,Other,Sports,29.71,1,10,2.97,29.71,26.74,Debit Card,12,2,False,East,1139.65
8545,12-20-23,4218,24,Other,Clothing,18.58,4,5,3.72,74.32,70.6,Credit Card,16,4,False,South,500.39
8546,12-26-23,4138,53,Female,Electronics,31.39,6,0,0.0,188.34,188.34,PayPal,16,4,False,South,638.75
8547,11-12-23,1903,34,Other,Clothing,59.61,5,15,44.71,298.05,253.34,PayPal,5,5,True,North,716.75
8548,04-01-24,3567,32,Female,Electronics,32.9,2,15,9.87,65.8,55.93,Mobile Wallet,29,2,False,North,532.58
8549,07-28-24,3169,32,Male,Beauty,89.95,1,20,17.99,89.95,71.96,PayPal,24,5,False,South,1007.65
8550,03-31-23,1339,34,Male,Sports,40.29,4,5,8.06,161.16,153.1,Debit Card,1,4,False,East,915.04
8551,08-09-23,1174,27,Other,Electronics,24.37,5,15,18.28,121.85,103.57,Credit Card,27,5,False,East,374.07
8552,03-30-24,2923,38,Male,Clothing,76.24,4,5,15.25,304.96,289.71,PayPal,3,5,True,South,1071.95
8553,03-01-24,2714,33,Other,Sports,28.22,3,15,12.7,84.66,71.96,PayPal,6,3,False,North,752.55
8554,03-29-24,1596,32,Other,Clothing,36.24,8,0,0.0,289.92,289.92,Debit Card,8,5,False,East,766.74
8555,10-23-23,1450,42,Female,Clothing,261.72,6,20,314.06,1570.32,1256.26,Mobile Wallet,16,3,False,North,1269.49
8556,06-17-23,1556,36,Male,Home & Garden,77.19,3,0,0.0,231.57,231.57,PayPal,6,3,True,West,551.6
8557,03-10-24,2159,26,Other,Electronics,96.6,6,0,0.0,579.6,579.6,Debit Card,14,4,False,North,894.88
8558,02-29-24,4926,23,Male,Electronics,44.93,8,10,35.94,359.44,323.5,Mobile Wallet,10,5,False,North,1262.26
8559,05-23-23,4087,36,Female,Clothing,21.4,7,0,0.0,149.8,149.8,PayPal,22,4,False,South,1386.99
8560,08-24-24,2356,23,Male,Beauty,237.05,1,20,47.41,237.05,189.64,Debit Card,4,5,False,West,1245.76
8561,09-04-24,4266,22,Female,Electronics,13.99,6,20,16.79,83.94,67.15,Debit Card,12,4,False,East,900.98
8562,03-30-23,4567,22,Female,Books,103.11,1,15,15.47,103.11,87.64,PayPal,7,5,False,South,440.04
8563,05-28-23,3056,38,Female,Beauty,121.13,4,0,0.0,484.52,484.52,Debit Card,7,4,False,North,746.11
8564,08-01-23,4899,52,Other,Beauty,85.07,3,5,12.76,255.21,242.45,PayPal,29,3,False,West,541.16
8565,11-07-23,3381,40,Other,Beauty,6.06,7,10,4.24,42.42,38.18,PayPal,16,5,False,East,1316.16
8566,05-01-24,4404,48,Male,Electronics,96.25,2,10,19.25,192.5,173.25,Mobile Wallet,1,2,False,East,173.25
8567,06-21-24,2016,33,Other,Beauty,54.5,4,10,21.8,218.0,196.2,Credit Card,28,5,False,West,2013.27
8568,12-10-23,3374,37,Other,Beauty,57.1,5,20,57.1,285.5,228.4,PayPal,16,5,False,South,706.66
8569,03-09-23,3062,59,Male,Sports,77.21,2,20,30.88,154.42,123.54,PayPal,3,5,False,West,2145.37
8570,08-27-24,1838,47,Female,Electronics,33.72,9,15,45.52,303.48,257.96,Mobile Wallet,15,5,False,East,257.96
8571,01-20-24,2637,49,Female,Beauty,15.54,2,0,0.0,31.08,31.08,Credit Card,25,3,False,East,840.85
8572,04-01-23,1225,31,Male,Books,42.78,6,20,51.34,256.68,205.34,Credit Card,29,4,False,West,698.02
8573,01-07-23,4496,34,Other,Beauty,5.75,8,10,4.6,46.0,41.4,Debit Card,6,5,False,South,157.82
8574,02-24-24,2813,41,Male,Clothing,56.17,7,20,78.64,393.19,314.55,Credit Card,13,5,False,West,557.13
8575,10-16-24,4479,25,Male,Electronics,32.98,6,0,0.0,197.88,197.88,Credit Card,20,3,False,North,727.74
8576,10-07-23,3160,0,Other,Sports,34.89,8,20,55.82,279.12,223.3,Debit Card,8,4,False,North,877.62
8577,02-29-24,3020,40,Male,Books,10.28,5,0,0.0,51.4,51.4,Credit Card,12,4,False,East,1165.56
8578,06-29-23,2451,49,Other,Home & Garden,2.11,9,15,2.85,18.99,16.14,Mobile Wallet,23,4,False,North,16.94
8579,07-23-24,3048,35,Other,Clothing,47.24,2,20,18.9,94.48,75.58,PayPal,14,3,False,North,672.38
8580,04-18-24,3313,26,Male,Clothing,53.77,6,0,0.0,322.62,322.62,Mobile Wallet,16,3,False,West,1304.65
8581,12-28-24,2514,30,Female,Clothing,34.49,7,0,0.0,241.43,241.43,Credit Card,26,5,True,South,392.27
8582,08-04-24,2231,4,Other,Books,72.56,9,5,32.65,653.04,620.39,Debit Card,14,4,False,North,761.61
8583,05-21-23,2645,30,Female,Electronics,41.47,5,15,31.1,207.35,176.25,Mobile Wallet,16,4,True,South,468.17
8584,07-24-23,2735,18,Other,Electronics,94.26,6,20,113.11,565.56,452.45,Mobile Wallet,6,5,False,West,529.35
8585,07-10-23,3999,24,Female,Beauty,16.99,9,5,7.65,152.91,145.26,PayPal,4,3,True,West,549.03
8586,01-26-24,4440,17,Male,Beauty,13.93,6,20,16.72,83.58,66.86,Debit Card,20,4,True,South,3029.44
8587,10-24-23,1305,15,Other,Electronics,15.13,1,10,1.51,15.13,13.62,Mobile Wallet,24,4,True,North,482.29
8588,07-21-24,3059,19,Male,Beauty,1.55,4,10,0.62,6.2,5.58,Credit Card,19,5,False,South,629.98
8589,05-17-24,4416,44,Male,Electronics,115.44,4,0,0.0,461.76,461.76,PayPal,27,4,False,East,2019.06
8590,02-13-23,4536,27,Male,Clothing,355.71,3,5,53.36,1067.13,1013.77,Mobile Wallet,25,4,False,South,1244.13
8591,11-06-23,2723,18,Other,Home & Garden,84.78,8,0,0.0,678.24,678.24,Credit Card,8,5,False,South,1141.72
8592,08-22-24,2689,46,Male,Clothing,26.6,6,0,0.0,159.6,159.6,Mobile Wallet,4,4,False,South,163.78
8593,11-08-23,2517,36,Male,Beauty,21.84,7,0,0.0,152.88,152.88,Mobile Wallet,28,5,False,West,1171.18
8594,05-20-24,2391,0,Other,Home & Garden,74.51,9,10,67.06,670.59,603.53,Debit Card,29,4,False,North,627.97
8595,07-26-24,4917,49,Male,Home & Garden,35.66,8,0,0.0,285.28,285.28,Mobile Wallet,3,5,False,West,1107.92
8596,04-19-24,3984,36,Other,Electronics,140.22,3,0,0.0,420.66,420.66,Debit Card,13,2,True,South,1578.24
8597,08-18-23,1419,46,Male,Sports,16.4,4,0,0.0,65.6,65.6,Credit Card,4,2,False,West,1303.78
8598,01-28-23,3936,31,Female,Books,19.56,1,0,0.0,19.56,19.56,Debit Card,11,5,False,East,635.81
8599,01-03-23,4862,59,Male,Sports,337.32,4,5,67.46,1349.28,1281.82,Credit Card,16,4,False,North,1281.82
8600,06-07-23,3218,29,Female,Home & Garden,191.23,9,20,344.21,1721.07,1376.86,Debit Card,15,4,False,North,2721.63
8601,09-26-23,1133,-4,Other,Sports,108.22,5,5,27.06,541.1,514.04,Debit Card,28,5,False,West,2063.22
8602,11-04-23,3030,21,Female,Beauty,25.93,3,15,11.67,77.79,66.12,Debit Card,2,3,False,North,1649.38
8603,10-17-24,4012,42,Other,Home & Garden,90.89,2,5,9.09,181.78,172.69,Debit Card,15,1,False,West,360.96
8604,10-13-24,2450,37,Male,Clothing,16.66,6,15,14.99,99.96,84.97,PayPal,6,4,False,East,217.11
8605,04-28-24,4096,33,Female,Beauty,14.7,4,10,5.88,58.8,52.92,Mobile Wallet,15,5,False,South,808.11
8606,05-08-23,2553,20,Male,Clothing,39.53,6,20,47.44,237.18,189.74,PayPal,13,4,False,South,1039.57
8607,10-31-24,4261,35,Female,Beauty,98.4,3,0,0.0,295.2,295.2,Credit Card,3,4,False,East,1513.96
8608,11-12-24,2164,34,Other,Electronics,5.13,3,15,2.31,15.39,13.08,Credit Card,19,3,False,East,294.04
8609,10-22-23,4626,34,Other,Beauty,41.66,1,10,4.17,41.66,37.49,Mobile Wallet,12,4,False,North,389.3
8610,03-03-24,2869,43,Other,Books,47.05,9,20,84.69,423.45,338.76,Credit Card,12,4,False,West,384.55
8611,07-03-23,2819,37,Other,Clothing,43.35,7,15,45.52,303.45,257.93,Credit Card,17,3,False,East,518.35
8612,05-18-24,3705,31,Male,Beauty,12.33,9,10,11.1,110.97,99.87,Debit Card,24,3,False,West,623.16
8613,12-05-24,4386,19,Male,Books,3.31,1,0,0.0,3.31,3.31,Mobile Wallet,8,4,False,South,977.36
8614,10-22-24,4515,55,Male,Electronics,112.69,8,10,90.15,901.52,811.37,Debit Card,25,1,False,North,1029.29
8615,09-08-23,2342,64,Male,Beauty,42.73,2,10,8.55,85.46,76.91,Mobile Wallet,13,3,False,West,303.06
8616,01-30-23,2464,61,Male,Books,73.03,3,0,0.0,219.09,219.09,Debit Card,27,5,False,East,2335.55
8617,05-03-23,4163,45,Other,Beauty,22.66,1,15,3.4,22.66,19.26,Mobile Wallet,12,5,False,North,151.59
8618,10-11-23,3226,9,Male,Clothing,2.17,7,10,1.52,15.19,13.67,Credit Card,16,4,False,East,114.04
8619,05-19-24,2079,8,Male,Clothing,15.03,5,0,0.0,75.15,75.15,PayPal,21,4,False,South,969.06
8620,03-10-23,2178,26,Male,Sports,3.81,3,15,1.71,11.43,9.72,Credit Card,11,5,False,East,92.15
8621,09-05-24,2695,34,Other,Sports,4.07,4,0,0.0,16.28,16.28,Mobile Wallet,20,5,False,South,731.86
8622,01-06-24,1110,33,Other,Beauty,12.07,6,5,3.62,72.42,68.8,PayPal,9,5,False,East,354.62
8623,08-18-24,3184,37,Other,Sports,50.2,6,15,45.18,301.2,256.02,PayPal,19,2,False,East,271.26
8624,05-07-24,3279,14,Other,Beauty,85.12,2,5,8.51,170.24,161.73,Debit Card,20,3,False,North,473.33
8625,08-02-24,4039,59,Male,Beauty,86.12,7,10,60.28,602.84,542.56,Mobile Wallet,8,3,False,South,668.54
8626,03-22-24,1467,57,Male,Books,138.84,2,10,27.77,277.68,249.91,Debit Card,29,5,False,East,544.6
8627,09-22-23,3779,15,Female,Clothing,53.41,9,10,48.07,480.69,432.62,Mobile Wallet,13,3,False,East,1500.83
8628,10-05-24,3528,7,Male,Electronics,1.0,2,15,0.3,2.0,1.7,Credit Card,2,4,True,West,252.32
8629,12-03-24,4139,33,Other,Home & Garden,23.69,5,20,23.69,118.45,94.76,Mobile Wallet,19,5,False,East,94.76
8630,05-02-24,1813,53,Other,Clothing,5.91,8,15,7.09,47.28,40.19,Credit Card,13,5,False,North,163.61
8631,12-11-24,2272,34,Male,Sports,75.13,8,15,90.16,601.04,510.88,PayPal,27,5,True,West,559.37
8632,05-03-23,1993,38,Female,Beauty,6.37,4,20,5.1,25.48,20.38,PayPal,29,2,True,South,1411.25
8633,01-18-24,3031,28,Other,Sports,5.6,7,15,5.88,39.2,33.32,Debit Card,19,5,False,North,33.32
8634,06-08-24,1322,37,Female,Books,1.43,8,5,0.57,11.44,10.87,PayPal,11,5,False,North,10.87
8635,08-12-24,3969,49,Other,Sports,155.62,8,20,248.99,1244.96,995.97,PayPal,24,5,False,West,1026.19
8636,01-18-23,1903,41,Other,Books,77.02,5,20,77.02,385.1,308.08,Credit Card,27,3,False,North,716.75
8637,09-23-23,2541,43,Male,Electronics,20.27,2,5,2.03,40.54,38.51,Mobile Wallet,2,5,False,East,567.89
8638,06-16-23,2999,10,Other,Beauty,23.62,2,20,9.45,47.24,37.79,Credit Card,8,1,False,West,191.87
8639,08-18-24,2815,67,Female,Sports,3.06,5,20,3.06,15.3,12.24,PayPal,7,2,False,West,740.66
8640,03-01-23,4503,10,Female,Books,8.59,4,5,1.72,34.36,32.64,Mobile Wallet,1,3,False,North,368.19
8641,05-30-23,4558,37,Male,Sports,18.66,4,0,0.0,74.64,74.64,PayPal,14,5,False,South,769.24
8642,11-24-23,3653,32,Other,Books,24.54,3,0,0.0,73.62,73.62,PayPal,8,5,True,South,97.72
8643,04-17-24,3476,33,Female,Beauty,48.38,9,0,0.0,435.42,435.42,Credit Card,27,5,False,South,461.41
8644,12-10-24,4340,48,Male,Beauty,21.56,8,5,8.62,172.48,163.86,Mobile Wallet,1,4,True,South,240.95
8645,05-19-23,4780,24,Female,Clothing,154.61,4,10,61.84,618.44,556.6,Credit Card,25,4,False,North,1537.81
8646,01-01-24,4608,28,Male,Books,20.99,7,15,22.04,146.93,124.89,Debit Card,17,5,False,East,921.6
8647,06-17-23,1147,17,Female,Home & Garden,142.02,8,20,227.23,1136.16,908.93,Debit Card,21,3,False,East,1201.58
8648,02-24-23,2141,51,Other,Electronics,65.44,6,5,19.63,392.64,373.01,Debit Card,24,4,False,West,1204.4
8649,10-07-23,1849,38,Female,Clothing,115.08,2,15,34.52,230.16,195.64,Debit Card,4,1,False,East,959.75
8650,01-05-24,1366,44,Female,Electronics,60.73,8,5,24.29,485.84,461.55,Credit Card,6,4,False,South,664.88
8651,03-05-24,3897,47,Male,Clothing,42.03,3,20,25.22,126.09,100.87,Debit Card,1,5,False,West,1411.22
8652,10-13-24,2089,64,Male,Sports,35.57,4,10,14.23,142.28,128.05,Credit Card,3,3,False,South,1387.25
8653,12-31-23,3038,62,Male,Books,17.22,4,5,3.44,68.88,65.44,Mobile Wallet,28,4,False,West,2538.59
8654,02-19-23,3860,39,Female,Sports,17.7,7,15,18.58,123.9,105.32,Mobile Wallet,21,2,False,West,105.32
8655,10-24-23,4441,37,Male,Electronics,12.63,8,15,15.16,101.04,85.88,Credit Card,2,5,False,West,421.5
8656,10-26-23,1174,27,Other,Beauty,24.35,9,20,43.83,219.15,175.32,Mobile Wallet,17,4,False,North,374.07
8657,06-26-24,2854,46,Male,Electronics,6.79,1,0,0.0,6.79,6.79,Debit Card,9,5,True,South,226.92
8658,10-16-24,1587,45,Male,Clothing,24.52,1,20,4.9,24.52,19.62,Credit Card,29,5,False,North,871.93
8659,03-20-23,1494,24,Other,Electronics,89.71,7,20,125.59,627.97,502.38,PayPal,8,5,False,North,1849.35
8660,06-10-24,4020,45,Male,Books,102.12,4,0,0.0,408.48,408.48,Mobile Wallet,19,2,False,West,621.37
8661,07-18-23,2137,50,Male,Electronics,51.48,8,10,41.18,411.84,370.66,Debit Card,15,4,False,South,614.37
8662,10-05-24,4182,18,Female,Sports,14.84,5,5,3.71,74.2,70.49,Debit Card,6,5,False,East,907.37
8663,07-07-23,2784,37,Female,Beauty,13.74,1,15,2.06,13.74,11.68,PayPal,24,5,False,South,157.81
8664,04-07-23,4510,34,Male,Books,16.28,2,5,1.63,32.56,30.93,Debit Card,6,5,False,West,817.71
8665,09-05-24,4786,34,Other,Electronics,34.66,3,5,5.2,103.98,98.78,Credit Card,8,4,False,West,151.36
8666,06-21-23,2170,20,Male,Home & Garden,187.42,2,15,56.23,374.84,318.61,Mobile Wallet,3,4,False,West,328.68
8667,07-10-24,1034,7,Male,Home & Garden,5.78,9,0,0.0,52.02,52.02,Credit Card,12,1,False,South,1022.57
8668,11-27-23,1998,23,Male,Beauty,34.71,7,15,36.45,242.97,206.52,Credit Card,20,1,False,West,900.58
8669,11-20-23,2332,21,Female,Sports,57.32,2,0,0.0,114.64,114.64,Mobile Wallet,8,5,False,West,159.16
8670,12-02-24,3585,40,Other,Clothing,14.1,7,0,0.0,98.7,98.7,Debit Card,11,4,False,South,1845.9
8671,11-05-23,3797,40,Other,Clothing,173.87,1,20,34.77,173.87,139.1,PayPal,26,5,False,East,289.12
8672,10-05-23,2037,39,Other,Beauty,21.46,5,10,10.73,107.3,96.57,PayPal,27,3,False,North,359.77
8673,12-02-24,1373,14,Female,Electronics,134.67,5,20,134.67,673.35,538.68,Debit Card,26,5,False,North,593.04
8674,12-15-24,3604,18,Female,Books,45.49,9,10,40.94,409.41,368.47,Credit Card,15,5,False,North,1098.03
8675,12-05-24,2451,25,Male,Beauty,0.2,4,0,0.0,0.8,0.8,Mobile Wallet,13,5,False,East,16.94
8676,01-07-24,2751,35,Female,Clothing,18.63,4,20,14.9,74.52,59.62,Mobile Wallet,24,3,False,East,722.36
8677,04-09-23,3280,29,Male,Home & Garden,1.09,6,5,0.33,6.54,6.21,Credit Card,22,3,True,West,28.87
8678,07-01-24,1704,39,Female,Clothing,24.02,2,15,7.21,48.04,40.83,Debit Card,26,5,False,East,1647.01
8679,08-16-24,1562,49,Male,Home & Garden,134.81,6,15,121.33,808.86,687.53,Debit Card,13,5,False,West,2952.45
8680,12-27-23,3986,20,Female,Clothing,75.48,7,15,79.25,528.36,449.11,Credit Card,14,4,False,North,775.77
8681,05-28-23,3934,20,Other,Sports,48.4,4,10,19.36,193.6,174.24,Debit Card,22,5,False,North,1012.5
8682,01-14-23,3773,37,Male,Beauty,38.67,9,15,52.2,348.03,295.83,PayPal,9,4,False,East,2324.83
8683,05-21-23,4734,33,Female,Books,23.31,5,10,11.66,116.55,104.89,PayPal,24,5,False,North,476.44
8684,06-14-24,4511,46,Female,Beauty,11.88,3,10,3.56,35.64,32.08,Mobile Wallet,3,4,False,East,344.88
8685,10-16-23,4573,35,Male,Electronics,3.23,9,10,2.91,29.07,26.16,Debit Card,23,4,False,North,328.2
8686,01-17-24,4346,61,Female,Home & Garden,10.55,1,5,0.53,10.55,10.02,Credit Card,12,5,False,South,564.26
8687,05-11-24,2873,11,Other,Clothing,21.66,8,0,0.0,173.28,173.28,PayPal,9,4,False,East,706.18
8688,02-26-24,3123,47,Male,Electronics,36.7,1,5,1.84,36.7,34.86,Mobile Wallet,12,5,False,South,261.42
8689,12-15-23,1438,37,Male,Home & Garden,11.43,8,0,0.0,91.44,91.44,Debit Card,26,5,False,West,91.44
8690,06-16-23,4803,13,Male,Beauty,183.12,5,5,45.78,915.6,869.82,Credit Card,11,5,False,East,869.82
8691,04-15-23,2883,3,Male,Home & Garden,4.0,7,10,2.8,28.0,25.2,Debit Card,19,5,False,West,53.46
8692,08-12-23,2979,18,Male,Sports,4.98,8,0,0.0,39.84,39.84,Mobile Wallet,27,4,False,West,180.11
8693,06-08-23,1698,53,Other,Clothing,57.38,1,15,8.61,57.38,48.77,Debit Card,9,5,False,West,407.03
8694,05-30-24,2312,51,Male,Beauty,70.34,1,5,3.52,70.34,66.82,Debit Card,5,5,False,North,531.76
8695,08-15-23,3962,33,Other,Electronics,179.59,7,0,0.0,1257.13,1257.13,Mobile Wallet,10,5,False,South,2716.25
8696,07-12-23,2563,29,Other,Clothing,37.8,1,15,5.67,37.8,32.13,Debit Card,9,2,False,North,156.13
8697,07-26-24,3938,22,Other,Beauty,9.07,4,20,7.26,36.28,29.02,Debit Card,1,5,True,East,498.47
8698,09-20-24,1691,32,Male,Clothing,138.97,6,10,83.38,833.82,750.44,Credit Card,13,4,False,North,1377.12
8699,12-07-24,3300,27,Other,Books,196.19,2,5,19.62,392.38,372.76,PayPal,20,5,False,North,1700.69
8700,06-22-24,4197,60,Male,Home & Garden,128.53,5,5,32.13,642.65,610.52,Credit Card,12,5,False,South,1940.7
8701,06-28-24,2200,16,Other,Home & Garden,102.65,6,20,123.18,615.9,492.72,Mobile Wallet,11,4,False,North,849.2
8702,12-30-24,4108,40,Male,Books,4.04,5,0,0.0,20.2,20.2,PayPal,9,4,False,North,154.88
8703,07-18-24,3457,61,Female,Books,96.51,8,5,38.6,772.08,733.48,Debit Card,29,3,False,East,1505.68
8704,12-20-24,2634,46,Female,Clothing,153.12,4,5,30.62,612.48,581.86,Debit Card,15,2,False,North,777.22
8705,04-27-23,2633,18,Other,Home & Garden,40.18,8,5,16.07,321.44,305.37,Mobile Wallet,29,3,False,South,566.22
8706,03-03-24,1126,11,Female,Electronics,74.05,3,5,11.11,222.15,211.04,Credit Card,28,4,False,East,670.49
8707,04-16-24,2506,39,Other,Sports,54.07,7,20,75.7,378.49,302.79,Credit Card,13,5,False,East,335.48
8708,03-20-23,2191,37,Other,Beauty,16.99,5,10,8.49,84.95,76.46,PayPal,28,5,False,West,2255.33
8709,04-30-23,3639,53,Other,Books,44.28,5,5,11.07,221.4,210.33,Debit Card,12,3,False,West,211.1
8710,05-15-23,1293,43,Female,Electronics,110.08,6,20,132.1,660.48,528.38,Credit Card,14,4,False,West,749.06
8711,01-18-23,4916,27,Other,Electronics,34.3,5,15,25.72,171.5,145.78,Debit Card,9,5,False,North,145.78
8712,05-06-24,4709,26,Female,Clothing,44.6,1,5,2.23,44.6,42.37,Debit Card,22,4,False,South,2289.63
8713,12-23-23,2366,15,Female,Books,37.91,9,0,0.0,341.19,341.19,Debit Card,10,5,False,South,2625.42
8714,11-16-23,2019,36,Male,Electronics,16.59,4,20,13.27,66.36,53.09,PayPal,6,5,True,West,344.19
8715,12-08-24,3357,13,Female,Sports,51.59,5,0,0.0,257.95,257.95,Mobile Wallet,19,4,False,North,507.94
8716,01-07-24,3709,48,Male,Electronics,35.61,1,10,3.56,35.61,32.05,Debit Card,10,5,True,South,233.53
8717,05-23-23,3575,43,Other,Sports,13.23,3,15,5.95,39.69,33.74,Mobile Wallet,15,4,False,North,340.28
8718,03-28-24,3587,43,Other,Sports,112.87,3,0,0.0,338.61,338.61,Mobile Wallet,21,4,False,West,1282.41
8719,09-03-24,1418,15,Male,Sports,149.83,8,5,59.93,1198.64,1138.71,PayPal,8,5,False,North,1167.58
8720,06-19-24,1443,32,Other,Books,2.85,8,20,4.56,22.8,18.24,Credit Card,18,5,False,East,68.23
8721,12-17-23,1684,29,Male,Sports,48.69,9,15,65.73,438.21,372.48,Mobile Wallet,2,5,False,West,3778.81
8722,06-26-23,4629,36,Male,Books,26.81,7,20,37.53,187.67,150.14,Mobile Wallet,4,5,False,North,1010.19
8723,12-27-24,3887,42,Other,Electronics,37.32,6,15,33.59,223.92,190.33,Mobile Wallet,9,5,False,South,765.0
8724,11-08-23,3283,27,Male,Sports,23.41,8,0,0.0,187.28,187.28,Credit Card,16,5,False,East,1367.68
8725,01-30-23,2462,27,Male,Home & Garden,32.16,3,10,9.65,96.48,86.83,Debit Card,5,2,False,North,2661.14
8726,05-02-23,3261,45,Male,Electronics,19.54,8,20,31.26,156.32,125.06,Debit Card,19,5,False,South,834.66
8727,08-16-23,1084,18,Other,Beauty,6.26,3,5,0.94,18.78,17.84,PayPal,15,5,False,East,20.42
8728,05-12-23,3841,23,Other,Home & Garden,17.98,2,20,7.19,35.96,28.77,Debit Card,24,5,False,East,336.79
8729,12-11-24,2767,35,Other,Home & Garden,55.48,9,10,49.93,499.32,449.39,Debit Card,15,5,False,East,1248.29
8730,05-26-23,1084,48,Other,Clothing,2.58,1,0,0.0,2.58,2.58,Debit Card,12,5,False,East,20.42
8731,12-05-24,2944,20,Other,Books,24.12,2,5,2.41,48.24,45.83,PayPal,16,1,False,North,1094.65
8732,08-21-23,4560,61,Female,Clothing,2.16,7,5,0.76,15.12,14.36,PayPal,11,5,False,West,649.98
8733,11-11-23,3112,14,Female,Books,22.02,1,0,0.0,22.02,22.02,Debit Card,7,3,True,West,670.0
8734,05-09-23,2669,58,Male,Clothing,4.58,5,20,4.58,22.9,18.32,Debit Card,25,5,False,North,375.14
8735,08-03-23,1662,52,Female,Electronics,20.75,9,5,9.34,186.75,177.41,Mobile Wallet,16,5,False,West,1075.65
8736,05-14-23,1626,13,Other,Home & Garden,91.04,9,20,163.87,819.36,655.49,Credit Card,10,1,False,South,655.49
8737,03-22-23,1063,10,Other,Electronics,47.52,4,20,38.02,190.08,152.06,PayPal,22,5,True,South,243.32
8738,03-11-24,4414,45,Other,Books,57.33,2,0,0.0,114.66,114.66,Credit Card,18,5,True,North,346.32
8739,12-08-24,3986,29,Male,Home & Garden,35.04,9,10,31.54,315.36,283.82,Debit Card,16,5,False,North,775.77
8740,04-25-23,4946,19,Male,Home & Garden,127.8,4,10,51.12,511.2,460.08,Debit Card,1,3,False,West,478.78
8741,03-21-23,1918,62,Male,Books,38.95,3,20,23.37,116.85,93.48,Debit Card,5,5,False,East,520.1
8742,01-20-23,2375,17,Male,Electronics,5.51,3,0,0.0,16.53,16.53,Debit Card,28,4,False,East,110.93
8743,05-10-24,2181,24,Male,Home & Garden,135.23,7,10,94.66,946.61,851.95,PayPal,23,3,False,West,851.95
8744,03-17-24,2612,25,Male,Beauty,7.14,2,20,2.86,14.28,11.42,Debit Card,7,5,False,East,322.5
8745,02-13-23,1490,-6,Female,Electronics,354.72,5,5,88.68,1773.6,1684.92,Credit Card,18,4,False,West,2700.31
8746,07-21-23,4729,36,Other,Electronics,28.58,2,5,2.86,57.16,54.3,Mobile Wallet,6,5,False,West,517.47
8747,04-21-23,2878,21,Female,Electronics,3.82,7,15,4.01,26.74,22.73,Mobile Wallet,17,5,False,East,1448.07
8748,02-03-23,4534,47,Male,Home & Garden,99.79,7,15,104.78,698.53,593.75,Credit Card,12,2,False,South,627.01
8749,11-06-24,4296,49,Other,Sports,4.87,3,15,2.19,14.61,12.42,Credit Card,12,3,False,South,1025.3
8750,06-09-24,2940,38,Other,Clothing,9.58,3,10,2.87,28.74,25.87,Mobile Wallet,1,3,False,South,250.53
8751,08-30-24,1312,38,Other,Books,27.01,8,5,10.8,216.08,205.28,PayPal,2,4,False,North,1104.04
8752,03-02-23,3662,37,Female,Electronics,56.38,7,5,19.73,394.66,374.93,Credit Card,21,5,False,East,391.89
8753,04-25-24,1918,24,Other,Home & Garden,6.46,4,10,2.58,25.84,23.26,PayPal,26,5,False,North,520.1
8754,05-02-23,2882,25,Male,Books,48.73,2,5,4.87,97.46,92.59,Mobile Wallet,26,4,False,West,457.11
8755,09-17-23,1812,54,Male,Sports,75.79,3,5,11.37,227.37,216.0,PayPal,18,5,False,East,216.0
8756,02-14-23,3987,46,Female,Beauty,6.59,3,20,3.95,19.77,15.82,Mobile Wallet,14,4,False,North,796.42
8757,03-09-23,2489,38,Female,Sports,52.15,5,5,13.04,260.75,247.71,Debit Card,10,4,False,East,848.74
8758,11-05-23,4159,44,Male,Home & Garden,159.56,7,20,223.38,1116.92,893.54,PayPal,14,4,False,North,1136.19
8759,11-14-24,4954,34,Female,Electronics,171.16,4,15,102.7,684.64,581.94,PayPal,3,5,False,West,680.23
8760,01-11-23,2326,37,Other,Sports,8.82,1,0,0.0,8.82,8.82,PayPal,25,4,False,South,937.82
8761,04-09-23,1679,43,Female,Sports,71.29,3,20,42.77,213.87,171.1,Debit Card,21,4,False,North,250.88
8762,05-07-23,1434,3,Other,Sports,93.75,3,5,14.06,281.25,267.19,Debit Card,13,3,False,North,501.38
8763,09-08-24,1681,48,Other,Beauty,109.89,1,15,16.48,109.89,93.41,Debit Card,19,3,False,North,322.54
8764,07-30-23,2158,47,Other,Home & Garden,19.55,8,0,0.0,156.4,156.4,Credit Card,5,5,False,West,676.44
8765,08-24-24,2073,23,Other,Books,15.74,4,0,0.0,62.96,62.96,Mobile Wallet,19,4,False,West,391.56
8766,07-24-23,2455,53,Other,Clothing,2.45,5,15,1.84,12.25,10.41,Credit Card,27,5,False,North,32.39
8767,07-09-23,3387,1,Male,Home & Garden,25.5,3,15,11.48,76.5,65.02,PayPal,5,2,False,North,171.03
8768,11-17-24,3394,40,Male,Electronics,6.62,4,0,0.0,26.48,26.48,Mobile Wallet,13,2,False,South,208.46
8769,12-26-23,3693,35,Male,Home & Garden,77.15,1,0,0.0,77.15,77.15,Credit Card,15,5,False,South,1647.48
8770,01-30-23,2370,30,Other,Home & Garden,7.71,4,5,1.54,30.84,29.3,Debit Card,26,4,False,South,29.3
8771,04-03-23,1648,35,Female,Beauty,85.44,2,20,34.18,170.88,136.7,Credit Card,6,5,False,East,1184.05
8772,05-30-23,1244,43,Female,Clothing,5.69,6,20,6.83,34.14,27.31,Debit Card,27,5,False,North,1495.53
8773,10-12-23,3156,7,Other,Clothing,32.76,2,0,0.0,65.52,65.52,Credit Card,12,5,False,East,2147.93
8774,08-16-24,4896,50,Female,Clothing,24.28,9,0,0.0,218.52,218.52,Debit Card,16,5,False,West,1161.89
8775,12-23-23,4870,28,Other,Books,46.01,2,10,9.2,92.02,82.82,Credit Card,25,5,False,East,122.4
8776,12-27-23,3580,50,Female,Home & Garden,36.57,4,0,0.0,146.28,146.28,PayPal,18,5,False,West,151.82
8777,06-14-23,4161,44,Other,Beauty,45.64,4,20,36.51,182.56,146.05,Mobile Wallet,15,4,True,East,1248.66
8778,05-27-24,1295,28,Female,Electronics,0.05,1,5,0.0,0.05,0.05,Credit Card,16,3,False,South,17.84
8779,09-19-24,3159,33,Female,Clothing,6.82,7,10,4.77,47.74,42.97,Credit Card,14,5,False,North,609.58
8780,09-05-23,4884,34,Male,Clothing,36.4,1,20,7.28,36.4,29.12,Mobile Wallet,16,4,False,South,621.75
8781,06-01-24,2612,59,Female,Home & Garden,13.05,8,5,5.22,104.4,99.18,PayPal,3,3,False,West,322.5
8782,08-06-24,4248,17,Female,Electronics,3.97,3,10,1.19,11.91,10.72,PayPal,22,3,False,East,10.72
8783,03-11-23,3390,28,Other,Beauty,12.28,8,10,9.82,98.24,88.42,Debit Card,2,5,True,North,194.47
8784,04-12-23,4731,11,Female,Clothing,75.67,8,10,60.54,605.36,544.82,PayPal,24,3,False,East,1352.1
8785,08-15-24,3148,36,Female,Home & Garden,39.01,5,10,19.5,195.05,175.55,Mobile Wallet,10,4,False,East,940.95
8786,01-15-23,4829,25,Female,Sports,10.54,3,10,3.16,31.62,28.46,Credit Card,14,5,False,South,141.87
8787,06-25-24,3676,27,Female,Beauty,0.81,9,10,0.73,7.29,6.56,Mobile Wallet,23,5,False,South,12.21
8788,08-11-23,2627,57,Female,Books,22.13,1,15,3.32,22.13,18.81,Debit Card,17,4,False,South,411.45
8789,07-16-23,4472,22,Male,Beauty,22.12,1,5,1.11,22.12,21.01,Credit Card,21,5,False,West,1601.72
8790,10-16-23,1027,32,Female,Home & Garden,66.42,2,20,26.57,132.84,106.27,Debit Card,21,2,False,South,293.37
8791,06-25-23,3984,28,Other,Clothing,125.94,6,0,0.0,755.64,755.64,Debit Card,17,5,False,North,1578.24
8792,07-04-24,2985,29,Other,Beauty,23.26,2,20,9.3,46.52,37.22,PayPal,22,4,False,East,1265.88
8793,01-05-23,2560,76,Female,Electronics,58.26,4,15,34.96,233.04,198.08,Credit Card,18,4,False,West,1202.68
8794,04-12-23,1057,8,Female,Sports,50.38,6,15,45.34,302.28,256.94,Debit Card,3,5,False,North,652.43
8795,08-08-23,2521,44,Female,Electronics,27.42,2,10,5.48,54.84,49.36,Debit Card,21,2,False,West,166.24
8796,05-31-24,1296,71,Male,Electronics,3.41,4,15,2.05,13.64,11.59,Debit Card,15,4,False,North,11.59
8797,12-25-24,3181,51,Other,Electronics,32.07,7,20,44.9,224.49,179.59,Mobile Wallet,12,4,True,West,1662.29
8798,05-01-24,4402,35,Male,Home & Garden,21.86,1,15,3.28,21.86,18.58,Debit Card,16,4,False,East,165.52
8799,01-11-24,3296,17,Male,Home & Garden,39.95,9,20,71.91,359.55,287.64,PayPal,6,5,False,West,460.28
8800,12-15-24,4068,54,Female,Beauty,6.7,7,10,4.69,46.9,42.21,PayPal,14,5,False,East,740.12
8801,08-26-24,3597,49,Female,Books,64.41,9,10,57.97,579.69,521.72,Credit Card,27,4,False,West,756.58
8802,07-09-23,1901,12,Other,Sports,77.5,7,15,81.38,542.5,461.12,Debit Card,18,5,False,West,1421.64
8803,03-26-24,2964,30,Female,Beauty,24.59,1,0,0.0,24.59,24.59,Credit Card,20,5,False,North,585.04
8804,11-20-24,2098,16,Other,Electronics,9.64,7,10,6.75,67.48,60.73,Credit Card,3,5,False,East,1495.52
8805,04-20-23,2677,-7,Male,Beauty,48.85,9,5,21.98,439.65,417.67,PayPal,17,3,False,North,627.89
8806,07-05-23,3881,16,Other,Clothing,155.97,8,5,62.39,1247.76,1185.37,Debit Card,20,4,False,West,1374.15
8807,12-30-23,2191,36,Other,Beauty,60.28,4,10,24.11,241.12,217.01,PayPal,6,3,False,West,2255.33
8808,01-24-24,1770,43,Other,Beauty,6.59,5,15,4.94,32.95,28.01,Mobile Wallet,26,4,False,East,172.88
8809,03-10-24,2526,30,Male,Electronics,25.31,3,10,7.59,75.93,68.34,Debit Card,7,5,False,East,1988.46
8810,08-08-23,4956,55,Male,Beauty,123.47,2,15,37.04,246.94,209.9,Debit Card,6,3,False,South,815.19
8811,06-10-24,2378,50,Female,Sports,50.31,3,20,30.19,150.93,120.74,Credit Card,12,2,False,East,950.34
8812,08-22-23,2248,33,Female,Electronics,7.96,7,0,0.0,55.72,55.72,Credit Card,17,4,True,North,197.27
8813,02-22-24,4735,31,Other,Home & Garden,64.48,8,0,0.0,515.84,515.84,PayPal,21,1,False,East,1624.08
8814,04-26-23,2554,40,Other,Home & Garden,21.81,2,20,8.72,43.62,34.9,Mobile Wallet,21,5,False,West,34.9
8815,11-18-23,1145,34,Male,Beauty,33.62,9,20,60.52,302.58,242.06,PayPal,6,5,False,East,383.74
8816,05-07-23,2983,13,Male,Beauty,26.81,4,20,21.45,107.24,85.79,Mobile Wallet,15,3,False,South,439.33
8817,04-22-24,2264,30,Male,Sports,64.68,2,0,0.0,129.36,129.36,Debit Card,5,4,False,West,268.87
8818,04-23-23,2907,44,Other,Books,12.29,7,10,8.6,86.03,77.43,Credit Card,25,5,True,East,709.2
8819,06-16-24,3940,54,Other,Electronics,24.58,2,5,2.46,49.16,46.7,Credit Card,22,5,False,West,513.13
8820,05-20-23,3391,49,Male,Sports,68.24,7,15,71.65,477.68,406.03,Debit Card,15,2,False,West,410.35
8821,05-22-24,2772,40,Other,Beauty,61.0,8,5,24.4,488.0,463.6,Mobile Wallet,11,4,False,East,1776.28
8822,01-05-24,2058,56,Male,Beauty,11.27,9,15,15.21,101.43,86.22,PayPal,9,5,False,South,393.55
8823,12-22-24,3749,41,Female,Beauty,21.59,1,0,0.0,21.59,21.59,Debit Card,4,5,True,South,1093.32
8824,10-23-23,3048,33,Male,Beauty,0.72,2,10,0.14,1.44,1.3,Credit Card,3,3,False,South,672.38
8825,07-24-24,3019,57,Other,Clothing,37.77,2,5,3.78,75.54,71.76,Mobile Wallet,13,2,False,South,236.34
8826,02-11-23,1152,45,Other,Beauty,16.49,7,20,23.09,115.43,92.34,PayPal,6,5,False,East,157.86
8827,03-26-23,3476,54,Other,Beauty,0.6,6,20,0.72,3.6,2.88,Debit Card,1,5,False,West,461.41
8828,12-02-23,1507,17,Other,Clothing,27.64,9,20,49.75,248.76,199.01,Credit Card,10,2,False,West,794.82
8829,05-20-24,4197,22,Male,Books,130.78,3,5,19.62,392.34,372.72,Mobile Wallet,5,5,True,South,1940.7
8830,04-29-23,1490,22,Male,Home & Garden,128.46,8,10,102.77,1027.68,924.91,PayPal,2,3,False,North,2700.31
8831,01-30-24,4553,37,Female,Beauty,23.27,5,10,11.64,116.35,104.71,Debit Card,22,4,False,South,412.22
8832,10-18-23,1344,62,Male,Beauty,29.82,5,20,29.82,149.1,119.28,PayPal,19,3,False,West,503.61
8833,04-12-24,2935,17,Female,Sports,13.9,5,5,3.48,69.5,66.02,Debit Card,16,5,False,West,2298.22
8834,09-06-24,2761,48,Male,Electronics,3.54,8,20,5.66,28.32,22.66,Mobile Wallet,29,5,False,West,31.92
8835,11-16-23,1220,16,Male,Sports,59.2,7,15,62.16,414.4,352.24,Credit Card,9,3,False,North,773.96
8836,12-04-24,2938,66,Other,Beauty,80.49,7,15,84.51,563.43,478.92,Debit Card,18,3,False,East,956.41
8837,03-30-24,2942,11,Female,Books,106.06,4,5,21.21,424.24,403.03,Debit Card,17,5,False,East,753.34
8838,08-20-23,1722,46,Other,Sports,136.89,6,15,123.2,821.34,698.14,Mobile Wallet,7,4,False,West,1360.62
8839,07-21-24,4096,48,Other,Books,123.83,1,0,0.0,123.83,123.83,Mobile Wallet,21,2,False,South,808.11
8840,02-22-24,1527,44,Male,Books,1.39,6,0,0.0,8.34,8.34,Credit Card,17,5,False,East,8.34
8841,10-25-23,4253,21,Male,Beauty,191.05,5,0,0.0,955.25,955.25,Mobile Wallet,21,5,False,West,2288.98
8842,03-14-24,2522,19,Female,Books,23.86,1,15,3.58,23.86,20.28,PayPal,20,4,False,North,1356.3
8843,07-13-23,3888,54,Female,Sports,108.63,1,10,10.86,108.63,97.77,PayPal,1,4,False,West,873.68
8844,03-13-23,2664,50,Male,Clothing,29.06,3,0,0.0,87.18,87.18,Credit Card,8,4,False,West,647.08
8845,05-02-24,4113,50,Female,Electronics,27.43,4,20,21.94,109.72,87.78,Credit Card,20,4,False,South,836.54
8846,11-26-24,4986,52,Male,Books,0.56,1,10,0.06,0.56,0.5,Mobile Wallet,10,4,False,North,856.61
8847,01-12-24,1480,11,Male,Beauty,2.69,7,5,0.94,18.83,17.89,PayPal,23,4,True,North,496.96
8848,07-03-23,3977,11,Male,Home & Garden,55.63,2,15,16.69,111.26,94.57,Mobile Wallet,6,4,False,South,349.83
8849,01-14-23,2871,24,Female,Books,138.74,4,20,110.99,554.96,443.97,Credit Card,9,2,False,South,443.97
8850,11-21-24,4819,27,Other,Sports,12.71,9,5,5.72,114.39,108.67,PayPal,1,5,False,West,108.67
8851,05-18-24,3919,26,Female,Books,4.93,8,15,5.92,39.44,33.52,Credit Card,10,5,False,North,1402.5
8852,11-19-24,2462,39,Other,Home & Garden,12.03,2,15,3.61,24.06,20.45,Credit Card,25,5,False,West,2661.14
8853,04-18-23,2425,51,Female,Clothing,11.93,9,20,21.47,107.37,85.9,Mobile Wallet,24,1,False,West,85.9
8854,02-10-24,4617,30,Other,Sports,17.35,1,15,2.6,17.35,14.75,Credit Card,29,4,False,South,14.75
8855,03-24-24,1344,22,Other,Sports,4.98,6,15,4.48,29.88,25.4,Mobile Wallet,12,5,False,West,503.61
8856,06-19-24,4964,47,Female,Beauty,13.43,3,15,6.04,40.29,34.25,Credit Card,11,2,False,West,90.54
8857,11-05-24,1044,30,Female,Sports,127.09,1,10,12.71,127.09,114.38,Credit Card,5,5,False,South,376.52
8858,11-23-24,4717,36,Other,Home & Garden,110.46,8,0,0.0,883.68,883.68,Credit Card,19,2,False,East,972.41
8859,03-29-23,3068,30,Male,Sports,19.01,6,20,22.81,114.06,91.25,PayPal,10,5,False,East,2143.21
8860,05-03-23,2657,40,Other,Clothing,288.71,4,10,115.48,1154.84,1039.36,Credit Card,18,5,False,South,1219.34
8861,05-27-23,4141,19,Other,Electronics,17.72,3,20,10.63,53.16,42.53,Debit Card,9,5,False,North,308.42
8862,02-09-24,2887,45,Male,Electronics,63.98,2,10,12.8,127.96,115.16,PayPal,29,5,False,South,1389.3
8863,02-15-24,3920,34,Other,Books,51.64,5,15,38.73,258.2,219.47,Debit Card,3,5,False,West,701.07
8864,12-12-24,3095,23,Male,Electronics,3.34,8,15,4.01,26.72,22.71,Credit Card,4,4,True,East,310.87
8865,08-27-24,2514,42,Male,Home & Garden,20.95,8,10,16.76,167.6,150.84,PayPal,22,4,False,South,392.27
8866,04-15-23,3598,23,Female,Electronics,151.31,3,15,68.09,453.93,385.84,Debit Card,21,4,False,East,790.65
8867,06-22-23,3334,24,Other,Home & Garden,2.61,9,0,0.0,23.49,23.49,Credit Card,6,3,False,West,3436.42
8868,03-08-23,2001,16,Other,Home & Garden,9.61,5,20,9.61,48.05,38.44,PayPal,2,4,False,East,1445.68
8869,01-08-24,2033,9,Male,Books,176.93,7,15,185.78,1238.51,1052.73,Credit Card,5,5,False,North,1149.8
8870,07-23-23,3589,43,Other,Electronics,2.03,9,5,0.91,18.27,17.36,Mobile Wallet,20,4,False,South,124.3
8871,12-13-23,3040,52,Male,Books,29.58,7,10,20.71,207.06,186.35,Mobile Wallet,13,5,False,East,269.65
8872,07-25-23,3803,28,Other,Sports,125.27,3,10,37.58,375.81,338.23,Debit Card,1,2,True,West,502.42
8873,09-01-24,1273,23,Other,Clothing,143.83,2,15,43.15,287.66,244.51,PayPal,14,1,False,South,939.46
8874,02-18-24,1955,7,Male,Electronics,193.93,7,10,135.75,1357.51,1221.76,PayPal,20,4,False,West,1955.32
8875,05-06-23,3647,2,Male,Sports,32.82,8,5,13.13,262.56,249.43,PayPal,11,5,False,North,249.43
8876,08-27-23,2779,45,Other,Beauty,4.52,4,10,1.81,18.08,16.27,PayPal,2,3,True,North,88.59
8877,03-10-24,1380,5,Other,Sports,74.07,1,5,3.7,74.07,70.37,PayPal,15,4,False,North,781.31
8878,05-26-24,2352,17,Male,Books,61.72,6,10,37.03,370.32,333.29,Debit Card,7,5,False,North,390.8
8879,10-13-23,1478,39,Female,Books,43.33,9,10,39.0,389.97,350.97,PayPal,23,5,False,South,350.97
8880,12-31-24,3062,36,Female,Clothing,109.57,4,5,21.91,438.28,416.37,Mobile Wallet,5,3,False,West,2145.37
8881,08-18-24,1515,39,Other,Clothing,121.28,3,20,72.77,363.84,291.07,Mobile Wallet,12,4,False,West,1269.67
8882,08-30-24,1190,35,Other,Clothing,57.48,6,0,0.0,344.88,344.88,PayPal,17,4,True,West,1498.69
8883,10-07-23,2191,29,Other,Clothing,5.94,6,5,1.78,35.64,33.86,Credit Card,16,5,False,East,2255.33
8884,10-21-24,4592,17,Male,Books,5.02,4,0,0.0,20.08,20.08,PayPal,17,5,False,South,20.08
8885,02-14-24,3668,25,Other,Home & Garden,26.27,7,10,18.39,183.89,165.5,Debit Card,27,3,False,South,579.15
8886,12-31-23,2160,30,Other,Books,17.32,2,20,6.93,34.64,27.71,Mobile Wallet,7,4,False,East,2140.02
8887,05-02-24,3201,6,Other,Home & Garden,7.13,1,5,0.36,7.13,6.77,Mobile Wallet,26,5,False,North,255.12
8888,11-13-24,2411,23,Female,Books,47.23,6,20,56.68,283.38,226.7,Debit Card,1,3,False,West,528.98
8889,09-09-24,4280,29,Other,Beauty,57.53,3,5,8.63,172.59,163.96,Debit Card,2,5,False,South,805.01
8890,02-19-24,1271,24,Other,Books,59.86,3,15,26.94,179.58,152.64,Credit Card,20,4,False,North,236.96
8891,05-11-24,1142,29,Male,Clothing,9.64,1,5,0.48,9.64,9.16,Mobile Wallet,5,5,False,East,1207.51
8892,06-07-24,4682,45,Female,Home & Garden,18.25,2,0,0.0,36.5,36.5,PayPal,27,2,False,West,265.55
8893,10-13-23,2912,46,Male,Sports,11.1,3,15,4.99,33.3,28.31,Debit Card,1,4,False,West,95.45
8894,05-31-23,4891,57,Other,Beauty,45.98,1,10,4.6,45.98,41.38,PayPal,13,3,False,East,205.09
8895,04-10-24,2092,12,Other,Sports,41.86,8,5,16.74,334.88,318.14,Debit Card,1,1,False,East,965.39
8896,04-21-23,3294,28,Other,Beauty,34.99,6,0,0.0,209.94,209.94,Debit Card,19,5,False,North,1270.51
8897,05-06-23,4332,53,Other,Sports,17.55,9,10,15.8,157.95,142.15,Mobile Wallet,1,4,False,North,454.81
8898,09-14-23,1787,8,Other,Clothing,13.53,1,0,0.0,13.53,13.53,Debit Card,3,5,False,East,371.12
8899,05-16-24,3126,17,Male,Sports,110.55,4,10,44.22,442.2,397.98,Mobile Wallet,5,5,False,North,640.74
8900,05-24-24,2681,25,Other,Books,2.5,4,5,0.5,10.0,9.5,Credit Card,28,2,False,North,1098.54
8901,08-25-23,1622,65,Other,Clothing,53.41,5,20,53.41,267.05,213.64,Mobile Wallet,19,3,False,East,257.48
8902,10-05-24,4841,20,Female,Sports,0.99,2,10,0.2,1.98,1.78,PayPal,12,5,False,North,59.83
8903,05-18-23,4676,51,Female,Clothing,10.77,1,20,2.15,10.77,8.62,PayPal,26,5,True,South,496.69
8904,01-31-23,3572,34,Other,Books,17.09,9,10,15.38,153.81,138.43,PayPal,8,5,False,East,292.35
8905,04-12-23,3819,17,Other,Clothing,108.79,5,20,108.79,543.95,435.16,PayPal,5,4,False,West,554.36
8906,02-24-23,1937,76,Other,Sports,7.41,8,5,2.96,59.28,56.32,Mobile Wallet,15,5,False,East,56.32
8907,03-11-23,4692,37,Other,Clothing,138.88,3,0,0.0,416.64,416.64,Mobile Wallet,11,3,False,East,490.59
8908,05-25-24,4401,40,Other,Beauty,84.49,4,5,16.9,337.96,321.06,Debit Card,15,5,False,North,761.88
8909,11-25-24,4260,43,Other,Electronics,56.82,4,10,22.73,227.28,204.55,Mobile Wallet,5,4,False,East,204.55
8910,01-28-23,2118,41,Male,Sports,26.53,6,15,23.88,159.18,135.3,PayPal,6,5,False,North,518.6
8911,07-03-23,1616,67,Male,Books,117.83,4,0,0.0,471.32,471.32,Mobile Wallet,28,3,False,North,838.29
8912,01-27-24,2031,61,Male,Home & Garden,37.53,5,20,37.53,187.65,150.12,Credit Card,4,2,False,South,1298.97
8913,09-11-24,1066,21,Female,Clothing,23.2,5,0,0.0,116.0,116.0,Credit Card,5,1,True,North,599.2
8914,11-26-24,4567,65,Other,Beauty,44.05,8,0,0.0,352.4,352.4,Credit Card,13,5,False,West,440.04
8915,12-01-23,1190,24,Female,Clothing,13.22,9,5,5.95,118.98,113.03,PayPal,22,3,False,West,1498.69
8916,06-06-23,4437,39,Female,Sports,15.93,8,10,12.74,127.44,114.7,Credit Card,12,4,False,South,114.7
8917,11-07-23,3815,13,Female,Beauty,125.86,5,5,31.46,629.3,597.84,Debit Card,6,5,False,South,1164.7
8918,09-28-24,1520,50,Male,Sports,78.98,6,10,47.39,473.88,426.49,Credit Card,5,4,False,South,1558.53
8919,09-30-24,1989,30,Other,Electronics,36.03,4,15,21.62,144.12,122.5,PayPal,28,3,False,South,881.24
8920,04-09-23,2140,17,Other,Books,26.94,2,5,2.69,53.88,51.19,Debit Card,10,3,False,South,1316.86
8921,03-20-23,3314,52,Female,Beauty,82.4,5,15,61.8,412.0,350.2,Credit Card,28,4,False,West,522.03
8922,11-07-24,2634,56,Male,Beauty,42.27,1,10,4.23,42.27,38.04,Mobile Wallet,6,4,False,North,777.22
8923,06-16-24,3532,57,Female,Clothing,26.81,1,0,0.0,26.81,26.81,Mobile Wallet,9,4,False,North,2114.83
8924,05-19-24,4580,12,Female,Clothing,36.23,1,15,5.43,36.23,30.8,PayPal,24,5,False,South,2247.25
8925,04-22-24,4369,58,Other,Home & Garden,13.24,4,15,7.94,52.96,45.02,PayPal,20,1,False,North,2282.98
8926,07-26-23,4980,30,Male,Beauty,11.28,5,10,5.64,56.4,50.76,PayPal,18,4,False,North,241.14
8927,10-28-23,2187,65,Other,Clothing,225.91,4,10,90.36,903.64,813.28,Debit Card,4,5,False,South,1561.56
8928,11-08-24,1375,44,Female,Clothing,174.65,6,5,52.4,1047.9,995.5,PayPal,13,5,False,East,1104.0
8929,05-24-24,1652,38,Other,Electronics,27.31,2,5,2.73,54.62,51.89,Credit Card,22,4,False,West,107.25
8930,05-17-24,4339,35,Female,Home & Garden,36.21,5,10,18.1,181.05,162.95,Credit Card,26,5,True,North,2633.92
8931,05-31-24,1548,34,Male,Clothing,87.78,6,15,79.0,526.68,447.68,Mobile Wallet,23,4,False,North,572.1
8932,09-25-23,2097,24,Other,Clothing,64.7,5,20,64.7,323.5,258.8,Mobile Wallet,27,3,False,West,258.8
8933,07-09-24,4579,18,Other,Books,5.24,6,5,1.57,31.44,29.87,Credit Card,4,5,False,West,292.88
8934,12-18-23,1072,29,Other,Beauty,23.47,8,10,18.78,187.76,168.98,Mobile Wallet,13,3,False,East,1005.16
8935,07-07-24,3355,52,Other,Clothing,14.39,2,20,5.76,28.78,23.02,PayPal,11,5,False,North,110.26
8936,07-13-24,1198,14,Other,Electronics,245.52,7,20,343.73,1718.64,1374.91,PayPal,11,5,False,North,1547.62
8937,01-19-23,4201,55,Male,Clothing,69.06,6,20,82.87,414.36,331.49,Credit Card,19,4,False,East,1797.38
8938,02-02-23,2781,37,Male,Beauty,2.45,8,20,3.92,19.6,15.68,Debit Card,1,2,False,West,954.16
8939,03-16-24,4895,46,Other,Clothing,115.15,9,0,0.0,1036.35,1036.35,Debit Card,14,5,False,South,1104.17
8940,05-02-23,1571,47,Female,Sports,131.53,8,5,52.61,1052.24,999.63,Debit Card,13,4,False,South,1902.34
8941,01-28-24,1790,48,Female,Clothing,20.27,5,20,20.27,101.35,81.08,Mobile Wallet,7,2,False,North,646.67
8942,04-05-24,2638,35,Other,Home & Garden,51.36,4,20,41.09,205.44,164.35,Debit Card,1,4,False,West,599.21
8943,11-19-23,2831,35,Other,Beauty,57.29,3,10,17.19,171.87,154.68,PayPal,13,3,False,North,565.0
8944,01-21-24,2855,48,Male,Beauty,65.38,9,10,58.84,588.42,529.58,Debit Card,24,5,False,West,2514.91
8945,03-29-24,2510,19,Male,Sports,59.13,7,0,0.0,413.91,413.91,Credit Card,5,4,False,West,513.82
8946,04-15-24,4924,17,Other,Home & Garden,41.02,1,20,8.2,41.02,32.82,Mobile Wallet,8,4,False,South,1324.7
8947,02-06-23,2174,28,Other,Home & Garden,153.79,3,0,0.0,461.37,461.37,PayPal,14,4,False,South,461.37
8948,02-03-23,4740,39,Female,Beauty,35.91,3,10,10.77,107.73,96.96,PayPal,2,5,False,North,275.32
8949,07-01-23,4277,63,Male,Electronics,5.88,6,5,1.76,35.28,33.52,Credit Card,19,5,False,East,331.56
8950,07-24-24,1178,35,Other,Clothing,4.19,2,15,1.26,8.38,7.12,Mobile Wallet,4,4,False,East,824.14
8951,11-06-24,3244,65,Male,Home & Garden,0.93,4,15,0.56,3.72,3.16,Credit Card,2,2,False,South,335.83
8952,11-07-23,1734,42,Other,Clothing,27.92,2,0,0.0,55.84,55.84,Debit Card,4,4,False,South,356.16
8953,12-24-24,3136,28,Other,Clothing,15.96,5,10,7.98,79.8,71.82,Mobile Wallet,6,3,False,North,619.06
8954,06-18-23,1798,52,Other,Electronics,112.79,4,15,67.67,451.16,383.49,Mobile Wallet,27,5,False,East,383.49
8955,05-18-24,4505,31,Other,Electronics,100.93,4,20,80.74,403.72,322.98,PayPal,29,5,False,West,378.66
8956,03-17-24,1787,38,Female,Home & Garden,90.96,4,5,18.19,363.84,345.65,Debit Card,23,4,False,East,371.12
8957,05-18-23,3795,14,Other,Home & Garden,100.97,4,10,40.39,403.88,363.49,Debit Card,22,1,False,West,959.03
8958,11-16-23,4254,12,Female,Beauty,17.66,5,0,0.0,88.3,88.3,PayPal,23,4,False,North,185.86
8959,02-03-24,1208,43,Female,Sports,27.77,2,10,5.55,55.54,49.99,Credit Card,18,5,False,West,49.99
8960,05-14-24,1492,51,Other,Clothing,18.68,6,5,5.6,112.08,106.48,PayPal,1,3,False,West,1056.81
8961,04-23-23,4201,64,Male,Beauty,4.5,1,10,0.45,4.5,4.05,Credit Card,13,5,False,East,1797.38
8962,08-05-24,3712,22,Male,Clothing,128.88,2,0,0.0,257.76,257.76,Credit Card,15,3,False,East,646.73
8963,11-22-24,4084,56,Other,Electronics,47.85,3,20,28.71,143.55,114.84,Mobile Wallet,9,5,False,East,879.31
8964,05-17-24,2657,54,Other,Electronics,7.11,2,10,1.42,14.22,12.8,Debit Card,23,5,False,East,1219.34
8965,11-06-24,3918,27,Other,Beauty,11.54,3,0,0.0,34.62,34.62,Debit Card,29,5,False,West,410.2
8966,07-21-24,1731,55,Male,Home & Garden,29.96,8,20,47.94,239.68,191.74,Debit Card,29,5,False,East,796.51
8967,12-02-24,2129,49,Male,Sports,2.66,3,15,1.2,7.98,6.78,PayPal,27,4,False,West,52.51
8968,07-06-24,4446,52,Other,Sports,15.87,1,10,1.59,15.87,14.28,PayPal,2,5,False,South,1055.84
8969,08-08-24,2605,67,Male,Electronics,60.78,8,20,97.25,486.24,388.99,Credit Card,14,4,False,North,1005.44
8970,04-26-24,4778,51,Female,Electronics,126.54,8,15,151.85,1012.32,860.47,Credit Card,23,5,False,South,2092.57
8971,05-02-24,3745,2,Male,Sports,132.06,7,10,92.44,924.42,831.98,PayPal,4,5,False,South,1572.13
8972,07-29-24,4170,39,Male,Sports,36.7,4,10,14.68,146.8,132.12,Mobile Wallet,19,5,False,West,1449.09
8973,06-10-23,1593,11,Other,Home & Garden,18.71,5,5,4.68,93.55,88.87,PayPal,20,4,False,East,334.56
8974,06-02-24,4658,37,Female,Sports,126.75,6,10,76.05,760.5,684.45,Credit Card,5,5,False,North,846.56
8975,02-27-23,3933,36,Other,Clothing,77.24,6,10,46.34,463.44,417.1,Mobile Wallet,9,5,False,South,1246.98
8976,02-05-24,3899,26,Male,Sports,44.23,7,20,61.92,309.61,247.69,Credit Card,20,2,False,East,290.04
8977,09-27-23,2215,19,Female,Books,89.96,4,0,0.0,359.84,359.84,PayPal,25,5,False,East,1183.55
8978,05-21-24,1324,27,Other,Sports,30.7,8,5,12.28,245.6,233.32,Debit Card,20,5,False,West,233.32
8979,08-28-24,1978,29,Male,Electronics,5.95,2,10,1.19,11.9,10.71,Mobile Wallet,17,2,False,West,283.74
8980,01-22-24,2749,33,Female,Electronics,139.22,9,20,250.6,1252.98,1002.38,PayPal,27,5,False,East,1850.82
8981,09-23-24,2850,36,Other,Books,38.18,6,20,45.82,229.08,183.26,Mobile Wallet,28,5,False,North,2271.14
8982,11-23-24,4003,43,Female,Clothing,59.42,1,0,0.0,59.42,59.42,Debit Card,27,3,False,South,235.7
8983,12-28-23,2490,30,Male,Sports,24.9,1,15,3.74,24.9,21.16,Debit Card,16,4,False,South,633.69
8984,10-19-23,1893,54,Other,Sports,7.29,8,10,5.83,58.32,52.49,PayPal,27,3,False,West,52.49
8985,11-25-23,2390,34,Male,Books,15.86,7,15,16.65,111.02,94.37,Credit Card,17,5,False,North,1481.68
8986,03-04-23,4389,48,Female,Home & Garden,2.23,3,0,0.0,6.69,6.69,Mobile Wallet,20,4,False,North,1241.15
8987,01-29-23,1143,30,Male,Home & Garden,4.58,8,20,7.33,36.64,29.31,Mobile Wallet,20,4,True,East,166.32
8988,08-27-24,1383,76,Female,Clothing,11.47,8,15,13.76,91.76,78.0,Debit Card,26,1,False,East,806.16
8989,02-16-23,3263,42,Other,Sports,41.16,7,0,0.0,288.12,288.12,PayPal,7,5,False,West,376.86
8990,05-12-23,4432,59,Male,Sports,247.28,5,15,185.46,1236.4,1050.94,Debit Card,1,4,False,West,1650.1
8991,01-11-24,3371,24,Other,Sports,92.81,8,20,148.5,742.48,593.98,Debit Card,12,5,False,South,1570.47
8992,12-24-23,4086,28,Other,Electronics,4.49,5,10,2.24,22.45,20.21,Credit Card,21,4,False,East,48.12
8993,08-20-24,1216,31,Other,Beauty,92.37,1,5,4.62,92.37,87.75,Debit Card,26,5,False,West,1017.07
8994,01-28-23,2515,72,Other,Home & Garden,38.43,8,20,61.49,307.44,245.95,PayPal,24,3,False,East,793.49
8995,10-02-24,3998,31,Male,Beauty,53.99,7,15,56.69,377.93,321.24,Debit Card,24,3,False,North,451.63
8996,12-16-23,4618,22,Male,Books,6.95,7,10,4.86,48.65,43.79,PayPal,23,4,False,South,556.47
8997,01-25-24,3230,54,Other,Beauty,25.16,2,5,2.52,50.32,47.8,Debit Card,20,2,False,East,1206.11
8998,04-10-23,3317,35,Other,Electronics,107.76,3,0,0.0,323.28,323.28,Credit Card,23,4,False,East,701.7
8999,03-14-24,3992,31,Female,Electronics,27.7,3,10,8.31,83.1,74.79,Credit Card,17,4,False,East,414.59
9000,12-20-23,2490,25,Other,Home & Garden,6.8,6,20,8.16,40.8,32.64,Debit Card,15,2,True,North,633.69
9001,01-01-24,3917,42,Female,Sports,18.63,6,15,16.77,111.78,95.01,Credit Card,6,4,False,South,95.01
9002,02-26-24,2635,50,Female,Clothing,12.52,3,5,1.88,37.56,35.68,Mobile Wallet,13,3,False,North,1085.89
9003,12-26-23,4590,46,Other,Beauty,58.06,5,10,29.03,290.3,261.27,Mobile Wallet,23,5,False,East,382.65
9004,02-27-23,4613,27,Male,Books,120.97,9,5,54.44,1088.73,1034.29,Debit Card,12,4,False,South,2012.54
9005,11-08-24,3514,20,Female,Home & Garden,66.12,7,5,23.14,462.84,439.7,Debit Card,3,5,False,East,1871.74
9006,09-08-23,3352,-25,Male,Clothing,92.77,9,10,83.49,834.93,751.44,Credit Card,8,4,True,South,2555.84
9007,09-11-23,2167,20,Other,Home & Garden,81.95,2,15,24.58,163.9,139.32,Credit Card,24,4,False,West,1214.52
9008,08-29-23,1110,29,Other,Home & Garden,0.74,1,0,0.0,0.74,0.74,Debit Card,24,4,False,North,354.62
9009,10-25-24,2013,34,Other,Home & Garden,6.64,2,10,1.33,13.28,11.95,PayPal,27,3,False,North,655.6
9010,11-16-23,1231,30,Other,Home & Garden,27.53,6,0,0.0,165.18,165.18,PayPal,16,5,True,East,706.42
9011,08-29-24,2714,77,Female,Sports,5.94,7,5,2.08,41.58,39.5,Mobile Wallet,15,3,False,East,752.55
9012,03-28-23,4655,42,Female,Electronics,66.39,8,5,26.56,531.12,504.56,Credit Card,21,3,False,East,1309.4
9013,12-05-24,4793,16,Male,Beauty,3.64,6,15,3.28,21.84,18.56,Credit Card,29,1,False,North,658.01
9014,03-09-23,2755,44,Male,Home & Garden,26.91,6,10,16.15,161.46,145.31,Mobile Wallet,7,5,False,West,243.59
9015,11-09-23,4663,40,Female,Clothing,24.9,3,10,7.47,74.7,67.23,PayPal,16,5,False,West,143.56
9016,04-28-23,4571,19,Other,Beauty,39.2,9,20,70.56,352.8,282.24,PayPal,21,3,False,North,483.4
9017,12-12-23,3642,39,Male,Clothing,49.63,2,15,14.89,99.26,84.37,Mobile Wallet,29,4,False,South,838.42
9018,06-23-23,2577,42,Female,Clothing,146.83,5,10,73.42,734.15,660.73,Debit Card,24,4,False,West,2916.92
9019,01-21-23,2296,50,Male,Electronics,15.82,3,5,2.37,47.46,45.09,Credit Card,25,2,False,West,2674.26
9020,07-05-24,4774,8,Female,Electronics,54.83,1,15,8.22,54.83,46.61,Debit Card,11,4,False,South,1435.22
9021,11-30-23,3220,44,Other,Clothing,1.79,2,20,0.72,3.58,2.86,Debit Card,4,2,False,South,202.1
9022,02-08-23,1972,56,Female,Sports,0.05,6,20,0.06,0.3,0.24,PayPal,16,4,False,North,654.81
9023,04-16-24,2030,63,Male,Electronics,1.28,1,5,0.06,1.28,1.22,Debit Card,4,2,False,South,751.2
9024,11-04-24,4226,16,Female,Electronics,29.79,2,10,5.96,59.58,53.62,Credit Card,27,4,False,East,1538.39
9025,03-08-24,4593,32,Male,Sports,40.49,5,5,10.12,202.45,192.33,Credit Card,23,1,True,East,622.89
9026,08-04-24,3593,34,Male,Home & Garden,0.31,1,20,0.06,0.31,0.25,Credit Card,23,5,False,West,1278.97
9027,06-11-24,3595,45,Male,Electronics,25.24,4,15,15.14,100.96,85.82,Mobile Wallet,28,5,False,North,388.27
9028,03-07-24,4992,32,Other,Beauty,2.09,5,10,1.04,10.45,9.41,Debit Card,11,4,False,North,1028.76
9029,10-01-23,1517,24,Other,Clothing,52.96,5,5,13.24,264.8,251.56,Debit Card,24,4,False,South,547.27
9030,01-21-23,4991,38,Female,Clothing,49.88,5,10,24.94,249.4,224.46,Credit Card,16,2,False,West,610.39
9031,12-13-24,1913,29,Female,Sports,76.67,9,15,103.5,690.03,586.53,Mobile Wallet,16,1,False,West,877.07
9032,04-25-24,3262,43,Male,Clothing,39.51,9,20,71.12,355.59,284.47,Mobile Wallet,7,4,False,West,427.41
9033,08-25-24,3181,22,Other,Books,48.77,5,5,12.19,243.85,231.66,PayPal,23,5,False,North,1662.29
9034,01-23-23,3332,19,Female,Clothing,16.38,6,20,19.66,98.28,78.62,PayPal,6,5,False,North,263.24
9035,11-21-23,4197,54,Female,Sports,4.47,8,5,1.79,35.76,33.97,Credit Card,22,2,False,East,1940.7
9036,01-22-24,2944,69,Other,Sports,66.84,7,10,46.79,467.88,421.09,Debit Card,10,5,False,South,1094.65
9037,08-07-24,2462,62,Male,Sports,47.32,6,0,0.0,283.92,283.92,Debit Card,19,4,False,North,2661.14
9038,02-04-24,2872,33,Female,Beauty,139.3,4,5,27.86,557.2,529.34,Debit Card,20,3,False,West,753.7
9039,11-27-23,3733,50,Male,Books,226.53,3,5,33.98,679.59,645.61,Mobile Wallet,15,5,False,South,1146.47
9040,08-09-24,4223,24,Other,Electronics,93.96,4,20,75.17,375.84,300.67,Debit Card,26,5,False,North,325.15
9041,04-11-23,3378,42,Other,Home & Garden,212.1,3,0,0.0,636.3,636.3,Mobile Wallet,4,3,False,West,946.99
9042,05-15-24,4609,26,Female,Clothing,52.13,8,0,0.0,417.04,417.04,Credit Card,25,5,False,West,1823.13
9043,04-13-23,4454,53,Female,Beauty,4.82,6,0,0.0,28.92,28.92,Debit Card,6,4,False,South,28.92
9044,12-08-24,4186,51,Other,Electronics,4.71,6,0,0.0,28.26,28.26,Mobile Wallet,28,2,False,East,790.55
9045,11-22-24,3941,66,Male,Sports,82.28,1,15,12.34,82.28,69.94,Credit Card,26,5,False,West,421.96
9046,07-30-23,4553,31,Male,Electronics,13.52,5,10,6.76,67.6,60.84,Credit Card,19,5,False,West,412.22
9047,12-11-23,2307,58,Other,Electronics,3.15,8,5,1.26,25.2,23.94,Mobile Wallet,28,4,False,West,78.63
9048,05-23-24,1898,42,Female,Books,31.96,2,10,6.39,63.92,57.53,Mobile Wallet,27,4,False,West,985.61
9049,05-29-24,2098,36,Other,Sports,18.89,3,10,5.67,56.67,51.0,Debit Card,20,4,False,East,1495.52
9050,11-14-24,2189,40,Female,Beauty,44.35,9,10,39.92,399.15,359.23,PayPal,29,3,False,East,463.02
9051,12-14-23,2212,60,Male,Beauty,45.83,4,10,18.33,183.32,164.99,Debit Card,22,2,False,East,1294.64
9052,06-20-23,3125,33,Female,Sports,57.21,5,15,42.91,286.05,243.14,PayPal,12,5,False,West,638.36
9053,09-21-24,3994,33,Male,Clothing,42.95,7,20,60.13,300.65,240.52,Mobile Wallet,6,5,False,East,1762.42
9054,11-03-23,4673,4,Other,Beauty,23.98,5,15,17.98,119.9,101.92,PayPal,13,5,True,South,394.84
9055,01-08-24,1687,32,Female,Beauty,1.2,2,5,0.12,2.4,2.28,Mobile Wallet,28,2,False,West,324.62
9056,03-22-24,3068,38,Male,Clothing,117.74,7,0,0.0,824.18,824.18,Credit Card,28,5,False,West,2143.21
9057,07-26-23,1565,23,Female,Clothing,19.79,6,20,23.75,118.74,94.99,PayPal,5,5,False,West,159.57
9058,05-23-24,2207,19,Male,Beauty,35.38,9,5,15.92,318.42,302.5,PayPal,14,5,False,West,405.88
9059,10-12-24,2894,7,Male,Beauty,40.7,2,0,0.0,81.4,81.4,Credit Card,14,4,False,North,81.4
9060,03-19-23,4293,26,Other,Beauty,18.91,2,15,5.67,37.82,32.15,Debit Card,17,4,False,East,1153.11
9061,07-02-24,1826,56,Other,Clothing,18.44,8,10,14.75,147.52,132.77,PayPal,27,5,False,North,214.05
9062,08-08-23,2351,12,Female,Beauty,15.11,1,5,0.76,15.11,14.35,Mobile Wallet,26,3,False,South,646.41
9063,10-22-23,3226,46,Male,Electronics,13.94,8,10,11.15,111.52,100.37,Debit Card,22,2,False,North,114.04
9064,09-29-23,2811,48,Other,Electronics,1.54,5,10,0.77,7.7,6.93,Credit Card,4,5,False,North,849.53
9065,02-18-23,4183,71,Female,Clothing,158.4,1,10,15.84,158.4,142.56,PayPal,8,3,False,North,1127.6
9066,11-01-23,4807,50,Other,Clothing,45.23,1,20,9.05,45.23,36.18,Credit Card,26,5,False,North,214.91
9067,08-10-24,4797,49,Female,Clothing,5.72,6,0,0.0,34.32,34.32,Credit Card,1,4,False,East,2403.94
9068,02-16-24,2082,40,Other,Home & Garden,44.82,2,10,8.96,89.64,80.68,Mobile Wallet,12,4,False,East,1245.16
9069,08-20-23,2350,35,Other,Clothing,13.21,2,5,1.32,26.42,25.1,Credit Card,13,5,False,North,45.73
9070,10-01-24,3952,47,Male,Home & Garden,18.6,1,20,3.72,18.6,14.88,PayPal,21,1,False,North,51.77
9071,04-05-23,2644,53,Male,Clothing,80.76,1,0,0.0,80.76,80.76,Credit Card,20,5,False,South,254.64
9072,08-15-24,4968,37,Other,Sports,108.49,4,5,21.7,433.96,412.26,Debit Card,5,4,True,South,429.11
9073,04-08-23,3716,54,Male,Books,60.17,5,20,60.17,300.85,240.68,Credit Card,25,4,False,West,340.62
9074,08-29-24,1190,78,Other,Beauty,134.84,4,20,107.87,539.36,431.49,PayPal,7,3,False,North,1498.69
9075,12-11-23,2223,36,Female,Beauty,117.71,6,0,0.0,706.26,706.26,PayPal,3,5,False,West,838.84
9076,10-07-23,2335,36,Other,Electronics,40.06,8,10,32.05,320.48,288.43,PayPal,19,3,False,East,425.23
9077,03-10-23,1707,33,Other,Sports,119.22,2,5,11.92,238.44,226.52,Debit Card,7,4,False,East,670.24
9078,08-03-24,4106,37,Female,Books,39.37,1,15,5.91,39.37,33.46,PayPal,17,3,False,East,224.12
9079,06-27-24,1378,53,Female,Beauty,5.51,2,10,1.1,11.02,9.92,Debit Card,13,5,False,East,83.45
9080,05-01-24,1386,36,Male,Beauty,88.44,6,15,79.6,530.64,451.04,Credit Card,24,3,False,West,1894.5
9081,03-13-24,4829,37,Female,Home & Garden,7.03,4,5,1.41,28.12,26.71,Debit Card,19,5,False,North,141.87
9082,08-03-23,3284,31,Male,Electronics,18.99,7,15,19.94,132.93,112.99,Credit Card,13,3,False,East,182.16
9083,12-22-23,1615,42,Other,Home & Garden,23.89,2,15,7.17,47.78,40.61,Credit Card,8,3,False,South,1295.49
9084,03-20-23,2542,27,Female,Home & Garden,82.33,1,0,0.0,82.33,82.33,Credit Card,8,4,False,West,260.24
9085,10-29-24,3330,16,Other,Electronics,4.36,5,0,0.0,21.8,21.8,PayPal,13,5,False,West,674.69
9086,11-06-23,3048,41,Male,Books,29.43,9,0,0.0,264.87,264.87,Debit Card,2,5,False,East,672.38
9087,05-31-24,2754,64,Female,Electronics,28.7,6,15,25.83,172.2,146.37,Mobile Wallet,3,5,True,North,471.63
9088,11-04-23,1463,30,Male,Clothing,43.63,6,15,39.27,261.78,222.51,PayPal,13,1,False,South,453.6
9089,03-19-24,4301,19,Male,Home & Garden,21.84,1,20,4.37,21.84,17.47,PayPal,26,5,False,West,845.68
9090,11-10-24,1966,63,Female,Clothing,43.04,1,20,8.61,43.04,34.43,Debit Card,17,2,False,South,363.51
9091,07-06-24,1171,35,Female,Electronics,213.06,4,0,0.0,852.24,852.24,Mobile Wallet,6,5,False,South,1182.18
9092,11-17-23,4158,49,Male,Electronics,3.71,2,20,1.48,7.42,5.94,Credit Card,3,3,True,West,41.19
9093,07-24-23,4624,24,Female,Beauty,103.82,3,10,31.15,311.46,280.31,Mobile Wallet,25,5,False,North,280.31
9094,02-29-24,2146,35,Male,Books,18.45,6,20,22.14,110.7,88.56,Debit Card,1,5,False,East,334.0
9095,02-16-24,1842,56,Other,Home & Garden,31.34,1,20,6.27,31.34,25.07,PayPal,15,4,True,South,233.78
9096,09-15-23,2321,36,Other,Sports,67.57,2,10,13.51,135.14,121.63,Mobile Wallet,8,4,False,North,147.32
9097,10-01-24,2908,37,Female,Electronics,120.42,4,10,48.17,481.68,433.51,Debit Card,23,5,False,East,499.03
9098,06-11-24,1689,12,Female,Beauty,0.46,6,5,0.14,2.76,2.62,Credit Card,12,5,False,South,726.71
9099,04-09-24,3622,46,Other,Sports,54.26,3,15,24.42,162.78,138.36,PayPal,7,5,False,East,141.82
9100,11-18-24,2507,23,Male,Home & Garden,3.6,9,15,4.86,32.4,27.54,Debit Card,27,5,False,West,27.54
9101,07-14-24,3212,51,Male,Clothing,37.29,4,0,0.0,149.16,149.16,Credit Card,16,5,False,North,1356.24
9102,07-04-23,3024,38,Male,Home & Garden,69.27,7,5,24.24,484.89,460.65,PayPal,8,5,False,North,1305.29
9103,01-20-23,2722,39,Female,Books,9.29,5,5,2.32,46.45,44.13,Mobile Wallet,9,4,False,North,1293.2
9104,10-04-24,1382,46,Male,Sports,72.15,6,5,21.64,432.9,411.26,PayPal,8,4,False,South,1305.7
9105,12-21-24,3256,40,Female,Beauty,18.52,9,5,8.33,166.68,158.35,Credit Card,6,5,True,North,398.66
9106,06-12-24,4810,60,Female,Sports,47.15,9,20,84.87,424.35,339.48,Debit Card,1,4,False,East,1549.16
9107,07-11-23,4503,58,Female,Clothing,53.65,6,5,16.1,321.9,305.8,Credit Card,16,5,False,South,368.19
9108,08-13-24,2412,16,Other,Beauty,52.35,2,0,0.0,104.7,104.7,PayPal,1,5,False,West,104.7
9109,05-26-24,2583,32,Male,Clothing,0.94,9,15,1.27,8.46,7.19,Credit Card,13,4,False,West,47.76
9110,08-07-23,3271,47,Female,Electronics,8.26,2,5,0.83,16.52,15.69,PayPal,11,4,False,East,199.37
9111,11-07-24,3050,20,Male,Home & Garden,96.97,2,15,29.09,193.94,164.85,Credit Card,23,1,False,North,436.3
9112,04-23-24,1371,11,Other,Books,140.54,2,10,28.11,281.08,252.97,Debit Card,11,4,False,West,586.34
9113,10-02-23,2710,23,Male,Electronics,41.47,7,0,0.0,290.29,290.29,Credit Card,19,2,False,West,3861.17
9114,10-15-24,2469,33,Other,Home & Garden,45.44,4,10,18.18,181.76,163.58,PayPal,19,5,False,North,575.7
9115,06-29-24,1610,-25,Female,Clothing,70.33,8,5,28.13,562.64,534.51,Mobile Wallet,11,5,False,West,771.47
9116,09-21-24,1115,18,Female,Books,26.05,8,20,41.68,208.4,166.72,Debit Card,25,5,False,West,1179.77
9117,03-20-24,4341,8,Other,Clothing,19.88,1,20,3.98,19.88,15.9,Mobile Wallet,15,4,False,West,686.14
9118,08-02-24,1446,52,Female,Beauty,73.09,1,0,0.0,73.09,73.09,PayPal,10,4,False,West,565.5
9119,10-03-24,2391,48,Male,Clothing,1.43,4,5,0.29,5.72,5.43,Debit Card,20,5,False,East,627.97
9120,03-03-23,4324,39,Male,Sports,108.29,2,5,10.83,216.58,205.75,PayPal,16,4,False,South,511.77
9121,06-18-24,2340,36,Other,Home & Garden,29.07,3,5,4.36,87.21,82.85,Mobile Wallet,3,5,False,North,116.29
9122,07-25-23,1414,43,Male,Electronics,35.08,2,5,3.51,70.16,66.65,Mobile Wallet,29,5,False,West,66.65
9123,01-09-24,4166,20,Female,Sports,50.29,9,0,0.0,452.61,452.61,PayPal,2,4,False,West,715.41
9124,04-18-24,2808,53,Female,Beauty,16.04,6,0,0.0,96.24,96.24,PayPal,21,2,False,West,462.68
9125,06-01-23,3939,36,Female,Home & Garden,45.49,7,0,0.0,318.43,318.43,Debit Card,25,2,False,West,392.33
9126,09-04-23,2047,48,Male,Beauty,59.05,6,20,70.86,354.3,283.44,PayPal,14,4,False,South,283.44
9127,06-04-23,4699,48,Female,Home & Garden,6.27,1,5,0.31,6.27,5.96,Mobile Wallet,15,4,False,North,1536.74
9128,12-02-24,3710,43,Male,Home & Garden,36.75,5,10,18.38,183.75,165.37,Credit Card,28,3,True,West,417.27
9129,11-04-23,2873,39,Other,Books,19.98,3,15,8.99,59.94,50.95,Mobile Wallet,24,4,False,East,706.18
9130,03-21-24,2073,38,Female,Sports,40.75,8,0,0.0,326.0,326.0,PayPal,8,2,False,East,391.56
9131,02-25-24,4573,34,Other,Electronics,1.08,7,0,0.0,7.56,7.56,Mobile Wallet,1,3,False,South,328.2
9132,11-23-23,1717,42,Male,Sports,67.87,9,20,122.17,610.83,488.66,PayPal,25,5,False,South,1081.08
9133,03-07-23,4569,38,Male,Beauty,9.22,1,20,1.84,9.22,7.38,Debit Card,24,5,False,West,65.98
9134,10-11-24,2358,27,Other,Clothing,58.46,2,15,17.54,116.92,99.38,PayPal,14,3,False,South,478.18
9135,07-28-23,4150,44,Female,Beauty,73.23,2,20,29.29,146.46,117.17,PayPal,27,4,False,North,953.01
9136,02-27-24,2605,39,Female,Home & Garden,69.84,1,0,0.0,69.84,69.84,PayPal,14,4,False,East,1005.44
9137,10-01-23,4098,53,Female,Clothing,85.05,8,5,34.02,680.4,646.38,PayPal,29,3,False,North,646.38
9138,10-21-23,3318,7,Other,Sports,18.39,4,5,3.68,73.56,69.88,PayPal,19,3,False,South,69.88
9139,10-23-24,1561,35,Male,Electronics,170.73,7,20,239.02,1195.11,956.09,Mobile Wallet,8,2,False,North,956.09
9140,06-14-23,3851,24,Other,Clothing,1.21,1,15,0.18,1.21,1.03,Mobile Wallet,9,5,False,South,1342.05
9141,09-20-23,3294,27,Male,Clothing,32.81,8,5,13.12,262.48,249.36,Credit Card,15,5,False,North,1270.51
9142,12-04-24,4847,43,Female,Books,15.76,8,0,0.0,126.08,126.08,Credit Card,12,3,False,West,1361.05
9143,09-07-24,4662,13,Female,Sports,67.33,3,5,10.1,201.99,191.89,Debit Card,18,3,False,West,436.26
9144,08-30-23,1386,36,Male,Clothing,81.8,9,15,110.43,736.2,625.77,Debit Card,1,4,True,North,1894.5
9145,02-20-24,1701,35,Female,Sports,86.41,5,20,86.41,432.05,345.64,Credit Card,15,5,False,West,360.08
9146,09-02-23,3606,19,Other,Electronics,17.61,5,10,8.8,88.05,79.25,Mobile Wallet,1,3,False,South,511.62
9147,04-27-23,1972,37,Male,Clothing,16.02,5,5,4.0,80.1,76.1,Debit Card,1,4,True,North,654.81
9148,06-03-23,2384,23,Female,Electronics,56.5,1,0,0.0,56.5,56.5,Credit Card,21,3,False,South,837.01
9149,07-16-23,4937,67,Female,Beauty,131.68,2,15,39.5,263.36,223.86,Mobile Wallet,2,2,True,East,274.4
9150,01-29-23,1983,53,Female,Clothing,14.67,1,5,0.73,14.67,13.94,Credit Card,4,4,False,West,441.07
9151,09-09-23,2511,36,Female,Home & Garden,120.73,2,10,24.15,241.46,217.31,Debit Card,17,4,False,West,613.79
9152,11-14-23,1351,28,Male,Books,44.76,9,20,80.57,402.84,322.27,Debit Card,2,5,False,South,322.27
9153,04-20-24,2724,42,Male,Books,66.96,9,5,30.13,602.64,572.51,PayPal,7,4,False,South,852.14
9154,05-12-24,2951,46,Female,Books,28.98,5,15,21.74,144.9,123.16,Credit Card,25,5,False,East,302.19
9155,07-27-24,2279,38,Other,Electronics,82.22,4,5,16.44,328.88,312.44,Credit Card,22,5,False,North,1212.89
9156,03-22-24,4293,19,Other,Sports,176.16,2,20,70.46,352.32,281.86,Credit Card,10,5,False,South,1153.11
9157,03-08-24,2907,31,Other,Books,9.35,6,15,8.41,56.1,47.69,Debit Card,10,5,False,North,709.2
9158,10-24-24,1752,36,Other,Beauty,24.35,9,10,21.92,219.15,197.23,Mobile Wallet,13,5,False,North,197.23
9159,02-07-23,3828,39,Male,Clothing,99.19,8,0,0.0,793.52,793.52,Credit Card,5,3,False,South,1858.8
9160,07-26-23,2024,39,Male,Clothing,9.72,4,20,7.78,38.88,31.1,Mobile Wallet,26,4,False,West,31.1
9161,06-13-23,1545,45,Other,Home & Garden,26.63,6,5,7.99,159.78,151.79,Credit Card,27,1,False,South,398.12
9162,10-07-23,2469,55,Male,Electronics,9.08,9,10,8.17,81.72,73.55,Debit Card,7,4,False,South,575.7
9163,05-20-23,1078,50,Other,Clothing,52.26,4,15,31.36,209.04,177.68,Mobile Wallet,25,3,False,South,266.02
9164,01-30-23,2259,43,Female,Clothing,13.61,9,15,18.37,122.49,104.12,Credit Card,29,2,False,West,606.16
9165,09-22-23,3381,16,Female,Home & Garden,23.97,8,15,28.76,191.76,163.0,Mobile Wallet,14,5,True,East,1316.16
9166,10-12-23,1888,52,Other,Home & Garden,33.78,3,5,5.07,101.34,96.27,Credit Card,18,5,False,West,1651.04
9167,11-05-24,4420,47,Male,Sports,17.63,9,20,31.73,158.67,126.94,PayPal,22,5,False,South,1139.65
9168,07-17-24,4169,31,Other,Sports,56.96,5,10,28.48,284.8,256.32,PayPal,19,4,False,East,299.82
9169,06-30-23,2105,35,Male,Sports,5.9,1,15,0.88,5.9,5.02,PayPal,26,4,False,South,741.51
9170,10-21-24,3549,35,Female,Clothing,105.93,8,0,0.0,847.44,847.44,Credit Card,28,3,False,North,1246.93
9171,02-13-23,2990,28,Male,Home & Garden,32.83,5,20,32.83,164.15,131.32,Mobile Wallet,26,4,False,South,145.91
9172,05-12-24,2500,8,Other,Beauty,42.53,5,10,21.26,212.65,191.39,PayPal,20,4,False,North,1571.34
9173,01-21-23,4998,18,Female,Electronics,48.66,2,10,9.73,97.32,87.59,Debit Card,21,5,False,East,528.77
9174,02-26-23,4775,21,Female,Sports,3.08,9,15,4.16,27.72,23.56,Mobile Wallet,21,3,False,North,738.86
9175,03-27-23,3812,5,Male,Beauty,70.73,6,0,0.0,424.38,424.38,PayPal,10,1,False,East,424.38
9176,11-18-23,1920,18,Female,Books,145.88,3,15,65.65,437.64,371.99,Debit Card,8,2,False,South,1738.92
9177,09-08-24,1549,52,Female,Clothing,36.69,7,20,51.37,256.83,205.46,Debit Card,21,5,False,South,205.46
9178,11-02-23,3061,42,Male,Electronics,24.79,2,5,2.48,49.58,47.1,Debit Card,2,5,False,North,120.58
9179,03-07-23,1391,20,Female,Clothing,76.81,7,20,107.53,537.67,430.14,Credit Card,14,5,False,West,601.99
9180,02-21-24,4418,24,Other,Beauty,63.71,2,0,0.0,127.42,127.42,Debit Card,2,4,False,West,127.42
9181,01-08-24,3357,53,Male,Sports,52.63,5,5,13.16,263.15,249.99,Mobile Wallet,12,5,False,West,507.94
9182,11-18-24,3433,53,Male,Beauty,168.12,9,10,151.31,1513.08,1361.77,Mobile Wallet,17,5,False,North,2363.52
9183,11-04-24,4280,36,Male,Beauty,43.59,9,15,58.85,392.31,333.46,Credit Card,18,4,False,North,805.01
9184,04-03-23,2380,52,Male,Clothing,14.28,6,20,17.14,85.68,68.54,Debit Card,17,5,False,West,1023.57
9185,02-11-24,1973,23,Other,Sports,1.25,3,15,0.56,3.75,3.19,Mobile Wallet,15,5,False,North,1329.81
9186,05-24-23,4672,38,Male,Clothing,30.21,4,20,24.17,120.84,96.67,Credit Card,3,3,False,West,1111.45
9187,08-30-23,4639,12,Other,Sports,52.82,4,15,31.69,211.28,179.59,Debit Card,21,2,False,East,415.19
9188,04-25-23,4165,29,Male,Home & Garden,9.45,9,5,4.25,85.05,80.8,Mobile Wallet,19,3,False,East,80.8
9189,08-07-24,4164,35,Male,Home & Garden,1.31,4,15,0.79,5.24,4.45,Debit Card,27,5,False,North,545.54
9190,05-27-24,1339,9,Female,Home & Garden,119.89,4,0,0.0,479.56,479.56,Credit Card,23,4,False,South,915.04
9191,05-04-23,3644,43,Female,Home & Garden,17.97,5,0,0.0,89.85,89.85,PayPal,26,4,True,North,89.85
9192,06-18-24,4516,46,Other,Home & Garden,31.37,6,15,28.23,188.22,159.99,Mobile Wallet,11,3,False,East,922.7
9193,11-11-24,1756,50,Female,Books,4.77,8,10,3.82,38.16,34.34,Debit Card,18,4,False,East,34.34
9194,08-17-24,2045,70,Male,Clothing,24.03,1,0,0.0,24.03,24.03,Debit Card,21,2,False,West,595.33
9195,06-21-24,3338,41,Other,Beauty,27.56,5,20,27.56,137.8,110.24,PayPal,29,5,False,West,1468.27
9196,09-15-23,4556,34,Female,Home & Garden,116.52,9,15,157.3,1048.68,891.38,Debit Card,3,5,False,South,2431.22
9197,05-23-24,4855,10,Male,Books,100.29,4,15,60.17,401.16,340.99,Credit Card,18,4,False,West,691.33
9198,04-03-23,3353,40,Female,Books,10.47,8,0,0.0,83.76,83.76,Credit Card,4,3,False,West,115.8
9199,09-01-23,3681,43,Female,Clothing,40.6,9,10,36.54,365.4,328.86,Debit Card,28,5,False,East,470.49
9200,09-06-24,4199,14,Female,Clothing,65.7,1,20,13.14,65.7,52.56,Debit Card,9,4,False,West,545.74
9201,05-06-23,3672,31,Female,Sports,17.26,8,0,0.0,138.08,138.08,Mobile Wallet,25,4,False,North,569.91
9202,11-17-23,1938,35,Male,Sports,25.08,8,0,0.0,200.64,200.64,Credit Card,6,2,False,East,536.8
9203,12-04-23,4344,42,Female,Home & Garden,209.59,5,5,52.4,1047.95,995.55,Mobile Wallet,7,5,False,North,1520.91
9204,08-21-24,1847,47,Other,Electronics,71.3,2,0,0.0,142.6,142.6,PayPal,1,4,False,South,710.3
9205,02-04-24,1441,26,Other,Sports,28.74,7,20,40.24,201.18,160.94,Mobile Wallet,3,4,False,East,548.78
9206,08-30-23,3550,38,Female,Electronics,38.19,5,5,9.55,190.95,181.4,Debit Card,15,5,False,South,1793.98
9207,03-09-24,1129,43,Other,Beauty,49.15,5,10,24.58,245.75,221.17,Mobile Wallet,2,4,False,North,920.71
9208,08-12-23,4203,32,Female,Sports,34.54,6,10,20.72,207.24,186.52,Mobile Wallet,9,1,False,South,617.05
9209,05-28-23,1596,28,Male,Beauty,26.52,8,0,0.0,212.16,212.16,Mobile Wallet,26,5,False,North,766.74
9210,04-20-23,2958,45,Male,Books,22.26,1,20,4.45,22.26,17.81,Credit Card,8,1,False,North,240.8
9211,06-29-23,2505,32,Other,Books,9.26,3,10,2.78,27.78,25.0,Mobile Wallet,19,4,True,East,195.5
9212,08-08-23,1861,17,Other,Beauty,181.76,7,20,254.46,1272.32,1017.86,PayPal,26,5,False,East,1902.12
9213,10-09-23,4461,55,Female,Books,4.79,9,20,8.62,43.11,34.49,Mobile Wallet,14,5,False,East,877.95
9214,03-26-24,3640,18,Female,Beauty,45.94,2,5,4.59,91.88,87.29,Mobile Wallet,24,5,True,North,1267.56
9215,02-23-24,1998,33,Female,Electronics,160.45,4,0,0.0,641.8,641.8,Mobile Wallet,10,5,False,West,900.58
9216,09-18-23,3372,39,Male,Home & Garden,23.49,4,20,18.79,93.96,75.17,Debit Card,24,5,False,North,946.24
9217,08-26-24,4140,41,Female,Beauty,14.55,7,20,20.37,101.85,81.48,Debit Card,11,3,False,North,979.58
9218,02-27-23,4731,37,Male,Sports,155.64,5,20,155.64,778.2,622.56,PayPal,8,5,False,West,1352.1
9219,05-17-24,3495,-9,Other,Sports,80.91,5,0,0.0,404.55,404.55,Debit Card,4,5,False,West,675.21
9220,06-30-24,2551,24,Male,Electronics,53.21,7,5,18.62,372.47,353.85,Debit Card,23,3,False,South,2078.6
9221,01-19-24,3866,39,Other,Beauty,47.34,2,20,18.94,94.68,75.74,Credit Card,26,2,False,North,703.71
9222,12-17-24,2640,33,Male,Books,22.32,8,15,26.78,178.56,151.78,PayPal,8,5,False,East,515.11
9223,04-26-23,4236,42,Male,Home & Garden,51.27,6,5,15.38,307.62,292.24,Debit Card,10,5,False,West,644.4
9224,11-21-23,2511,50,Female,Sports,64.55,5,0,0.0,322.75,322.75,Credit Card,15,5,False,East,613.79
9225,07-12-24,2736,42,Other,Home & Garden,1.61,1,10,0.16,1.61,1.45,Debit Card,13,5,False,South,515.84
9226,03-09-24,3756,24,Male,Home & Garden,6.26,2,20,2.5,12.52,10.02,Credit Card,5,3,False,East,630.12
9227,05-01-24,2449,26,Male,Clothing,18.92,6,15,17.03,113.52,96.49,Debit Card,25,3,False,North,1658.44
9228,11-30-24,4768,59,Other,Home & Garden,19.51,6,10,11.71,117.06,105.35,Debit Card,15,4,False,North,742.1
9229,09-10-23,2857,32,Male,Beauty,115.39,9,10,103.85,1038.51,934.66,Debit Card,25,1,False,East,1598.49
9230,10-12-23,1264,33,Other,Clothing,57.68,6,20,69.22,346.08,276.86,Debit Card,3,5,True,East,1161.86
9231,05-29-23,4946,42,Other,Electronics,23.38,1,20,4.68,23.38,18.7,Mobile Wallet,3,2,False,North,478.78
9232,01-07-24,3659,53,Other,Books,82.83,7,10,57.98,579.81,521.83,Debit Card,29,4,True,West,1536.4
9233,05-01-24,4413,21,Male,Clothing,19.52,3,15,8.78,58.56,49.78,PayPal,24,4,False,North,250.54
9234,01-12-24,3879,27,Male,Home & Garden,234.19,8,5,93.68,1873.52,1779.84,Mobile Wallet,13,2,False,West,1819.93
9235,11-12-23,4797,10,Female,Books,76.08,6,20,91.3,456.48,365.18,PayPal,23,4,False,North,2403.94
9236,01-22-23,4349,30,Other,Home & Garden,82.61,3,20,49.57,247.83,198.26,Mobile Wallet,9,4,False,East,1247.33
9237,10-22-24,3721,43,Male,Home & Garden,15.12,3,0,0.0,45.36,45.36,Mobile Wallet,29,1,False,East,449.27
9238,09-12-24,2462,29,Male,Clothing,7.83,8,20,12.53,62.64,50.11,PayPal,2,4,False,North,2661.14
9239,02-05-23,1156,61,Other,Electronics,24.68,6,0,0.0,148.08,148.08,Credit Card,15,4,False,West,276.82
9240,11-09-24,2445,36,Other,Home & Garden,20.34,2,10,4.07,40.68,36.61,PayPal,18,2,False,West,1428.96
9241,02-25-23,3298,33,Other,Beauty,73.45,3,15,33.05,220.35,187.3,Debit Card,23,4,False,West,1048.68
9242,12-08-24,3925,29,Female,Clothing,9.58,6,0,0.0,57.48,57.48,Debit Card,29,4,False,East,145.68
9243,11-18-24,2632,14,Female,Beauty,37.48,7,0,0.0,262.36,262.36,PayPal,8,3,False,South,410.94
9244,09-03-23,3577,33,Female,Beauty,49.47,4,5,9.89,197.88,187.99,Credit Card,3,5,False,East,187.99
9245,09-17-23,3374,40,Other,Home & Garden,24.32,8,10,19.46,194.56,175.1,Mobile Wallet,1,4,False,West,706.66
9246,07-19-24,4008,33,Male,Beauty,11.2,3,0,0.0,33.6,33.6,Mobile Wallet,26,4,False,East,75.14
9247,01-29-24,1894,38,Other,Books,113.01,6,0,0.0,678.06,678.06,Debit Card,7,5,False,North,1849.0
9248,11-13-23,3144,24,Male,Electronics,7.47,7,10,5.23,52.29,47.06,Credit Card,27,5,False,East,201.99
9249,10-16-24,1512,16,Female,Home & Garden,18.11,8,20,28.98,144.88,115.9,Mobile Wallet,6,4,False,North,164.59
9250,12-18-24,1215,33,Female,Beauty,70.65,4,15,42.39,282.6,240.21,Mobile Wallet,29,2,False,East,945.74
9251,01-07-24,4203,38,Female,Electronics,46.48,5,10,23.24,232.4,209.16,Debit Card,1,4,False,East,617.05
9252,12-02-24,4331,32,Male,Electronics,65.59,6,5,19.68,393.54,373.86,Credit Card,9,5,False,East,1901.05
9253,05-05-23,3172,38,Male,Books,82.71,1,5,4.14,82.71,78.57,Mobile Wallet,11,4,False,West,514.85
9254,07-01-24,4153,46,Other,Books,112.88,9,15,152.39,1015.92,863.53,Credit Card,27,5,False,North,1048.27
9255,08-31-23,4354,46,Other,Sports,18.16,3,5,2.72,54.48,51.76,Credit Card,27,5,False,East,1867.52
9256,03-29-24,2706,47,Other,Electronics,32.15,2,10,6.43,64.3,57.87,Debit Card,22,5,True,West,102.87
9257,02-02-24,3106,50,Female,Home & Garden,58.29,7,20,81.61,408.03,326.42,Mobile Wallet,29,5,False,East,608.04
9258,01-09-23,2567,42,Other,Books,79.18,4,5,15.84,316.72,300.88,Debit Card,5,2,False,South,1230.31
9259,02-07-24,3208,40,Female,Home & Garden,43.12,4,10,17.25,172.48,155.23,PayPal,3,4,False,North,229.69
9260,09-19-23,3331,64,Male,Electronics,36.05,9,5,16.22,324.45,308.23,Mobile Wallet,29,4,False,West,378.52
9261,11-05-23,3153,46,Female,Books,58.84,7,0,0.0,411.88,411.88,Credit Card,9,4,False,North,1970.89
9262,04-03-23,2128,22,Female,Sports,24.07,9,0,0.0,216.63,216.63,Credit Card,7,5,False,West,216.63
9263,08-30-23,4510,7,Female,Electronics,112.08,1,20,22.42,112.08,89.66,Mobile Wallet,20,4,False,West,817.71
9264,11-01-23,1227,31,Male,Home & Garden,11.93,3,0,0.0,35.79,35.79,Debit Card,13,5,False,East,37.47
9265,08-04-23,4771,44,Male,Sports,107.71,6,0,0.0,646.26,646.26,Credit Card,1,5,False,East,813.49
9266,06-14-23,4653,49,Other,Electronics,51.59,1,5,2.58,51.59,49.01,Mobile Wallet,28,2,False,South,94.55
9267,03-25-24,3365,16,Other,Books,45.9,5,5,11.48,229.5,218.02,Credit Card,20,5,False,West,441.31
9268,10-08-24,2487,45,Other,Beauty,31.74,4,15,19.04,126.96,107.92,Debit Card,3,5,False,North,107.92
9269,11-21-23,1801,52,Male,Electronics,8.41,4,20,6.73,33.64,26.91,Mobile Wallet,6,3,True,West,487.31
9270,10-21-24,2622,44,Male,Clothing,100.1,7,0,0.0,700.7,700.7,Debit Card,11,4,False,South,2308.04
9271,02-21-24,2905,41,Male,Home & Garden,2.7,5,15,2.02,13.5,11.48,Debit Card,17,4,False,North,11.48
9272,02-04-23,3921,33,Male,Books,15.73,7,5,5.51,110.11,104.6,Mobile Wallet,27,3,False,South,104.6
9273,10-08-23,1471,28,Male,Books,5.81,1,15,0.87,5.81,4.94,Debit Card,15,5,False,East,547.75
9274,03-24-23,2079,46,Female,Clothing,5.65,9,0,0.0,50.85,50.85,Debit Card,4,5,False,North,969.06
9275,05-18-24,3672,43,Other,Beauty,24.75,8,15,29.7,198.0,168.3,Debit Card,1,3,False,West,569.91
9276,04-27-24,3060,30,Female,Sports,8.74,7,10,6.12,61.18,55.06,Credit Card,1,3,False,North,952.55
9277,02-27-24,4511,73,Other,Books,43.54,2,20,17.42,87.08,69.66,Debit Card,6,3,False,East,344.88
9278,12-07-23,2041,12,Female,Sports,49.33,6,0,0.0,295.98,295.98,PayPal,22,5,False,North,592.98
9279,03-08-24,3741,31,Male,Sports,106.89,4,10,42.76,427.56,384.8,Credit Card,9,5,False,East,2150.16
9280,04-13-23,4020,23,Other,Sports,17.81,3,15,8.01,53.43,45.42,PayPal,14,3,False,East,621.37
9281,06-14-23,3160,40,Female,Beauty,18.49,8,0,0.0,147.92,147.92,Debit Card,14,5,False,South,877.62
9282,12-16-24,1228,5,Other,Electronics,14.14,4,15,8.48,56.56,48.08,Debit Card,27,5,False,East,66.88
9283,09-25-23,1170,54,Male,Clothing,76.12,3,20,45.67,228.36,182.69,Credit Card,7,4,False,West,1153.46
9284,06-02-24,1294,50,Male,Home & Garden,27.94,5,20,27.94,139.7,111.76,Debit Card,6,3,False,North,1754.84
9285,03-09-23,1188,39,Other,Clothing,40.2,9,5,18.09,361.8,343.71,Credit Card,19,4,False,North,343.71
9286,12-27-23,1425,30,Other,Books,23.47,3,10,7.04,70.41,63.37,Mobile Wallet,3,3,False,West,267.6
9287,03-06-24,1976,45,Male,Clothing,8.53,9,20,15.35,76.77,61.42,Credit Card,5,3,True,North,527.93
9288,09-08-24,2102,39,Male,Home & Garden,5.41,4,10,2.16,21.64,19.48,Debit Card,22,3,False,East,266.72
9289,07-14-24,3705,49,Male,Electronics,101.35,4,15,60.81,405.4,344.59,Credit Card,6,5,False,East,623.16
9290,12-01-23,1918,33,Female,Books,15.43,2,10,3.09,30.86,27.77,Credit Card,8,2,False,North,520.1
9291,04-09-24,4253,32,Other,Electronics,142.04,8,0,0.0,1136.32,1136.32,Credit Card,24,4,False,South,2288.98
9292,12-12-24,1498,51,Male,Books,147.15,4,5,29.43,588.6,559.17,Debit Card,13,1,False,East,616.44
9293,01-29-23,2821,44,Other,Home & Garden,32.59,3,10,9.78,97.77,87.99,Credit Card,13,3,False,North,1362.28
9294,02-23-23,3809,32,Female,Electronics,159.21,3,10,47.76,477.63,429.87,PayPal,1,5,False,North,815.81
9295,10-18-24,1865,40,Female,Home & Garden,1.45,1,20,0.29,1.45,1.16,Mobile Wallet,19,3,False,North,69.95
9296,10-18-24,1825,37,Male,Home & Garden,4.81,8,0,0.0,38.48,38.48,Mobile Wallet,21,5,False,West,78.04
9297,07-08-23,4779,42,Other,Beauty,13.94,5,20,13.94,69.7,55.76,Mobile Wallet,9,1,True,North,196.92
9298,10-07-24,2858,54,Female,Clothing,11.74,5,10,5.87,58.7,52.83,Credit Card,4,2,False,North,111.69
9299,03-30-24,3118,29,Other,Books,14.56,4,15,8.74,58.24,49.5,Credit Card,5,5,False,North,522.94
9300,10-18-24,3295,25,Other,Sports,30.1,5,20,30.1,150.5,120.4,Mobile Wallet,17,5,False,North,589.3
9301,05-20-23,1145,39,Male,Sports,3.25,5,20,3.25,16.25,13.0,Mobile Wallet,7,5,False,South,383.74
9302,01-04-23,2641,26,Female,Electronics,40.53,9,0,0.0,364.77,364.77,Debit Card,18,5,True,West,812.75
9303,02-15-24,4846,21,Female,Home & Garden,18.51,6,20,22.21,111.06,88.85,Credit Card,13,5,False,North,88.85
9304,07-24-23,2319,49,Female,Clothing,3.71,9,20,6.68,33.39,26.71,Debit Card,28,5,False,West,1103.94
9305,10-05-24,3629,30,Other,Books,69.96,8,5,27.98,559.68,531.7,Credit Card,1,2,False,North,535.87
9306,11-09-23,1469,6,Female,Electronics,52.98,3,10,15.89,158.94,143.05,Mobile Wallet,14,5,False,East,269.11
9307,11-18-23,4577,47,Female,Home & Garden,78.86,2,0,0.0,157.72,157.72,PayPal,14,4,False,North,227.58
9308,08-12-24,1192,28,Other,Beauty,140.04,6,20,168.05,840.24,672.19,Debit Card,13,4,False,North,687.13
9309,03-26-23,2091,43,Female,Sports,44.07,2,10,8.81,88.14,79.33,PayPal,29,1,False,South,330.63
9310,04-24-23,3541,51,Female,Sports,77.26,3,0,0.0,231.78,231.78,Credit Card,18,5,False,South,2216.54
9311,06-11-23,4888,37,Other,Books,11.11,3,20,6.67,33.33,26.66,PayPal,8,5,False,South,1092.67
9312,09-13-23,1051,4,Female,Books,26.41,1,15,3.96,26.41,22.45,Mobile Wallet,1,5,True,West,22.45
9313,06-12-24,3929,5,Male,Books,37.76,5,5,9.44,188.8,179.36,Credit Card,15,4,False,West,205.73
9314,12-31-24,3410,24,Other,Electronics,38.96,8,0,0.0,311.68,311.68,Mobile Wallet,17,2,False,South,2149.04
9315,10-26-24,2820,34,Female,Books,63.35,9,15,85.52,570.15,484.63,Credit Card,17,4,False,West,484.63
9316,05-14-23,3964,53,Male,Electronics,79.47,7,0,0.0,556.29,556.29,Credit Card,27,4,False,North,2127.34
9317,08-31-24,3521,39,Other,Clothing,54.96,5,0,0.0,274.8,274.8,Credit Card,2,5,False,South,464.26
9318,12-03-24,2869,74,Female,Home & Garden,2.42,8,5,0.97,19.36,18.39,Mobile Wallet,14,3,False,North,384.55
9319,02-25-24,3568,12,Other,Sports,21.63,9,15,29.2,194.67,165.47,Credit Card,1,2,False,North,703.79
9320,11-24-23,2786,36,Male,Electronics,42.48,9,20,76.46,382.32,305.86,Credit Card,2,4,False,South,501.4
9321,04-07-24,2454,28,Other,Home & Garden,35.45,9,10,31.9,319.05,287.15,Debit Card,27,5,False,South,287.15
9322,05-04-24,2867,38,Female,Beauty,2.29,2,15,0.69,4.58,3.89,Mobile Wallet,7,3,False,South,3.89
9323,05-17-23,4369,61,Male,Books,197.22,3,0,0.0,591.66,591.66,Credit Card,1,2,False,North,2282.98
9324,09-24-23,4506,62,Other,Sports,156.3,2,15,46.89,312.6,265.71,Credit Card,10,4,False,North,933.59
9325,06-27-23,4767,35,Female,Beauty,74.31,5,10,37.16,371.55,334.39,Credit Card,18,5,False,East,473.08
9326,12-04-24,3738,47,Female,Electronics,2.85,3,15,1.28,8.55,7.27,PayPal,3,5,False,North,182.12
9327,08-30-24,4269,38,Male,Books,28.12,9,10,25.31,253.08,227.77,PayPal,18,5,False,South,322.2
9328,12-02-23,4199,18,Male,Home & Garden,26.36,2,5,2.64,52.72,50.08,Debit Card,19,5,False,West,545.74
9329,10-16-23,3579,35,Other,Clothing,40.83,5,0,0.0,204.15,204.15,PayPal,13,3,False,North,303.02
9330,07-23-23,3007,27,Female,Home & Garden,2.88,5,20,2.88,14.4,11.52,Debit Card,23,4,False,South,1386.56
9331,03-28-23,2434,34,Male,Electronics,27.55,5,15,20.66,137.75,117.09,Credit Card,2,5,False,South,826.72
9332,02-29-24,1839,22,Female,Clothing,70.91,1,5,3.55,70.91,67.36,Mobile Wallet,3,5,False,South,248.71
9333,01-12-24,4136,37,Other,Clothing,310.93,7,15,326.48,2176.51,1850.03,Credit Card,22,3,False,West,2030.91
9334,07-06-23,4765,39,Male,Books,45.25,2,5,4.53,90.5,85.97,Mobile Wallet,4,4,False,West,176.39
9335,02-07-24,1240,45,Other,Home & Garden,141.18,2,10,28.24,282.36,254.12,Debit Card,17,3,False,East,534.4
9336,01-22-24,4440,39,Other,Electronics,326.41,9,5,146.88,2937.69,2790.81,Mobile Wallet,8,5,False,North,3029.44
9337,08-07-24,1535,59,Male,Beauty,28.53,1,10,2.85,28.53,25.68,Debit Card,23,5,False,West,25.68
9338,08-18-23,2407,67,Other,Beauty,55.24,9,5,24.86,497.16,472.3,Debit Card,8,5,False,East,472.3
9339,01-22-23,4502,28,Female,Clothing,11.99,6,15,10.79,71.94,61.15,Mobile Wallet,25,5,False,South,551.02
9340,01-24-23,1082,49,Male,Books,32.28,5,20,32.28,161.4,129.12,Credit Card,25,3,False,East,696.84
9341,07-25-24,1981,66,Female,Beauty,4.08,5,0,0.0,20.4,20.4,PayPal,3,5,False,East,225.29
9342,10-24-24,4902,49,Other,Clothing,1.48,5,20,1.48,7.4,5.92,Credit Card,15,4,False,East,990.36
9343,09-18-24,4768,45,Male,Home & Garden,111.71,6,5,33.51,670.26,636.75,Debit Card,11,5,True,North,742.1
9344,10-03-24,1950,7,Female,Beauty,97.74,7,10,68.42,684.18,615.76,Credit Card,9,3,False,West,657.23
9345,08-23-23,4899,26,Female,Sports,18.7,9,15,25.24,168.3,143.06,Credit Card,11,4,False,West,541.16
9346,04-02-23,1610,28,Female,Electronics,30.53,2,0,0.0,61.06,61.06,Credit Card,6,4,False,South,771.47
9347,04-18-24,1573,55,Female,Sports,34.02,4,0,0.0,136.08,136.08,PayPal,10,1,False,East,216.73
9348,07-23-23,3333,24,Female,Home & Garden,36.77,5,15,27.58,183.85,156.27,Mobile Wallet,10,5,False,East,156.27
9349,09-26-23,1988,33,Other,Sports,7.23,6,5,2.17,43.38,41.21,PayPal,18,4,False,South,157.52
9350,12-19-24,4605,47,Other,Home & Garden,74.6,7,0,0.0,522.2,522.2,Credit Card,13,3,False,West,809.74
9351,06-22-23,1458,23,Other,Home & Garden,21.37,3,15,9.62,64.11,54.49,Mobile Wallet,17,3,False,North,109.57
9352,02-20-23,4283,39,Other,Books,1.61,3,5,0.24,4.83,4.59,Credit Card,4,5,False,South,823.0
9353,02-15-24,3173,37,Other,Sports,56.44,9,15,76.19,507.96,431.77,Debit Card,25,2,False,South,575.97
9354,09-24-24,4484,48,Other,Clothing,88.56,9,0,0.0,797.04,797.04,Credit Card,18,4,True,North,921.34
9355,03-15-24,2522,44,Other,Home & Garden,125.13,2,20,50.05,250.26,200.21,Mobile Wallet,1,4,True,West,1356.3
9356,09-06-24,3472,44,Female,Sports,56.11,4,0,0.0,224.44,224.44,PayPal,29,3,False,South,1098.13
9357,09-24-23,3601,38,Other,Clothing,10.62,4,0,0.0,42.48,42.48,PayPal,18,2,False,East,752.12
9358,06-02-23,3657,9,Female,Electronics,44.55,5,20,44.55,222.75,178.2,Credit Card,7,4,False,North,789.4
9359,04-02-23,2984,37,Male,Clothing,121.39,2,5,12.14,242.78,230.64,PayPal,29,4,False,West,282.34
9360,01-12-24,2566,35,Other,Sports,21.58,4,15,12.95,86.32,73.37,Mobile Wallet,5,2,False,South,73.37
9361,06-24-23,4229,46,Female,Sports,153.25,3,5,22.99,459.75,436.76,PayPal,16,3,False,North,1004.85
9362,08-03-24,3159,28,Male,Clothing,5.14,6,5,1.54,30.84,29.3,PayPal,5,4,False,East,609.58
9363,05-01-23,3449,35,Male,Clothing,65.11,4,15,39.07,260.44,221.37,Credit Card,10,2,False,East,1326.17
9364,01-15-23,4830,36,Female,Beauty,6.39,1,5,0.32,6.39,6.07,Mobile Wallet,29,5,False,West,102.91
9365,06-22-24,1121,24,Female,Home & Garden,80.19,3,10,24.06,240.57,216.51,Mobile Wallet,29,5,False,North,216.51
9366,03-21-24,1272,17,Female,Sports,5.14,8,0,0.0,41.12,41.12,Debit Card,16,4,False,North,1033.44
9367,04-09-24,2317,40,Other,Home & Garden,19.71,3,10,5.91,59.13,53.22,PayPal,4,3,False,North,913.83
9368,11-20-24,1397,50,Male,Home & Garden,75.0,7,15,78.75,525.0,446.25,Mobile Wallet,1,5,True,East,1143.39
9369,05-21-24,3518,25,Other,Electronics,30.83,2,20,12.33,61.66,49.33,Debit Card,8,4,False,West,1398.91
9370,05-02-23,1984,31,Other,Sports,107.15,5,20,107.15,535.75,428.6,Credit Card,28,5,False,East,1191.75
9371,08-18-23,2230,47,Other,Home & Garden,25.69,7,15,26.97,179.83,152.86,Debit Card,1,5,False,East,1573.65
9372,12-31-24,2133,48,Male,Electronics,264.5,1,15,39.67,264.5,224.83,Debit Card,26,2,False,West,486.75
9373,07-28-23,4511,38,Male,Beauty,0.94,1,5,0.05,0.94,0.89,Mobile Wallet,28,5,False,East,344.88
9374,07-15-23,2301,41,Male,Home & Garden,59.55,8,0,0.0,476.4,476.4,Debit Card,3,4,False,West,1075.28
9375,09-30-23,4639,42,Female,Home & Garden,123.78,2,10,24.76,247.56,222.8,Credit Card,18,5,False,West,415.19
9376,10-22-23,2910,45,Other,Beauty,38.39,4,15,23.03,153.56,130.53,Mobile Wallet,2,3,False,South,548.83
9377,05-21-24,4986,18,Female,Sports,223.31,3,20,133.99,669.93,535.94,Mobile Wallet,25,1,False,East,856.61
9378,01-27-24,3616,63,Female,Clothing,61.55,5,0,0.0,307.75,307.75,Mobile Wallet,25,4,False,West,583.58
9379,05-14-23,2505,39,Other,Beauty,28.06,2,0,0.0,56.12,56.12,Mobile Wallet,5,3,False,North,195.5
9380,03-17-24,4874,45,Male,Clothing,36.22,6,5,10.87,217.32,206.45,Credit Card,11,4,False,West,1248.2
9381,07-31-23,4185,23,Other,Sports,104.97,8,20,167.95,839.76,671.81,Credit Card,14,2,False,North,671.81
9382,09-06-24,2916,32,Female,Clothing,158.01,5,0,0.0,790.05,790.05,Credit Card,18,5,False,West,791.24
9383,08-09-23,3944,40,Male,Books,40.58,7,20,56.81,284.06,227.25,PayPal,10,2,False,South,266.28
9384,10-17-23,1819,7,Male,Clothing,18.35,5,10,9.18,91.75,82.57,Credit Card,7,5,False,South,582.63
9385,11-24-24,3900,21,Female,Beauty,13.68,6,20,16.42,82.08,65.66,Debit Card,8,5,False,West,263.47
9386,07-13-23,4548,24,Male,Home & Garden,32.41,9,0,0.0,291.69,291.69,Mobile Wallet,28,2,False,South,352.84
9387,03-04-24,3757,15,Male,Home & Garden,17.57,1,20,3.51,17.57,14.06,Debit Card,25,4,False,North,628.4
9388,07-04-23,2956,36,Other,Electronics,27.31,9,20,49.16,245.79,196.63,Credit Card,20,5,True,South,1331.95
9389,02-23-24,3368,33,Other,Beauty,89.93,3,20,53.96,269.79,215.83,PayPal,17,5,False,South,1377.69
9390,05-30-23,1178,56,Female,Sports,31.93,3,0,0.0,95.79,95.79,PayPal,7,1,False,North,824.14
9391,01-30-23,1896,18,Female,Electronics,51.2,4,10,20.48,204.8,184.32,Mobile Wallet,23,2,False,North,1764.38
9392,10-25-23,3266,38,Female,Home & Garden,4.72,8,20,7.55,37.76,30.21,Credit Card,16,2,False,East,244.3
9393,09-26-23,3836,21,Male,Home & Garden,71.8,1,10,7.18,71.8,64.62,PayPal,17,4,False,South,461.83
9394,08-30-23,2972,9,Female,Electronics,32.98,4,0,0.0,131.92,131.92,Debit Card,4,2,False,North,270.68
9395,09-24-24,2551,43,Other,Beauty,22.39,7,15,23.51,156.73,133.22,PayPal,4,4,False,South,2078.6
9396,04-06-24,1491,45,Male,Books,47.21,3,20,28.33,141.63,113.3,Mobile Wallet,28,4,False,West,113.3
9397,09-12-23,4962,43,Female,Clothing,5.38,7,10,3.77,37.66,33.89,PayPal,1,5,False,East,1183.99
9398,01-14-24,1060,15,Male,Books,26.72,5,20,26.72,133.6,106.88,Credit Card,23,5,False,South,2204.04
9399,08-19-24,2077,36,Male,Books,83.29,9,5,37.48,749.61,712.13,Debit Card,3,5,False,South,897.95
9400,12-01-24,2703,43,Male,Books,15.19,8,5,6.08,121.52,115.44,Mobile Wallet,12,1,False,East,115.44
9401,10-24-24,3585,49,Female,Beauty,122.73,3,0,0.0,368.19,368.19,Mobile Wallet,17,5,False,South,1845.9
9402,04-14-24,3895,44,Male,Books,46.27,4,10,18.51,185.08,166.57,PayPal,16,4,True,East,946.77
9403,03-29-23,4035,49,Male,Clothing,38.91,7,10,27.24,272.37,245.13,Mobile Wallet,28,5,True,West,1411.89
9404,01-11-23,1064,51,Male,Sports,25.51,2,20,10.2,51.02,40.82,PayPal,14,5,False,East,608.8
9405,04-25-24,4683,36,Other,Electronics,67.74,6,5,20.32,406.44,386.12,Debit Card,23,4,False,West,1444.14
9406,05-17-23,1585,42,Female,Books,41.56,9,20,74.81,374.04,299.23,PayPal,3,5,False,East,759.48
9407,11-28-23,2727,49,Other,Books,79.61,9,20,143.3,716.49,573.19,Mobile Wallet,19,3,False,South,724.98
9408,12-10-24,3218,40,Male,Electronics,20.15,6,0,0.0,120.9,120.9,Debit Card,29,2,False,South,2721.63
9409,02-12-24,4344,52,Male,Electronics,60.54,6,15,54.49,363.24,308.75,PayPal,29,2,False,North,1520.91
9410,12-04-24,4960,48,Other,Sports,143.63,6,0,0.0,861.78,861.78,Mobile Wallet,19,5,True,South,1515.02
9411,08-06-23,4770,25,Male,Home & Garden,16.42,6,0,0.0,98.52,98.52,Mobile Wallet,16,5,False,South,128.95
9412,12-31-24,1534,15,Other,Sports,198.17,3,0,0.0,594.51,594.51,Credit Card,4,5,False,East,1186.78
9413,01-28-24,4462,35,Male,Home & Garden,26.43,4,20,21.14,105.72,84.58,PayPal,21,5,False,East,406.97
9414,12-26-24,3740,17,Male,Beauty,1.96,6,20,2.35,11.76,9.41,PayPal,17,5,True,West,13.68
9415,03-09-24,4398,36,Male,Clothing,22.14,1,20,4.43,22.14,17.71,PayPal,19,4,False,South,898.38
9416,09-03-24,3155,34,Male,Sports,8.1,1,20,1.62,8.1,6.48,Debit Card,12,3,False,South,313.8
9417,09-20-23,2870,54,Female,Clothing,18.14,7,5,6.35,126.98,120.63,Debit Card,1,5,False,West,422.53
9418,03-16-23,4233,42,Female,Electronics,5.04,1,10,0.5,5.04,4.54,Credit Card,19,4,False,South,112.28
9419,04-08-23,3861,49,Female,Sports,9.81,5,5,2.45,49.05,46.6,Credit Card,19,4,False,North,815.78
9420,07-24-24,2004,27,Other,Beauty,6.77,8,10,5.42,54.16,48.74,Credit Card,20,5,False,North,419.7
9421,03-02-23,3499,57,Other,Electronics,2.22,6,20,2.66,13.32,10.66,Mobile Wallet,12,2,False,West,10.66
9422,02-23-23,2229,48,Other,Beauty,17.56,3,5,2.63,52.68,50.05,Mobile Wallet,26,1,False,East,981.18
9423,12-07-23,3637,41,Other,Beauty,141.48,2,10,28.3,282.96,254.66,Credit Card,12,5,False,West,697.17
9424,08-29-23,2039,7,Female,Books,149.18,2,15,44.75,298.36,253.61,Mobile Wallet,17,3,False,South,322.77
9425,04-27-24,1326,52,Other,Electronics,93.75,4,0,0.0,375.0,375.0,Credit Card,5,4,False,East,822.65
9426,12-29-23,1607,61,Other,Beauty,0.61,9,10,0.55,5.49,4.94,Debit Card,28,4,False,North,754.16
9427,09-12-24,3706,35,Other,Books,1.43,9,5,0.64,12.87,12.23,Mobile Wallet,4,5,False,West,12.23
9428,11-17-24,1001,35,Male,Home & Garden,0.52,1,5,0.03,0.52,0.49,Mobile Wallet,29,3,False,North,765.88
9429,09-04-24,2033,27,Other,Books,22.84,5,15,17.13,114.2,97.07,Credit Card,5,5,False,North,1149.8
9430,12-27-24,3481,10,Male,Home & Garden,196.25,9,10,176.62,1766.25,1589.63,PayPal,6,5,False,East,1589.63
9431,02-16-23,1124,26,Other,Books,113.57,4,0,0.0,454.28,454.28,Credit Card,3,5,False,North,1666.22
9432,01-06-23,2104,59,Other,Books,14.42,7,5,5.05,100.94,95.89,Mobile Wallet,15,5,False,South,1294.63
9433,09-17-23,3532,51,Male,Clothing,26.4,6,20,31.68,158.4,126.72,Mobile Wallet,3,5,False,East,2114.83
9434,05-31-24,3699,23,Other,Clothing,86.99,4,20,69.59,347.96,278.37,Credit Card,13,4,False,West,847.93
9435,09-26-24,2861,26,Male,Electronics,71.06,7,10,49.74,497.42,447.68,Credit Card,5,5,False,North,936.12
9436,01-26-24,2173,67,Other,Beauty,7.11,7,15,7.47,49.77,42.3,Credit Card,21,4,False,East,360.26
9437,11-06-23,3847,19,Other,Clothing,5.7,2,0,0.0,11.4,11.4,Mobile Wallet,9,3,False,East,107.64
9438,02-09-24,3920,24,Male,Home & Garden,39.23,7,10,27.46,274.61,247.15,Mobile Wallet,23,5,True,East,701.07
9439,11-18-24,4411,28,Female,Clothing,5.39,9,10,4.85,48.51,43.66,Mobile Wallet,15,3,False,West,705.7
9440,01-15-24,1128,14,Male,Electronics,87.15,6,0,0.0,522.9,522.9,Debit Card,22,2,False,North,1736.64
9441,05-16-23,1437,26,Female,Sports,14.61,6,5,4.38,87.66,83.28,Credit Card,2,5,False,West,97.61
9442,07-26-24,1750,27,Male,Home & Garden,10.43,6,20,12.52,62.58,50.06,Debit Card,9,3,False,North,156.8
9443,02-12-23,3548,21,Female,Sports,10.27,2,5,1.03,20.54,19.51,Credit Card,26,4,False,South,88.62
9444,08-17-24,4129,54,Other,Home & Garden,2.31,6,15,2.08,13.86,11.78,Debit Card,15,5,False,West,548.85
9445,07-03-23,2221,17,Female,Beauty,51.34,6,0,0.0,308.04,308.04,Credit Card,3,2,False,South,308.04
9446,09-24-23,3258,32,Other,Beauty,8.99,9,5,4.05,80.91,76.86,PayPal,7,5,False,South,359.04
9447,06-23-23,4985,21,Male,Beauty,13.29,2,10,2.66,26.58,23.92,Debit Card,8,4,False,South,174.99
9448,05-30-24,1901,31,Female,Electronics,69.58,9,10,62.62,626.22,563.6,Mobile Wallet,13,5,False,West,1421.64
9449,05-19-24,3092,21,Other,Clothing,2.96,5,15,2.22,14.8,12.58,Mobile Wallet,25,4,False,West,105.71
9450,12-14-23,4168,36,Male,Sports,11.33,9,15,15.3,101.97,86.67,Debit Card,21,4,True,South,881.81
9451,04-24-24,2302,39,Female,Sports,8.09,2,0,0.0,16.18,16.18,Credit Card,22,4,False,East,16.18
9452,05-16-23,3582,56,Other,Clothing,0.24,5,5,0.06,1.2,1.14,Debit Card,15,5,False,West,753.91
9453,04-02-23,2433,26,Female,Electronics,38.75,2,10,7.75,77.5,69.75,Mobile Wallet,6,1,False,South,188.02
9454,11-21-23,3508,59,Female,Clothing,10.54,5,0,0.0,52.7,52.7,Mobile Wallet,21,5,False,North,367.77
9455,12-28-24,1390,22,Other,Books,50.11,7,0,0.0,350.77,350.77,Mobile Wallet,13,3,False,East,599.61
9456,06-27-24,4918,31,Other,Books,34.84,7,10,24.39,243.88,219.49,Debit Card,7,5,False,West,219.49
9457,03-19-24,2067,61,Male,Beauty,55.11,7,5,19.29,385.77,366.48,Debit Card,17,4,False,South,1098.66
9458,05-26-23,1026,78,Other,Books,199.67,5,20,199.67,998.35,798.68,PayPal,15,4,True,South,798.68
9459,09-24-23,3841,60,Other,Sports,12.41,7,15,13.03,86.87,73.84,Credit Card,5,5,False,East,336.79
9460,04-30-23,4168,31,Female,Beauty,54.81,6,5,16.44,328.86,312.42,PayPal,27,5,False,West,881.81
9461,11-17-23,4022,42,Other,Sports,89.67,7,20,125.54,627.69,502.15,Mobile Wallet,10,5,False,East,590.27
9462,02-15-23,1547,45,Female,Electronics,157.78,5,20,157.78,788.9,631.12,PayPal,22,4,False,East,779.01
9463,05-11-23,3668,40,Female,Home & Garden,48.69,2,10,9.74,97.38,87.64,Mobile Wallet,12,5,False,West,579.15
9464,05-26-24,1566,19,Other,Clothing,7.01,9,20,12.62,63.09,50.47,Credit Card,19,2,False,East,531.27
9465,10-15-23,1703,38,Other,Home & Garden,2.77,2,15,0.83,5.54,4.71,PayPal,18,5,False,South,1808.67
9466,01-05-24,2242,27,Other,Sports,16.32,3,0,0.0,48.96,48.96,Mobile Wallet,4,4,False,East,48.96
9467,03-16-24,1184,20,Other,Clothing,131.66,9,5,59.25,1184.94,1125.69,PayPal,13,4,False,East,1143.89
9468,10-17-23,4140,30,Male,Sports,38.49,2,15,11.55,76.98,65.43,Debit Card,3,5,False,South,979.58
9469,09-27-23,4900,39,Female,Electronics,43.29,8,20,69.26,346.32,277.06,Debit Card,6,4,False,East,688.31
9470,09-19-24,4201,50,Male,Beauty,47.16,3,0,0.0,141.48,141.48,Credit Card,6,5,True,North,1797.38
9471,09-28-23,2590,31,Male,Clothing,20.19,6,0,0.0,121.14,121.14,Credit Card,4,5,True,South,1395.98
9472,06-13-24,2913,33,Female,Sports,10.02,9,20,18.04,90.18,72.14,PayPal,28,5,False,South,949.68
9473,11-17-23,4680,47,Male,Books,154.22,3,15,69.4,462.66,393.26,Credit Card,4,3,False,East,859.33
9474,03-22-24,1847,36,Other,Books,70.4,9,20,126.72,633.6,506.88,Credit Card,13,5,False,South,710.3
9475,06-18-23,1598,40,Other,Sports,35.77,7,5,12.52,250.39,237.87,Debit Card,10,3,False,South,425.44
9476,11-20-23,1805,36,Other,Home & Garden,23.64,5,0,0.0,118.2,118.2,PayPal,10,5,False,South,118.2
9477,05-18-24,4702,38,Other,Beauty,32.96,8,10,26.37,263.68,237.31,Debit Card,11,2,False,North,1734.64
9478,06-04-23,4791,18,Female,Electronics,1.71,6,0,0.0,10.26,10.26,Debit Card,13,4,False,South,858.96
9479,07-23-24,2357,36,Other,Electronics,14.22,7,20,19.91,99.54,79.63,Debit Card,10,4,False,North,543.21
9480,11-04-24,4996,56,Female,Sports,14.43,3,20,8.66,43.29,34.63,PayPal,11,5,False,North,705.13
9481,10-13-24,4225,37,Female,Electronics,29.47,6,10,17.68,176.82,159.14,PayPal,18,5,False,West,413.96
9482,03-26-24,4618,22,Female,Clothing,13.48,3,10,4.04,40.44,36.4,PayPal,7,5,False,South,556.47
9483,02-24-23,3126,57,Female,Electronics,10.26,7,0,0.0,71.82,71.82,Debit Card,9,3,False,South,640.74
9484,07-13-23,3626,45,Male,Books,72.52,6,20,87.02,435.12,348.1,Credit Card,13,3,False,East,1355.45
9485,06-02-23,2878,46,Male,Sports,111.98,8,0,0.0,895.84,895.84,PayPal,25,4,False,North,1448.07
9486,02-25-23,3460,46,Other,Clothing,3.48,8,15,4.18,27.84,23.66,Credit Card,10,1,False,South,221.37
9487,08-24-23,1545,18,Female,Electronics,11.76,6,20,14.11,70.56,56.45,Debit Card,18,5,False,South,398.12
9488,07-07-23,2632,44,Other,Books,74.29,2,0,0.0,148.58,148.58,Mobile Wallet,15,4,False,North,410.94
9489,02-06-23,3216,55,Other,Beauty,84.6,6,20,101.52,507.6,406.08,PayPal,25,2,False,North,518.94
9490,04-26-24,3728,27,Other,Home & Garden,34.67,1,20,6.93,34.67,27.74,Credit Card,5,5,False,West,27.74
9491,09-24-23,4734,6,Other,Electronics,59.35,6,5,17.8,356.1,338.3,PayPal,15,5,False,West,476.44
9492,06-17-23,3630,40,Female,Books,4.04,6,0,0.0,24.24,24.24,Debit Card,11,5,False,West,72.36
9493,12-23-24,3562,35,Female,Beauty,94.7,6,20,113.64,568.2,454.56,PayPal,28,4,False,South,695.7
9494,04-23-24,4385,11,Male,Beauty,89.41,9,10,80.47,804.69,724.22,Debit Card,6,4,True,West,1365.6
9495,03-22-24,3079,44,Female,Books,59.11,4,10,23.64,236.44,212.8,Mobile Wallet,1,3,False,North,1316.97
9496,04-29-23,3334,42,Female,Books,124.04,7,5,43.41,868.28,824.87,Debit Card,14,5,False,South,3436.42
9497,05-21-24,3641,13,Other,Books,2.44,3,20,1.46,7.32,5.86,Mobile Wallet,15,4,False,South,72.64
9498,02-11-23,4114,63,Female,Home & Garden,13.13,8,0,0.0,105.04,105.04,Mobile Wallet,29,1,True,North,105.04
9499,03-28-24,2926,46,Other,Sports,22.51,2,0,0.0,45.02,45.02,Mobile Wallet,7,1,False,South,45.02
9500,01-01-24,1616,6,Female,Books,8.63,2,10,1.73,17.26,15.53,Credit Card,15,5,False,South,838.29
9501,12-27-24,4072,47,Male,Sports,84.32,5,15,63.24,421.6,358.36,Debit Card,16,3,True,North,1312.35
9502,07-28-24,4644,46,Other,Beauty,70.77,1,20,14.15,70.77,56.62,Mobile Wallet,24,3,False,East,871.4
9503,05-11-24,3317,56,Female,Home & Garden,74.2,1,5,3.71,74.2,70.49,Debit Card,5,4,False,West,701.7
9504,04-13-24,2203,25,Female,Beauty,17.22,3,5,2.58,51.66,49.08,PayPal,22,3,False,South,115.49
9505,05-19-24,2759,47,Other,Home & Garden,71.92,6,20,86.3,431.52,345.22,Debit Card,20,2,True,South,1245.11
9506,04-26-23,3565,31,Male,Beauty,6.57,6,20,7.88,39.42,31.54,Debit Card,19,3,False,North,719.41
9507,06-01-23,4174,26,Male,Clothing,5.65,8,5,2.26,45.2,42.94,Debit Card,19,5,False,North,137.64
9508,05-07-23,4081,22,Female,Clothing,43.86,7,5,15.35,307.02,291.67,Debit Card,18,5,False,North,3037.37
9509,12-24-23,3630,6,Female,Books,2.49,1,0,0.0,2.49,2.49,Credit Card,26,5,False,North,72.36
9510,04-06-23,4161,43,Female,Sports,139.56,1,5,6.98,139.56,132.58,Mobile Wallet,6,4,False,North,1248.66
9511,07-28-23,1225,30,Other,Beauty,19.94,4,10,7.98,79.76,71.78,Mobile Wallet,9,5,False,East,698.02
9512,10-18-23,1669,-5,Other,Home & Garden,32.41,1,5,1.62,32.41,30.79,Mobile Wallet,3,3,False,East,1054.37
9513,07-04-23,2763,36,Other,Electronics,83.89,1,5,4.19,83.89,79.7,PayPal,17,5,True,South,197.32
9514,06-22-23,1916,52,Female,Clothing,25.55,1,10,2.56,25.55,22.99,PayPal,10,5,False,South,200.62
9515,06-04-24,3173,15,Male,Clothing,28.16,3,10,8.45,84.48,76.03,Debit Card,16,2,False,East,575.97
9516,10-07-23,4003,24,Other,Beauty,21.38,2,20,8.55,42.76,34.21,Credit Card,1,3,False,East,235.7
9517,07-30-24,4280,41,Male,Electronics,21.67,8,5,8.67,173.36,164.69,Credit Card,4,5,False,North,805.01
9518,11-10-24,4168,-3,Female,Sports,31.55,7,10,22.08,220.85,198.77,Debit Card,1,5,False,South,881.81
9519,08-22-24,3121,26,Other,Sports,145.87,8,0,0.0,1166.96,1166.96,Debit Card,26,2,False,North,1730.69
9520,08-06-23,4698,40,Other,Sports,137.46,4,15,82.48,549.84,467.36,Mobile Wallet,18,4,False,North,467.36
9521,08-20-24,2214,26,Other,Books,39.39,9,10,35.45,354.51,319.06,PayPal,20,5,False,North,632.19
9522,01-05-23,2705,15,Female,Books,30.44,5,15,22.83,152.2,129.37,PayPal,4,5,False,South,1173.81
9523,06-22-24,2842,16,Female,Beauty,82.55,7,5,28.89,577.85,548.96,PayPal,11,5,False,West,789.13
9524,08-07-24,2983,10,Female,Electronics,57.12,4,0,0.0,228.48,228.48,PayPal,28,5,False,South,439.33
9525,07-04-23,4787,25,Male,Beauty,106.67,1,0,0.0,106.67,106.67,Debit Card,24,5,False,West,106.67
9526,03-02-24,1055,50,Male,Home & Garden,65.58,8,20,104.93,524.64,419.71,Debit Card,4,5,False,North,424.98
9527,03-20-23,1719,70,Other,Electronics,152.19,9,20,273.94,1369.71,1095.77,PayPal,19,5,False,West,2195.31
9528,09-10-23,3600,35,Other,Home & Garden,108.69,9,5,48.91,978.21,929.3,Mobile Wallet,4,4,False,South,1866.1
9529,05-25-24,3079,46,Female,Electronics,96.64,8,10,77.31,773.12,695.81,Mobile Wallet,5,5,False,East,1316.97
9530,11-24-24,4598,20,Female,Books,24.84,1,0,0.0,24.84,24.84,Mobile Wallet,21,5,False,North,545.25
9531,04-07-23,1573,3,Female,Sports,24.41,3,5,3.66,73.23,69.57,PayPal,13,4,False,North,216.73
9532,12-03-23,1666,62,Other,Clothing,67.59,5,5,16.9,337.95,321.05,Mobile Wallet,4,4,False,North,647.01
9533,01-27-23,1283,26,Female,Electronics,4.37,7,10,3.06,30.59,27.53,Debit Card,10,5,False,North,74.96
9534,10-19-23,2744,45,Male,Electronics,19.45,8,0,0.0,155.6,155.6,PayPal,18,3,False,West,155.6
9535,11-28-24,4903,37,Male,Clothing,134.58,1,0,0.0,134.58,134.58,Mobile Wallet,3,3,False,North,182.15
9536,11-27-24,4565,49,Other,Electronics,29.9,5,0,0.0,149.5,149.5,Debit Card,26,5,False,East,885.29
9537,05-05-23,3234,49,Other,Sports,15.73,3,20,9.44,47.19,37.75,PayPal,26,4,True,North,990.46
9538,02-08-24,1497,39,Male,Beauty,32.36,7,0,0.0,226.52,226.52,Debit Card,19,3,False,South,362.53
9539,01-18-24,2465,40,Female,Clothing,17.03,6,15,15.33,102.18,86.85,Mobile Wallet,5,5,False,South,93.39
9540,08-27-24,1129,53,Other,Clothing,73.11,1,10,7.31,73.11,65.8,Credit Card,11,3,False,East,920.71
9541,04-19-23,1638,28,Other,Sports,95.06,2,0,0.0,190.12,190.12,Mobile Wallet,2,2,False,North,300.56
9542,11-28-23,4363,58,Other,Sports,76.31,5,10,38.16,381.55,343.39,Debit Card,18,1,False,West,1051.17
9543,06-07-23,3161,24,Male,Clothing,8.07,5,10,4.04,40.35,36.31,Credit Card,11,5,False,East,964.74
9544,01-30-23,4270,36,Other,Sports,20.48,1,15,3.07,20.48,17.41,Credit Card,12,4,False,East,227.8
9545,03-25-23,3060,44,Male,Beauty,12.04,4,0,0.0,48.16,48.16,PayPal,16,3,False,South,952.55
9546,04-16-24,4342,10,Male,Sports,2.19,9,10,1.97,19.71,17.74,Credit Card,26,4,False,North,1473.39
9547,12-25-24,4672,55,Female,Beauty,67.2,9,0,0.0,604.8,604.8,PayPal,2,4,True,North,1111.45
9548,11-06-24,4286,42,Female,Sports,27.96,5,15,20.97,139.8,118.83,Credit Card,27,5,True,North,435.48
9549,05-06-24,3491,84,Female,Clothing,16.19,7,20,22.67,113.33,90.66,Credit Card,22,5,False,East,345.85
9550,04-09-24,4861,66,Other,Electronics,18.37,2,20,7.35,36.74,29.39,PayPal,24,3,True,West,671.1
9551,10-05-24,4583,34,Male,Home & Garden,7.25,1,20,1.45,7.25,5.8,Debit Card,26,5,False,North,316.93
9552,10-03-23,3494,61,Other,Clothing,87.65,2,20,35.06,175.3,140.24,PayPal,16,4,False,East,514.61
9553,08-31-24,1985,47,Male,Home & Garden,7.77,4,5,1.55,31.08,29.53,Credit Card,16,4,False,East,162.68
9554,11-04-24,1992,38,Other,Sports,20.65,6,10,12.39,123.9,111.51,Mobile Wallet,22,4,False,South,431.38
9555,01-06-23,3762,10,Male,Sports,0.37,3,5,0.06,1.11,1.05,PayPal,4,5,True,North,19.17
9556,12-04-23,3121,13,Female,Electronics,28.67,2,0,0.0,57.34,57.34,PayPal,8,4,True,East,1730.69
9557,02-14-23,3584,35,Female,Sports,21.91,7,20,30.67,153.37,122.7,Credit Card,4,5,False,South,309.86
9558,11-02-24,1100,27,Other,Home & Garden,63.49,8,0,0.0,507.92,507.92,Credit Card,11,3,False,South,507.92
9559,09-29-24,3223,38,Male,Clothing,62.82,9,15,84.81,565.38,480.57,Mobile Wallet,25,4,True,North,480.57
9560,04-08-24,1426,55,Female,Clothing,1.97,8,10,1.58,15.76,14.18,Credit Card,8,5,False,West,124.62
9561,11-29-23,4188,47,Male,Beauty,6.16,2,15,1.85,12.32,10.47,PayPal,29,1,False,West,323.39
9562,08-05-24,4237,24,Other,Electronics,117.5,3,10,35.25,352.5,317.25,PayPal,12,5,False,South,814.99
9563,05-13-23,1040,48,Female,Home & Garden,78.46,1,15,11.77,78.46,66.69,PayPal,4,5,True,South,2325.79
9564,08-05-23,1428,21,Other,Sports,24.67,1,15,3.7,24.67,20.97,Debit Card,7,4,False,West,720.41
9565,02-19-23,1343,17,Other,Books,9.1,6,10,5.46,54.6,49.14,PayPal,13,5,False,East,173.17
9566,10-21-24,4495,40,Male,Electronics,15.11,3,0,0.0,45.33,45.33,Debit Card,11,5,True,South,1030.46
9567,10-17-23,1365,22,Other,Electronics,53.65,4,15,32.19,214.6,182.41,Credit Card,10,5,False,East,1501.83
9568,11-27-23,4191,25,Other,Books,145.47,8,10,116.38,1163.76,1047.38,Debit Card,27,3,False,North,3844.59
9569,02-26-23,1608,49,Male,Clothing,47.82,5,10,23.91,239.1,215.19,PayPal,9,5,False,West,831.63
9570,03-14-23,3704,44,Male,Beauty,1.34,6,15,1.21,8.04,6.83,Credit Card,6,5,False,West,37.74
9571,07-14-24,1727,29,Other,Clothing,52.59,9,0,0.0,473.31,473.31,Debit Card,17,5,False,East,654.63
9572,09-08-24,3276,10,Female,Clothing,144.8,2,20,57.92,289.6,231.68,Credit Card,13,4,False,East,363.58
9573,01-26-24,1824,23,Female,Books,22.21,3,5,3.33,66.63,63.3,Credit Card,6,5,False,South,472.73
9574,04-05-23,4201,64,Male,Sports,135.57,5,20,135.57,677.85,542.28,Debit Card,24,5,False,North,1797.38
9575,02-13-24,2375,49,Other,Sports,55.53,2,15,16.66,111.06,94.4,Credit Card,25,1,False,West,110.93
9576,09-19-23,1888,56,Female,Beauty,10.53,8,15,12.64,84.24,71.6,Credit Card,17,5,False,West,1651.04
9577,07-02-23,3043,38,Male,Beauty,7.85,2,10,1.57,15.7,14.13,PayPal,13,5,False,South,267.94
9578,09-03-23,2341,29,Male,Home & Garden,9.7,4,0,0.0,38.8,38.8,Mobile Wallet,21,5,False,East,349.16
9579,02-13-24,4031,48,Male,Home & Garden,60.07,3,0,0.0,180.21,180.21,Mobile Wallet,15,3,False,East,1556.07
9580,04-02-23,4720,54,Other,Clothing,44.52,4,15,26.71,178.08,151.37,Credit Card,16,5,False,East,192.97
9581,01-22-23,3883,27,Male,Books,30.4,4,0,0.0,121.6,121.6,Debit Card,21,5,False,North,200.14
9582,08-02-23,4408,24,Female,Beauty,15.28,6,5,4.58,91.68,87.1,Mobile Wallet,24,5,False,West,723.36
9583,06-16-23,2296,12,Other,Electronics,118.88,9,0,0.0,1069.92,1069.92,Debit Card,7,4,False,West,2674.26
9584,02-02-24,1116,23,Female,Sports,12.02,3,0,0.0,36.06,36.06,Mobile Wallet,21,4,False,West,1302.17
9585,02-17-24,3865,45,Female,Books,16.68,1,10,1.67,16.68,15.01,PayPal,13,4,False,North,15.01
9586,10-19-23,3415,26,Female,Beauty,2.82,8,15,3.38,22.56,19.18,PayPal,28,5,False,North,445.18
9587,10-24-24,2117,48,Other,Home & Garden,16.1,7,0,0.0,112.7,112.7,Debit Card,6,5,False,South,258.15
9588,10-31-24,1167,64,Female,Beauty,128.13,2,15,38.44,256.26,217.82,Debit Card,8,3,False,South,261.08
9589,06-07-23,4001,35,Male,Sports,10.39,5,0,0.0,51.95,51.95,PayPal,22,2,False,West,102.45
9590,05-04-23,2738,34,Male,Beauty,11.41,4,0,0.0,45.64,45.64,Debit Card,10,2,True,South,598.74
9591,11-02-23,2364,43,Female,Sports,45.81,9,0,0.0,412.29,412.29,Credit Card,21,5,False,South,1833.12
9592,05-17-24,3708,26,Male,Books,41.85,4,10,16.74,167.4,150.66,PayPal,10,4,False,West,3560.74
9593,03-18-24,4985,25,Other,Beauty,9.68,5,0,0.0,48.4,48.4,PayPal,1,1,False,West,174.99
9594,11-14-23,1694,25,Other,Beauty,8.38,8,20,13.41,67.04,53.63,PayPal,12,4,False,North,565.33
9595,12-02-24,1924,17,Male,Home & Garden,6.22,3,5,0.93,18.66,17.73,PayPal,8,5,True,North,567.4
9596,09-09-24,1151,48,Male,Books,98.69,6,0,0.0,592.14,592.14,Credit Card,8,3,False,West,801.1
9597,05-15-23,1585,27,Other,Electronics,53.13,6,20,63.76,318.78,255.02,PayPal,29,5,False,East,759.48
9598,01-03-24,4948,51,Female,Sports,153.36,7,15,161.03,1073.52,912.49,PayPal,22,4,False,North,1050.22
9599,11-12-24,1912,42,Other,Books,9.07,9,10,8.16,81.63,73.47,Debit Card,7,4,False,South,1022.31
9600,04-09-23,3321,34,Female,Books,30.87,3,15,13.89,92.61,78.72,PayPal,7,4,False,West,747.86
9601,01-12-24,2577,47,Male,Electronics,67.94,5,10,33.97,339.7,305.73,Mobile Wallet,15,4,True,South,2916.92
9602,06-08-24,1495,20,Male,Books,12.01,5,15,9.01,60.05,51.04,Debit Card,12,2,False,South,329.98
9603,07-24-23,4795,23,Female,Sports,57.71,5,15,43.28,288.55,245.27,Debit Card,16,4,False,North,880.56
9604,05-16-24,3148,45,Female,Clothing,32.1,6,5,9.63,192.6,182.97,Mobile Wallet,27,4,False,West,940.95
9605,04-01-24,1556,2,Other,Clothing,28.18,1,5,1.41,28.18,26.77,Debit Card,16,3,False,North,551.6
9606,02-02-24,2105,35,Female,Home & Garden,51.78,9,5,23.3,466.02,442.72,Credit Card,2,5,False,North,741.51
9607,05-02-24,2552,43,Male,Electronics,31.53,3,15,14.19,94.59,80.4,PayPal,14,5,False,North,383.58
9608,10-02-23,3120,54,Male,Home & Garden,85.74,6,10,51.44,514.44,463.0,PayPal,16,3,False,South,1325.58
9609,07-30-24,4085,57,Male,Clothing,133.34,4,5,26.67,533.36,506.69,Debit Card,14,4,False,North,599.93
9610,09-06-24,4504,33,Female,Electronics,44.44,7,10,31.11,311.08,279.97,PayPal,6,5,False,East,757.51
9611,03-09-24,1156,46,Female,Books,17.88,8,10,14.3,143.04,128.74,Debit Card,23,3,True,West,276.82
9612,04-03-23,1734,22,Male,Books,75.08,4,0,0.0,300.32,300.32,PayPal,24,5,False,East,356.16
9613,03-08-24,3179,28,Female,Sports,9.35,6,20,11.22,56.1,44.88,Debit Card,29,5,False,North,1343.88
9614,01-13-24,4409,55,Other,Beauty,4.99,7,15,5.24,34.93,29.69,Debit Card,18,4,False,West,123.38
9615,09-20-24,4066,34,Other,Clothing,36.57,7,20,51.2,255.99,204.79,Debit Card,10,5,False,East,629.74
9616,07-10-23,2427,37,Female,Books,52.03,9,15,70.24,468.27,398.03,Credit Card,24,4,False,North,603.2
9617,03-20-24,4447,19,Female,Electronics,90.09,8,10,72.07,720.72,648.65,Debit Card,27,3,False,West,986.25
9618,10-07-24,4959,41,Male,Beauty,155.29,3,20,93.17,465.87,372.7,Credit Card,15,4,False,East,846.39
9619,03-12-24,1558,46,Female,Beauty,103.31,4,0,0.0,413.24,413.24,Credit Card,18,5,False,West,1467.5
9620,04-06-23,3154,45,Male,Books,224.15,9,20,403.47,2017.35,1613.88,Mobile Wallet,9,4,False,West,1653.93
9621,02-11-23,4691,16,Other,Home & Garden,32.28,7,20,45.19,225.96,180.77,Debit Card,16,2,False,North,258.96
9622,06-09-24,3312,49,Female,Home & Garden,19.03,7,0,0.0,133.21,133.21,Credit Card,16,5,True,North,133.21
9623,12-16-23,4276,20,Other,Home & Garden,30.78,1,0,0.0,30.78,30.78,Mobile Wallet,2,3,False,North,660.61
9624,04-19-24,4150,34,Female,Beauty,51.66,2,5,5.17,103.32,98.15,PayPal,15,1,True,West,953.01
9625,11-23-24,1154,10,Female,Home & Garden,35.39,1,15,5.31,35.39,30.08,Credit Card,19,3,False,South,1603.55
9626,08-18-23,4854,32,Male,Home & Garden,50.27,4,10,20.11,201.08,180.97,Credit Card,24,5,False,East,1670.59
9627,10-25-24,4035,19,Male,Beauty,108.9,4,20,87.12,435.6,348.48,Credit Card,11,5,False,East,1411.89
9628,12-03-24,1996,28,Female,Sports,9.06,5,20,9.06,45.3,36.24,Mobile Wallet,22,5,False,West,45.7
9629,12-31-24,3294,35,Female,Home & Garden,6.41,5,10,3.2,32.05,28.85,Mobile Wallet,29,4,False,North,1270.51
9630,06-08-23,1530,47,Male,Sports,34.51,1,0,0.0,34.51,34.51,Credit Card,25,4,False,South,34.51
9631,05-22-24,3905,46,Other,Sports,200.23,7,0,0.0,1401.61,1401.61,Debit Card,8,3,False,West,2921.38
9632,06-23-24,2971,0,Female,Books,3.04,6,20,3.65,18.24,14.59,Mobile Wallet,10,5,False,West,14.59
9633,10-06-24,3585,45,Male,Beauty,215.47,8,20,344.75,1723.76,1379.01,Mobile Wallet,6,5,False,South,1845.9
9634,10-24-24,1728,38,Female,Electronics,171.64,4,10,68.66,686.56,617.9,PayPal,19,2,False,West,1744.79
9635,06-21-24,2177,26,Male,Home & Garden,17.31,1,10,1.73,17.31,15.58,PayPal,3,4,False,West,627.76
9636,03-27-23,1153,21,Other,Electronics,110.82,3,15,49.87,332.46,282.59,Credit Card,18,4,False,West,566.71
9637,10-25-23,4757,34,Female,Clothing,0.39,9,0,0.0,3.51,3.51,PayPal,8,5,False,South,130.63
9638,04-24-24,1091,38,Female,Sports,30.26,7,5,10.59,211.82,201.23,Debit Card,26,5,False,South,820.94
9639,03-23-24,4504,40,Other,Clothing,25.72,2,5,2.57,51.44,48.87,Credit Card,29,2,False,West,757.51
9640,03-23-23,3385,32,Female,Sports,116.48,3,10,34.94,349.44,314.5,Credit Card,21,5,True,East,408.1
9641,05-04-24,2503,-2,Female,Home & Garden,31.96,2,15,9.59,63.92,54.33,Mobile Wallet,9,2,False,South,519.08
9642,11-04-23,2716,27,Female,Clothing,27.06,4,20,21.65,108.24,86.59,Credit Card,5,3,False,East,618.34
9643,06-02-23,4202,17,Male,Beauty,51.03,2,10,10.21,102.06,91.85,PayPal,5,1,False,West,778.75
9644,05-11-23,3497,65,Male,Books,23.56,4,10,9.42,94.24,84.82,Credit Card,24,2,False,North,261.77
9645,12-01-24,3016,35,Female,Clothing,38.45,7,10,26.92,269.15,242.23,Credit Card,15,1,False,North,355.06
9646,11-04-23,3857,46,Other,Sports,155.69,8,5,62.28,1245.52,1183.24,PayPal,24,2,False,North,1525.72
9647,09-12-23,1786,44,Other,Beauty,11.32,6,10,6.79,67.92,61.13,Mobile Wallet,28,5,False,West,200.67
9648,06-19-24,1272,39,Female,Sports,30.71,9,15,41.46,276.39,234.93,Debit Card,2,3,False,South,1033.44
9649,03-13-24,3027,28,Male,Electronics,0.77,6,5,0.23,4.62,4.39,PayPal,24,4,False,East,346.16
9650,10-30-23,3635,26,Male,Clothing,92.33,3,15,41.55,276.99,235.44,Debit Card,13,4,False,East,568.48
9651,08-05-24,1176,4,Female,Books,4.83,1,5,0.24,4.83,4.59,Debit Card,23,5,False,South,198.88
9652,02-18-23,4767,37,Male,Home & Garden,4.98,9,15,6.72,44.82,38.1,Debit Card,12,4,True,East,473.08
9653,07-18-24,3878,39,Male,Electronics,107.21,3,0,0.0,321.63,321.63,Credit Card,28,3,False,West,695.75
9654,03-20-23,1642,34,Other,Clothing,26.32,1,0,0.0,26.32,26.32,Debit Card,22,5,False,South,26.32
9655,02-16-23,2898,37,Female,Electronics,58.12,2,5,5.81,116.24,110.43,Mobile Wallet,29,4,False,South,350.45
9656,06-09-24,4120,16,Male,Clothing,97.54,3,0,0.0,292.62,292.62,Mobile Wallet,3,3,False,South,608.95
9657,04-21-23,1566,30,Male,Home & Garden,23.46,8,20,37.54,187.68,150.14,Mobile Wallet,5,3,False,East,531.27
9658,06-06-24,1665,25,Male,Home & Garden,15.16,8,15,18.19,121.28,103.09,Credit Card,29,2,False,South,235.63
9659,03-11-24,4426,44,Female,Books,9.29,2,5,0.93,18.58,17.65,PayPal,18,4,False,South,1027.19
9660,02-27-24,4783,35,Female,Electronics,46.71,6,0,0.0,280.26,280.26,Mobile Wallet,11,5,False,North,661.91
9661,04-07-23,2331,25,Male,Books,14.54,2,5,1.45,29.08,27.63,Debit Card,16,4,True,North,367.91
9662,04-20-24,3915,32,Other,Clothing,50.3,7,20,70.42,352.1,281.68,Credit Card,9,5,False,South,575.77
9663,11-07-24,4956,19,Other,Home & Garden,19.07,3,5,2.86,57.21,54.35,Credit Card,21,4,False,South,815.19
9664,08-05-24,4701,30,Female,Home & Garden,21.37,8,5,8.55,170.96,162.41,Mobile Wallet,24,4,False,North,883.21
9665,09-17-23,2798,43,Other,Sports,14.33,3,10,4.3,42.99,38.69,Debit Card,21,3,True,West,91.75
9666,12-30-23,2069,15,Male,Sports,27.1,6,10,16.26,162.6,146.34,Debit Card,26,3,True,North,240.65
9667,09-18-23,3349,34,Female,Books,8.84,1,10,0.88,8.84,7.96,Mobile Wallet,9,4,False,West,201.9
9668,08-22-24,3915,23,Female,Electronics,19.26,8,10,15.41,154.08,138.67,Debit Card,12,5,False,West,575.77
9669,03-25-23,3959,15,Other,Clothing,75.23,7,15,78.99,526.61,447.62,Credit Card,11,4,False,East,1551.99
9670,05-30-24,1407,62,Female,Books,12.14,1,20,2.43,12.14,9.71,Credit Card,1,4,False,West,44.57
9671,01-17-23,2212,53,Other,Home & Garden,146.98,7,5,51.44,1028.86,977.42,Mobile Wallet,6,3,False,East,1294.64
9672,04-27-23,3869,26,Other,Home & Garden,33.95,5,20,33.95,169.75,135.8,Debit Card,13,2,False,North,601.7
9673,11-08-24,2853,30,Male,Home & Garden,5.65,2,5,0.56,11.3,10.74,PayPal,24,5,False,West,493.76
9674,04-18-24,2152,4,Other,Clothing,143.29,1,10,14.33,143.29,128.96,Mobile Wallet,28,4,False,West,703.08
9675,07-03-23,3608,11,Other,Books,30.5,2,15,9.15,61.0,51.85,Credit Card,23,2,False,East,515.49
9676,07-06-23,4608,18,Female,Clothing,40.71,6,5,12.21,244.26,232.05,Mobile Wallet,2,5,False,East,921.6
9677,02-07-24,4337,34,Male,Beauty,10.24,2,5,1.02,20.48,19.46,Mobile Wallet,29,4,True,West,19.46
9678,02-16-23,2141,33,Male,Home & Garden,20.27,6,0,0.0,121.62,121.62,Credit Card,18,4,False,East,1204.4
9679,03-27-23,3511,39,Other,Sports,60.81,8,15,72.97,486.48,413.51,PayPal,16,5,False,West,507.76
9680,03-02-24,1143,45,Female,Books,6.62,8,15,7.94,52.96,45.02,Mobile Wallet,27,2,False,South,166.32
9681,12-22-24,3489,39,Female,Sports,42.25,6,15,38.02,253.5,215.48,PayPal,10,4,False,North,698.6
9682,11-01-23,4271,18,Female,Books,59.13,5,20,59.13,295.65,236.52,PayPal,17,4,False,East,391.42
9683,11-18-23,4228,39,Male,Home & Garden,0.09,4,10,0.04,0.36,0.32,Credit Card,16,5,False,North,239.11
9684,08-24-24,1486,44,Male,Sports,90.88,6,0,0.0,545.28,545.28,Mobile Wallet,17,4,False,South,545.28
9685,04-10-24,1859,28,Other,Sports,2.9,5,20,2.9,14.5,11.6,Mobile Wallet,15,5,False,West,257.04
9686,11-17-24,4205,7,Other,Books,14.18,4,10,5.67,56.72,51.05,PayPal,3,5,True,East,346.16
9687,04-05-24,2935,52,Female,Beauty,165.58,6,5,49.67,993.48,943.81,Mobile Wallet,3,5,False,West,2298.22
9688,09-30-24,1147,36,Other,Beauty,4.23,9,0,0.0,38.07,38.07,PayPal,27,5,True,West,1201.58
9689,09-29-23,2359,-6,Female,Sports,87.42,9,20,157.36,786.78,629.42,Credit Card,24,5,False,South,896.49
9690,12-16-23,4142,66,Male,Sports,52.78,8,0,0.0,422.24,422.24,Credit Card,9,4,False,West,422.24
9691,07-11-23,4304,27,Other,Home & Garden,45.61,1,10,4.56,45.61,41.05,Credit Card,5,5,False,South,766.46
9692,08-05-23,2357,71,Female,Books,43.58,9,20,78.44,392.22,313.78,PayPal,17,5,False,East,543.21
9693,07-09-23,3858,40,Male,Books,9.1,5,20,9.1,45.5,36.4,Mobile Wallet,18,4,False,South,36.4
9694,03-22-23,3713,31,Female,Electronics,55.25,3,0,0.0,165.75,165.75,Mobile Wallet,27,5,False,North,980.24
9695,09-10-24,1089,37,Other,Books,151.45,8,5,60.58,1211.6,1151.02,Debit Card,16,3,False,West,2351.82
9696,09-23-23,2357,24,Female,Home & Garden,4.01,8,5,1.6,32.08,30.48,Debit Card,20,5,False,South,543.21
9697,11-20-24,1198,35,Male,Sports,20.2,9,5,9.09,181.8,172.71,Credit Card,9,5,True,South,1547.62
9698,04-19-23,4232,65,Other,Electronics,31.96,2,10,6.39,63.92,57.53,Mobile Wallet,15,5,False,West,319.4
9699,03-20-24,1537,21,Male,Sports,13.22,4,0,0.0,52.88,52.88,PayPal,28,5,False,East,308.51
9700,07-01-24,4192,43,Other,Books,67.53,2,10,13.51,135.06,121.55,PayPal,21,5,False,North,207.14
9701,01-19-23,1300,24,Female,Clothing,58.34,6,10,35.0,350.04,315.04,PayPal,9,3,False,North,1208.2
9702,01-06-23,1723,32,Male,Sports,6.27,1,5,0.31,6.27,5.96,Mobile Wallet,29,5,False,East,257.82
9703,02-09-24,2598,64,Male,Beauty,42.14,3,5,6.32,126.42,120.1,Mobile Wallet,13,5,False,West,323.1
9704,04-30-23,4010,42,Female,Books,23.01,2,5,2.3,46.02,43.72,Credit Card,1,5,False,East,486.53
9705,01-14-23,2459,46,Male,Beauty,12.96,7,0,0.0,90.72,90.72,Debit Card,16,5,False,East,338.18
9706,06-25-23,1067,36,Male,Home & Garden,94.29,8,0,0.0,754.32,754.32,Mobile Wallet,9,5,False,North,1789.05
9707,11-02-24,4836,75,Male,Beauty,2.81,2,5,0.28,5.62,5.34,PayPal,24,2,False,East,20.4
9708,05-03-24,4993,20,Male,Books,31.5,9,10,28.35,283.5,255.15,Mobile Wallet,13,1,False,West,1472.06
9709,04-16-24,3506,11,Female,Electronics,32.25,1,0,0.0,32.25,32.25,Debit Card,14,5,False,East,505.98
9710,12-09-24,2537,60,Male,Beauty,42.21,2,20,16.88,84.42,67.54,Debit Card,11,5,False,North,643.34
9711,02-19-24,1397,29,Male,Clothing,11.01,3,10,3.3,33.03,29.73,PayPal,1,2,False,East,1143.39
9712,11-04-24,1619,41,Male,Clothing,102.48,2,10,20.5,204.96,184.46,Credit Card,23,4,False,East,1248.62
9713,09-08-24,4357,60,Other,Clothing,168.05,1,15,25.21,168.05,142.84,Debit Card,14,5,False,West,234.53
9714,05-13-24,2584,41,Other,Beauty,39.81,8,0,0.0,318.48,318.48,Debit Card,21,5,False,South,606.88
9715,11-07-23,2163,68,Female,Home & Garden,14.79,1,20,2.96,14.79,11.83,Debit Card,26,3,False,South,11.83
9716,09-25-24,1729,37,Female,Clothing,104.71,5,0,0.0,523.55,523.55,Debit Card,24,4,False,North,695.05
9717,09-23-24,1555,24,Female,Sports,221.87,6,10,133.12,1331.22,1198.1,Debit Card,20,5,False,West,1689.21
9718,01-05-24,2952,0,Male,Home & Garden,67.72,7,0,0.0,474.04,474.04,Mobile Wallet,18,5,False,West,868.7
9719,12-08-24,3828,39,Other,Books,20.3,3,10,6.09,60.9,54.81,PayPal,1,5,False,South,1858.8
9720,11-20-24,4661,1,Other,Electronics,13.46,7,20,18.84,94.22,75.38,Mobile Wallet,23,5,False,East,212.25
9721,12-07-24,2751,39,Female,Home & Garden,8.52,8,10,6.82,68.16,61.34,Credit Card,1,4,False,North,722.36
9722,11-22-24,3941,56,Other,Electronics,13.39,3,5,2.01,40.17,38.16,Debit Card,25,4,False,East,421.96
9723,02-09-24,3657,34,Female,Home & Garden,12.9,5,10,6.45,64.5,58.05,Credit Card,17,2,False,West,789.4
9724,11-06-23,3795,37,Male,Books,171.2,1,5,8.56,171.2,162.64,Credit Card,22,4,True,West,959.03
9725,03-31-23,3329,48,Other,Electronics,51.53,9,20,92.75,463.77,371.02,PayPal,2,4,False,South,397.28
9726,05-09-23,3708,45,Male,Home & Garden,9.13,8,20,14.61,73.04,58.43,Mobile Wallet,27,3,False,South,3560.74
9727,05-19-23,3971,52,Male,Electronics,33.48,3,10,10.04,100.44,90.4,Credit Card,22,4,False,South,518.45
9728,01-15-23,4887,34,Other,Clothing,10.21,4,5,2.04,40.84,38.8,Credit Card,22,5,False,West,38.8
9729,07-15-23,1995,1,Female,Clothing,46.57,1,10,4.66,46.57,41.91,Credit Card,16,1,False,East,273.13
9730,04-25-23,2959,52,Other,Beauty,20.88,1,20,4.18,20.88,16.7,Credit Card,5,4,False,West,1213.02
9731,01-17-23,2601,31,Male,Clothing,10.88,6,5,3.26,65.28,62.02,Debit Card,5,4,False,North,448.61
9732,12-13-24,3793,21,Female,Sports,13.91,6,15,12.52,83.46,70.94,PayPal,24,3,False,West,169.31
9733,07-12-23,2480,40,Male,Clothing,56.21,9,15,75.88,505.89,430.01,PayPal,7,5,False,West,430.01
9734,01-28-23,3134,37,Female,Clothing,26.22,5,20,26.22,131.1,104.88,PayPal,21,3,False,East,266.34
9735,08-03-23,2102,23,Other,Books,35.99,3,5,5.4,107.97,102.57,Credit Card,4,5,False,South,266.72
9736,05-07-24,4276,15,Male,Electronics,86.11,6,10,51.67,516.66,464.99,Credit Card,1,5,False,North,660.61
9737,10-26-24,3838,42,Female,Electronics,53.27,8,20,85.23,426.16,340.93,Debit Card,18,5,False,East,1129.21
9738,05-29-23,4408,22,Female,Clothing,31.03,7,20,43.44,217.21,173.77,Credit Card,10,1,True,North,723.36
9739,10-27-24,4325,36,Other,Electronics,154.02,3,0,0.0,462.06,462.06,Mobile Wallet,7,5,False,East,1247.61
9740,09-05-23,3351,40,Female,Home & Garden,12.07,1,10,1.21,12.07,10.86,Mobile Wallet,26,3,False,South,24.16
9741,03-22-24,2403,49,Female,Beauty,17.05,4,10,6.82,68.2,61.38,Credit Card,11,5,False,West,379.1
9742,10-03-24,3177,66,Male,Clothing,121.2,6,15,109.08,727.2,618.12,Mobile Wallet,1,5,False,North,618.12
9743,07-05-24,3643,38,Other,Beauty,95.94,4,0,0.0,383.76,383.76,Mobile Wallet,29,5,False,East,626.75
9744,07-15-23,2299,28,Other,Clothing,6.97,5,10,3.48,34.85,31.37,PayPal,29,4,False,North,1146.89
9745,03-30-23,2722,59,Male,Sports,132.93,7,10,93.05,930.51,837.46,Credit Card,25,4,False,East,1293.2
9746,11-05-23,3605,50,Male,Beauty,0.51,5,15,0.38,2.55,2.17,PayPal,6,4,True,West,595.37
9747,04-19-24,1898,37,Male,Home & Garden,86.42,5,0,0.0,432.1,432.1,Mobile Wallet,5,4,False,East,985.61
9748,06-01-23,2206,38,Female,Clothing,16.34,2,0,0.0,32.68,32.68,PayPal,22,5,False,West,63.22
9749,04-30-24,4339,35,Other,Clothing,10.45,1,5,0.52,10.45,9.93,Mobile Wallet,13,3,False,North,2633.92
9750,03-08-24,4879,37,Other,Electronics,29.77,4,20,23.82,119.08,95.26,PayPal,17,5,False,East,724.89
9751,01-23-23,4393,33,Other,Clothing,113.69,8,5,45.48,909.52,864.04,Credit Card,18,4,False,North,919.66
9752,04-30-23,2535,20,Female,Beauty,77.07,3,0,0.0,231.21,231.21,Mobile Wallet,7,5,False,West,276.43
9753,06-20-23,4683,35,Other,Beauty,170.67,6,15,153.6,1024.02,870.42,Credit Card,6,4,False,South,1444.14
9754,06-06-23,1077,61,Other,Clothing,38.94,2,5,3.89,77.88,73.99,Debit Card,7,5,False,East,321.06
9755,12-20-24,3831,22,Other,Clothing,35.72,9,15,48.22,321.48,273.26,Mobile Wallet,12,5,False,East,2087.26
9756,03-31-24,4410,30,Other,Clothing,0.66,9,0,0.0,5.94,5.94,PayPal,6,4,False,South,55.87
9757,05-11-24,3721,21,Male,Sports,9.96,4,15,5.98,39.84,33.86,Debit Card,23,5,False,North,449.27
9758,04-27-24,4627,52,Female,Home & Garden,34.42,8,5,13.77,275.36,261.59,Credit Card,16,5,False,East,1327.86
9759,01-21-23,2532,47,Other,Beauty,69.83,2,0,0.0,139.66,139.66,Credit Card,23,5,False,North,230.58
9760,04-05-24,1237,15,Other,Sports,86.47,2,0,0.0,172.94,172.94,Credit Card,22,5,False,West,480.82
9761,08-22-24,2157,4,Other,Electronics,16.65,6,5,5.0,99.9,94.9,Debit Card,8,5,False,North,102.99
9762,09-06-23,2996,47,Other,Books,62.32,2,20,24.93,124.64,99.71,Mobile Wallet,15,3,False,West,491.53
9763,07-26-23,2215,14,Other,Clothing,88.17,1,5,4.41,88.17,83.76,Mobile Wallet,23,3,False,East,1183.55
9764,10-29-23,4427,47,Male,Beauty,23.48,2,5,2.35,46.96,44.61,Credit Card,9,5,False,West,929.41
9765,08-06-24,1277,25,Male,Electronics,59.46,2,10,11.89,118.92,107.03,Credit Card,13,5,False,East,496.8
9766,02-06-24,4089,45,Female,Beauty,28.75,5,0,0.0,143.75,143.75,Credit Card,21,4,False,West,446.72
9767,02-22-23,1523,41,Female,Books,212.21,6,10,127.33,1273.26,1145.93,Debit Card,12,1,False,South,2341.17
9768,12-08-23,1179,26,Other,Clothing,0.33,3,10,0.1,0.99,0.89,Debit Card,28,5,False,North,153.24
9769,01-09-23,1122,21,Other,Beauty,26.75,8,10,21.4,214.0,192.6,Credit Card,14,5,False,West,1037.13
9770,04-16-23,2269,43,Male,Clothing,15.31,2,15,4.59,30.62,26.03,PayPal,8,5,False,South,641.25
9771,10-07-24,2757,24,Female,Books,94.77,3,5,14.22,284.31,270.09,Mobile Wallet,15,1,False,South,1051.91
9772,12-31-24,4444,51,Other,Sports,16.92,4,10,6.77,67.68,60.91,Debit Card,24,1,False,South,147.83
9773,03-18-24,4122,22,Other,Books,39.25,5,15,29.44,196.25,166.81,Mobile Wallet,24,4,True,North,237.56
9774,03-01-24,2094,40,Other,Books,67.41,5,15,50.56,337.05,286.49,Debit Card,4,5,True,West,575.75
9775,05-22-24,1479,29,Female,Beauty,34.38,6,0,0.0,206.28,206.28,PayPal,9,5,False,North,396.2
9776,08-15-24,4631,35,Male,Home & Garden,26.42,4,5,5.28,105.68,100.4,Debit Card,26,4,False,West,1638.46
9777,09-02-24,4090,24,Male,Clothing,2.17,7,20,3.04,15.19,12.15,Mobile Wallet,20,1,False,South,596.68
9778,07-21-24,2797,32,Other,Beauty,1.16,8,5,0.46,9.28,8.82,PayPal,6,3,False,South,161.85
9779,10-25-23,3131,-3,Other,Clothing,157.7,4,15,94.62,630.8,536.18,PayPal,27,5,False,South,536.18
9780,02-07-23,4226,22,Other,Sports,51.54,9,5,23.19,463.86,440.67,PayPal,6,4,True,North,1538.39
9781,05-14-24,3612,26,Other,Sports,87.22,6,0,0.0,523.32,523.32,PayPal,2,5,True,South,2754.04
9782,02-14-24,3666,33,Other,Home & Garden,32.74,8,5,13.1,261.92,248.82,Mobile Wallet,28,4,False,East,743.29
9783,05-12-24,3404,54,Female,Home & Garden,15.16,9,15,20.47,136.44,115.97,PayPal,23,2,False,East,115.97
9784,06-09-24,1815,24,Male,Home & Garden,17.45,1,15,2.62,17.45,14.83,Mobile Wallet,29,5,False,South,2874.55
9785,08-28-24,3694,56,Female,Sports,2.22,5,10,1.11,11.1,9.99,Debit Card,7,4,False,North,134.06
9786,09-18-24,1442,22,Female,Books,78.24,7,15,82.15,547.68,465.53,Mobile Wallet,1,4,True,South,1096.31
9787,11-25-24,4140,18,Other,Beauty,43.56,2,0,0.0,87.12,87.12,Credit Card,29,5,False,West,979.58
9788,05-14-24,3570,6,Female,Clothing,32.77,7,15,34.41,229.39,194.98,PayPal,21,4,False,East,936.13
9789,08-26-23,1142,44,Male,Clothing,95.63,7,5,33.47,669.41,635.94,Mobile Wallet,9,5,False,West,1207.51
9790,03-04-23,1191,36,Other,Beauty,29.43,3,20,17.66,88.29,70.63,Debit Card,26,2,False,South,1031.17
9791,06-24-24,2410,43,Male,Electronics,147.76,9,15,199.48,1329.84,1130.36,Credit Card,5,4,False,South,1211.92
9792,01-20-23,1377,36,Female,Sports,0.67,7,0,0.0,4.69,4.69,Credit Card,26,4,False,West,376.1
9793,03-08-24,3628,34,Other,Sports,208.72,5,0,0.0,1043.6,1043.6,Debit Card,23,2,False,East,1177.93
9794,08-13-24,1534,39,Male,Home & Garden,84.61,7,0,0.0,592.27,592.27,Credit Card,9,4,False,North,1186.78
9795,11-20-23,2716,67,Male,Beauty,21.92,7,0,0.0,153.44,153.44,Credit Card,28,5,False,East,618.34
9796,07-20-24,4364,27,Other,Electronics,45.24,6,5,13.57,271.44,257.87,Mobile Wallet,13,3,False,South,1018.24
9797,03-07-23,2032,65,Male,Electronics,99.98,4,10,39.99,399.92,359.93,PayPal,29,2,False,West,1049.32
9798,10-02-23,4342,47,Other,Sports,32.85,8,20,52.56,262.8,210.24,Mobile Wallet,1,3,False,North,1473.39
9799,10-25-24,2410,40,Other,Home & Garden,2.62,2,10,0.52,5.24,4.72,PayPal,25,5,False,North,1211.92
9800,03-03-24,3140,43,Female,Clothing,117.01,8,10,93.61,936.08,842.47,Mobile Wallet,20,5,False,North,1588.24
9801,04-29-24,2989,-12,Male,Home & Garden,36.39,5,10,18.2,181.95,163.75,Debit Card,15,5,False,East,333.16
9802,04-30-23,3576,31,Other,Clothing,39.39,7,5,13.79,275.73,261.94,PayPal,17,4,False,North,261.94
9803,05-21-24,2177,24,Female,Sports,0.69,3,20,0.41,2.07,1.66,Credit Card,8,2,False,West,627.76
9804,09-29-24,1404,66,Female,Home & Garden,5.27,7,15,5.53,36.89,31.36,Credit Card,15,1,False,North,604.57
9805,10-23-24,3887,29,Other,Electronics,75.12,9,15,101.41,676.08,574.67,Mobile Wallet,19,4,False,East,765.0
9806,12-22-23,2172,34,Other,Beauty,28.54,7,20,39.96,199.78,159.82,PayPal,11,5,False,North,434.34
9807,04-04-24,1888,34,Male,Books,312.21,1,20,62.44,312.21,249.77,Debit Card,8,4,False,West,1651.04
9808,12-15-24,4338,15,Male,Electronics,59.48,9,0,0.0,535.32,535.32,Debit Card,6,4,False,West,722.41
9809,03-22-24,1421,26,Male,Beauty,149.39,7,10,104.57,1045.73,941.16,PayPal,6,3,True,East,1726.27
9810,01-22-23,4911,47,Other,Clothing,16.38,2,0,0.0,32.76,32.76,Debit Card,8,4,False,East,652.76
9811,06-15-23,2641,3,Female,Sports,9.69,5,5,2.42,48.45,46.03,Mobile Wallet,25,5,False,West,812.75
9812,10-22-23,1471,39,Female,Home & Garden,23.63,2,5,2.36,47.26,44.9,Debit Card,24,5,False,West,547.75
9813,07-16-23,3940,21,Other,Sports,15.38,7,20,21.53,107.66,86.13,Credit Card,28,1,False,West,513.13
9814,04-25-24,1546,54,Male,Sports,47.51,9,5,21.38,427.59,406.21,PayPal,23,5,False,West,934.16
9815,12-19-23,1630,40,Female,Clothing,68.22,4,20,54.58,272.88,218.3,PayPal,19,3,False,East,630.86
9816,03-24-24,4597,12,Female,Sports,25.72,3,15,11.57,77.16,65.59,Credit Card,29,5,False,South,709.73
9817,08-26-23,4574,28,Male,Home & Garden,4.71,6,10,2.83,28.26,25.43,Credit Card,20,4,False,South,25.43
9818,06-03-24,2037,41,Female,Electronics,1.33,8,5,0.53,10.64,10.11,PayPal,9,4,False,North,359.77
9819,08-13-23,3825,30,Male,Sports,12.3,8,0,0.0,98.4,98.4,PayPal,27,4,False,West,160.34
9820,08-24-24,4723,37,Female,Home & Garden,65.93,8,5,26.37,527.44,501.07,Credit Card,20,5,False,North,503.25
9821,12-02-24,2829,34,Female,Home & Garden,12.52,5,10,6.26,62.6,56.34,Debit Card,24,3,False,East,166.39
9822,12-14-23,1363,48,Female,Clothing,120.94,6,5,36.28,725.64,689.36,Mobile Wallet,6,5,False,North,1048.57
9823,09-08-24,3166,41,Male,Sports,52.73,2,20,21.09,105.46,84.37,Credit Card,5,4,False,North,148.43
9824,11-03-24,4309,34,Female,Clothing,99.06,6,5,29.72,594.36,564.64,Mobile Wallet,16,5,False,North,564.64
9825,04-24-24,1545,35,Female,Electronics,24.37,5,15,18.28,121.85,103.57,Debit Card,7,3,False,North,398.12
9826,05-15-23,4240,18,Female,Electronics,205.37,3,15,92.42,616.11,523.69,PayPal,1,5,False,South,593.41
9827,10-28-23,3569,57,Other,Beauty,56.89,8,5,22.76,455.12,432.36,PayPal,10,4,False,South,821.73
9828,12-29-24,1633,79,Female,Home & Garden,22.08,4,0,0.0,88.32,88.32,PayPal,19,5,True,West,487.53
9829,02-04-24,2936,30,Female,Sports,11.95,2,5,1.2,23.9,22.7,PayPal,5,3,False,West,797.38
9830,03-02-24,2680,35,Male,Beauty,100.69,3,20,60.41,302.07,241.66,PayPal,20,4,False,North,783.81
9831,11-20-24,1962,50,Male,Home & Garden,19.14,2,20,7.66,38.28,30.62,Credit Card,19,2,False,West,224.49
9832,10-30-24,4005,50,Other,Sports,2.27,2,20,0.91,4.54,3.63,PayPal,19,5,False,North,906.88
9833,01-04-24,4806,37,Male,Clothing,16.33,3,0,0.0,48.99,48.99,Mobile Wallet,9,3,False,North,164.68
9834,04-28-24,1882,20,Male,Electronics,9.89,7,15,10.38,69.23,58.85,PayPal,21,5,False,East,693.68
9835,06-15-23,4840,62,Male,Beauty,19.26,1,20,3.85,19.26,15.41,Mobile Wallet,3,4,False,South,660.11
9836,09-28-24,3827,45,Other,Beauty,47.5,6,20,57.0,285.0,228.0,Mobile Wallet,27,2,False,North,236.66
9837,08-01-23,1870,38,Other,Electronics,34.7,1,5,1.74,34.7,32.96,PayPal,21,1,False,East,206.38
9838,10-17-23,1515,24,Female,Clothing,62.04,3,15,27.92,186.12,158.2,PayPal,28,4,False,South,1269.67
9839,12-08-24,3985,35,Female,Books,20.31,4,20,16.25,81.24,64.99,Debit Card,9,5,False,West,398.67
9840,03-30-23,2420,7,Male,Books,6.38,8,20,10.21,51.04,40.83,PayPal,19,4,False,West,40.83
9841,11-14-24,1865,46,Female,Books,8.73,2,5,0.87,17.46,16.59,Mobile Wallet,16,2,False,South,69.95
9842,05-09-24,3153,49,Female,Sports,79.8,7,5,27.93,558.6,530.67,Debit Card,21,4,False,South,1970.89
9843,05-13-23,2108,38,Other,Beauty,5.16,3,10,1.55,15.48,13.93,Mobile Wallet,2,4,False,North,13.93
9844,06-27-23,1213,20,Other,Clothing,80.01,1,5,4.0,80.01,76.01,Debit Card,8,5,False,West,161.37
9845,07-24-23,4192,41,Female,Sports,11.95,6,5,3.58,71.7,68.12,Mobile Wallet,14,4,False,South,207.14
9846,06-10-23,4203,46,Female,Sports,56.72,2,10,11.34,113.44,102.1,PayPal,6,4,False,North,617.05
9847,09-12-24,3897,23,Female,Clothing,48.79,3,20,29.27,146.37,117.1,Debit Card,12,3,True,North,1411.22
9848,05-18-24,3244,49,Male,Sports,5.17,6,5,1.55,31.02,29.47,Mobile Wallet,24,5,False,South,335.83
9849,04-14-23,1018,42,Other,Beauty,54.81,3,0,0.0,164.43,164.43,PayPal,1,1,False,North,1186.82
9850,03-01-24,1641,30,Female,Clothing,29.67,5,10,14.84,148.35,133.51,Debit Card,18,5,False,East,197.4
9851,05-20-24,4083,26,Female,Books,61.41,3,10,18.42,184.23,165.81,Credit Card,23,5,False,East,301.85
9852,11-07-23,2104,32,Male,Books,90.23,7,20,126.32,631.61,505.29,PayPal,7,2,False,East,1294.63
9853,08-29-23,1329,20,Other,Sports,2.02,7,5,0.71,14.14,13.43,Mobile Wallet,28,5,False,West,137.06
9854,08-03-23,1865,38,Male,Electronics,52.2,1,0,0.0,52.2,52.2,PayPal,27,5,False,South,69.95
9855,07-24-24,1773,43,Male,Clothing,5.54,6,20,6.65,33.24,26.59,Mobile Wallet,25,5,False,East,341.67
9856,02-18-23,1391,52,Female,Home & Garden,23.81,3,5,3.57,71.43,67.86,Mobile Wallet,12,3,True,West,601.99
9857,01-19-23,1636,39,Male,Home & Garden,0.64,7,20,0.9,4.48,3.58,Mobile Wallet,12,5,False,South,692.49
9858,01-03-24,3354,40,Male,Sports,19.92,1,10,1.99,19.92,17.93,Mobile Wallet,6,1,False,North,378.49
9859,09-25-23,4338,30,Female,Electronics,9.28,3,10,2.78,27.84,25.06,Debit Card,28,4,False,North,722.41
9860,01-01-24,4518,21,Other,Clothing,40.63,2,5,4.06,81.26,77.2,Credit Card,23,2,False,South,77.2
9861,11-24-24,4512,28,Female,Books,35.9,8,20,57.44,287.2,229.76,PayPal,20,4,False,South,636.46
9862,06-12-23,3942,56,Other,Sports,78.82,8,5,31.53,630.56,599.03,Mobile Wallet,2,2,False,North,1800.06
9863,06-28-23,3699,44,Male,Clothing,51.08,9,15,68.96,459.72,390.76,Debit Card,25,5,False,South,847.93
9864,05-30-24,3888,41,Male,Clothing,62.7,9,5,28.22,564.3,536.08,Debit Card,11,2,False,West,873.68
9865,02-02-23,2025,7,Female,Clothing,4.85,2,15,1.46,9.7,8.24,Mobile Wallet,16,5,False,South,8.24
9866,03-07-23,3567,39,Female,Electronics,1.41,7,10,0.99,9.87,8.88,PayPal,1,3,True,North,532.58
9867,12-12-23,4833,15,Female,Clothing,174.57,7,0,0.0,1221.99,1221.99,Mobile Wallet,6,3,False,West,1351.66
9868,03-16-24,2674,16,Male,Electronics,27.85,4,10,11.14,111.4,100.26,Debit Card,10,4,False,West,324.96
9869,04-27-23,3683,17,Male,Electronics,25.12,6,0,0.0,150.72,150.72,PayPal,9,5,False,East,150.72
9870,09-24-24,4380,23,Other,Beauty,1.78,1,20,0.36,1.78,1.42,Credit Card,26,4,False,North,494.88
9871,08-21-23,1739,47,Female,Clothing,6.33,6,0,0.0,37.98,37.98,Credit Card,10,5,False,North,655.94
9872,05-04-23,2545,38,Male,Beauty,141.07,1,20,28.21,141.07,112.86,Credit Card,18,5,False,West,112.86
9873,07-29-24,1468,20,Other,Books,59.35,5,15,44.51,296.75,252.24,Credit Card,18,3,False,South,252.24
9874,08-18-23,3259,26,Female,Beauty,26.31,4,20,21.05,105.24,84.19,Mobile Wallet,28,4,False,South,543.87
9875,05-13-24,2135,42,Female,Beauty,117.42,6,5,35.23,704.52,669.29,Debit Card,9,3,False,North,2646.65
9876,09-22-23,2031,45,Other,Clothing,44.57,5,5,11.14,222.85,211.71,Debit Card,13,4,False,North,1298.97
9877,12-15-23,3851,37,Other,Books,68.61,5,5,17.15,343.05,325.9,Debit Card,26,3,False,East,1342.05
9878,12-30-23,3524,17,Other,Sports,28.25,3,10,8.48,84.75,76.27,PayPal,10,4,False,North,1654.76
9879,02-17-23,1873,28,Male,Home & Garden,28.24,2,5,2.82,56.48,53.66,Credit Card,9,5,False,West,285.24
9880,07-24-24,1459,70,Female,Sports,3.54,7,20,4.96,24.78,19.82,PayPal,4,4,False,North,821.03
9881,10-01-23,3300,16,Female,Electronics,66.21,8,20,105.94,529.68,423.74,Credit Card,15,5,False,West,1700.69
9882,06-04-23,2549,40,Other,Sports,5.22,5,20,5.22,26.1,20.88,PayPal,24,5,False,West,310.07
9883,12-07-24,1751,66,Male,Home & Garden,72.25,9,5,32.51,650.25,617.74,Debit Card,8,5,False,West,617.74
9884,06-11-24,2461,30,Other,Home & Garden,10.59,1,15,1.59,10.59,9.0,Debit Card,27,5,False,North,676.27
9885,09-10-24,2777,62,Male,Books,14.21,3,15,6.39,42.63,36.24,Debit Card,2,4,False,East,91.63
9886,11-16-24,4028,24,Female,Sports,124.98,8,10,99.98,999.84,899.86,PayPal,4,5,False,West,3087.04
9887,04-17-23,1853,5,Female,Electronics,31.89,5,20,31.89,159.45,127.56,Mobile Wallet,6,4,False,West,151.57
9888,12-24-24,4732,26,Male,Beauty,6.69,2,20,2.68,13.38,10.7,Debit Card,20,5,False,North,28.27
9889,02-21-23,3283,23,Female,Beauty,117.74,9,10,105.97,1059.66,953.69,Debit Card,7,1,False,West,1367.68
9890,03-24-24,2329,9,Female,Electronics,30.11,1,20,6.02,30.11,24.09,Credit Card,13,5,False,East,179.97
9891,04-13-24,1477,28,Other,Books,6.99,3,0,0.0,20.97,20.97,PayPal,26,5,False,East,145.88
9892,04-24-23,3726,49,Male,Beauty,24.78,4,10,9.91,99.12,89.21,PayPal,28,5,False,West,179.48
9893,04-19-23,4091,26,Female,Books,44.5,7,20,62.3,311.5,249.2,Debit Card,5,3,False,North,624.75
9894,09-17-24,3263,29,Female,Beauty,22.5,4,10,9.0,90.0,81.0,Mobile Wallet,4,3,False,West,376.86
9895,09-16-24,3902,55,Male,Beauty,129.07,2,0,0.0,258.14,258.14,PayPal,22,4,False,East,1443.36
9896,04-15-23,1134,23,Female,Sports,15.71,2,0,0.0,31.42,31.42,Mobile Wallet,6,5,False,South,82.22
9897,07-29-24,3952,44,Male,Books,9.67,1,5,0.48,9.67,9.19,Mobile Wallet,5,5,False,East,51.77
9898,02-12-23,2152,9,Male,Home & Garden,12.48,7,20,17.47,87.36,69.89,Debit Card,22,3,False,South,703.08
9899,06-03-24,1409,20,Other,Electronics,4.37,9,0,0.0,39.33,39.33,Mobile Wallet,5,4,False,South,65.96
9900,04-18-23,2445,31,Male,Beauty,30.1,2,0,0.0,60.2,60.2,PayPal,7,4,False,South,1428.96
9901,06-21-23,2317,53,Other,Home & Garden,105.32,7,0,0.0,737.24,737.24,Mobile Wallet,5,5,False,West,913.83
9902,10-07-24,2269,21,Female,Clothing,18.22,8,5,7.29,145.76,138.47,Credit Card,4,3,False,North,641.25
9903,05-01-23,4772,21,Male,Home & Garden,14.94,3,20,8.96,44.82,35.86,PayPal,27,2,False,North,110.54
9904,07-30-23,2579,39,Other,Electronics,90.82,4,10,36.33,363.28,326.95,Debit Card,9,1,True,West,2448.24
9905,01-06-24,1085,41,Male,Clothing,18.26,9,5,8.22,164.34,156.12,PayPal,5,4,False,East,229.99
9906,06-10-23,3603,19,Female,Sports,32.4,4,20,25.92,129.6,103.68,PayPal,22,5,False,West,103.68
9907,10-27-23,2865,27,Other,Clothing,1.59,6,0,0.0,9.54,9.54,Mobile Wallet,2,5,False,North,263.39
9908,12-26-24,4446,51,Other,Books,16.92,8,5,6.77,135.36,128.59,Credit Card,17,5,False,East,1055.84
9909,03-28-24,2469,17,Other,Electronics,7.0,2,15,2.1,14.0,11.9,Mobile Wallet,19,5,False,North,575.7
9910,06-02-24,1377,40,Female,Books,5.59,1,15,0.84,5.59,4.75,Mobile Wallet,7,4,False,West,376.1
9911,05-25-24,4461,27,Other,Home & Garden,28.23,7,0,0.0,197.61,197.61,Mobile Wallet,17,4,True,West,877.95
9912,04-12-23,2680,56,Female,Sports,16.24,1,20,3.25,16.24,12.99,Mobile Wallet,17,4,False,West,783.81
9913,06-07-23,2074,43,Female,Electronics,9.1,4,20,7.28,36.4,29.12,Mobile Wallet,16,3,False,West,29.12
9914,10-24-24,1241,48,Male,Sports,35.82,5,5,8.96,179.1,170.14,PayPal,8,5,False,East,2120.47
9915,01-08-24,4365,26,Female,Beauty,76.63,2,15,22.99,153.26,130.27,Credit Card,19,5,False,North,1197.73
9916,12-09-23,1919,47,Other,Electronics,66.37,4,20,53.1,265.48,212.38,Credit Card,18,5,False,East,430.18
9917,05-22-23,2586,46,Other,Books,14.43,7,5,5.05,101.01,95.96,Credit Card,24,1,False,West,95.96
9918,05-06-23,3313,42,Female,Home & Garden,15.27,4,5,3.05,61.08,58.03,Debit Card,13,3,False,South,1304.65
9919,07-26-23,4191,30,Female,Clothing,65.82,1,15,9.87,65.82,55.95,Credit Card,28,4,True,East,3844.59
9920,03-25-24,3759,37,Male,Sports,40.73,4,0,0.0,162.92,162.92,PayPal,26,4,False,South,306.7
9921,03-01-24,4988,7,Male,Electronics,67.82,6,5,20.35,406.92,386.57,Mobile Wallet,14,3,False,South,694.67
9922,01-07-23,2271,61,Other,Electronics,0.07,5,0,0.0,0.35,0.35,Mobile Wallet,18,4,False,East,675.44
9923,09-09-23,1069,25,Female,Beauty,4.56,4,15,2.74,18.24,15.5,PayPal,13,4,False,South,15.5
9924,04-30-24,4924,29,Other,Sports,80.97,2,5,8.1,161.94,153.84,Mobile Wallet,10,5,False,North,1324.7
9925,12-16-23,3104,15,Female,Clothing,95.23,6,10,57.14,571.38,514.24,Mobile Wallet,14,5,False,East,1181.09
9926,10-21-23,2405,45,Other,Home & Garden,21.04,6,15,18.94,126.24,107.3,Credit Card,23,5,False,North,107.3
9927,06-01-24,3086,42,Other,Electronics,158.9,6,15,143.01,953.4,810.39,Credit Card,23,4,False,West,1697.34
9928,06-25-23,3007,30,Other,Electronics,17.95,4,10,7.18,71.8,64.62,Credit Card,10,5,False,North,1386.56
9929,03-29-23,1800,0,Female,Sports,110.49,8,15,132.59,883.92,751.33,Debit Card,6,4,False,West,751.33
9930,09-30-23,4514,24,Male,Sports,27.38,1,10,2.74,27.38,24.64,Credit Card,17,5,True,West,1277.18
9931,01-17-24,2041,41,Male,Electronics,41.25,8,10,33.0,330.0,297.0,Credit Card,17,4,False,East,592.98
9932,02-29-24,3779,38,Female,Electronics,51.54,8,15,61.85,412.32,350.47,Credit Card,27,4,False,West,1500.83
9933,01-05-24,1824,34,Male,Beauty,7.14,5,10,3.57,35.7,32.13,Credit Card,11,4,False,North,472.73
9934,10-06-24,1755,28,Other,Electronics,1.89,9,10,1.7,17.01,15.31,Credit Card,19,5,False,West,182.23
9935,11-11-24,3399,11,Female,Books,27.83,9,15,37.57,250.47,212.9,PayPal,28,5,False,East,212.9
9936,09-09-23,2995,49,Female,Electronics,8.74,4,10,3.5,34.96,31.46,PayPal,13,2,False,West,140.81
9937,06-05-23,2839,13,Male,Home & Garden,39.81,2,0,0.0,79.62,79.62,PayPal,12,4,False,West,79.62
9938,06-26-24,2321,31,Male,Home & Garden,30.22,1,15,4.53,30.22,25.69,Mobile Wallet,12,2,False,East,147.32
9939,03-07-24,3330,19,Other,Beauty,6.51,8,15,7.81,52.08,44.27,Mobile Wallet,27,4,False,North,674.69
9940,08-22-23,2609,49,Female,Clothing,54.8,8,0,0.0,438.4,438.4,Debit Card,29,3,False,East,538.3
9941,05-22-23,1109,43,Male,Sports,1.04,7,20,1.46,7.28,5.82,Mobile Wallet,4,2,True,East,476.58
9942,03-15-24,2016,29,Female,Clothing,6.76,3,5,1.01,20.28,19.27,Debit Card,25,5,False,East,2013.27
9943,02-28-24,4251,45,Other,Electronics,60.23,3,10,18.07,180.69,162.62,PayPal,16,2,False,West,2013.18
9944,02-24-24,2961,12,Other,Sports,37.52,8,10,30.02,300.16,270.14,Credit Card,28,3,False,North,374.72
9945,04-14-24,3591,33,Other,Electronics,16.56,8,5,6.62,132.48,125.86,Credit Card,23,5,False,West,198.79
9946,06-12-24,2769,19,Female,Sports,9.94,2,10,1.99,19.88,17.89,Debit Card,1,4,False,West,198.13
9947,11-29-24,4865,50,Female,Beauty,51.4,1,10,5.14,51.4,46.26,Debit Card,20,5,False,East,704.53
9948,01-06-24,1024,40,Female,Books,11.51,1,0,0.0,11.51,11.51,Credit Card,22,4,False,West,358.51
9949,01-31-23,1842,44,Female,Books,208.71,1,0,0.0,208.71,208.71,Debit Card,14,5,False,South,233.78
9950,03-29-24,3838,26,Female,Books,101.75,3,0,0.0,305.25,305.25,Credit Card,13,4,False,West,1129.21
9951,05-30-23,1737,46,Other,Beauty,7.09,1,0,0.0,7.09,7.09,PayPal,22,2,False,West,62.55
9952,01-11-23,3104,18,Other,Clothing,98.0,8,15,117.6,784.0,666.4,Debit Card,7,4,False,South,1181.09
9953,06-13-24,1179,20,Other,Sports,21.16,8,10,16.93,169.28,152.35,PayPal,25,4,False,West,153.24
9954,03-13-23,1231,32,Male,Clothing,33.67,9,5,15.15,303.03,287.88,Debit Card,6,5,False,West,706.42
9955,03-28-23,2917,20,Other,Sports,7.71,4,10,3.08,30.84,27.76,PayPal,1,5,False,South,158.82
9956,12-13-23,1342,45,Female,Electronics,6.31,8,15,7.57,50.48,42.91,PayPal,19,3,False,North,612.09
9957,11-19-23,1476,27,Other,Books,100.31,7,15,105.33,702.17,596.84,Mobile Wallet,1,5,False,North,731.86
9958,02-16-24,2822,18,Male,Books,49.7,4,10,19.88,198.8,178.92,Mobile Wallet,22,5,False,North,970.76
9959,06-18-23,3623,16,Male,Sports,30.85,1,10,3.08,30.85,27.77,Debit Card,23,5,False,East,156.71
9960,03-20-24,1454,45,Male,Clothing,1.84,3,0,0.0,5.52,5.52,Debit Card,15,4,False,East,236.97
9961,03-04-23,2255,-3,Male,Clothing,127.53,8,15,153.04,1020.24,867.2,PayPal,12,3,True,North,894.62
9962,02-07-24,1288,19,Male,Home & Garden,23.59,8,10,18.87,188.72,169.85,PayPal,15,5,True,West,661.72
9963,02-07-23,2236,56,Female,Books,26.95,2,5,2.7,53.9,51.2,Credit Card,28,5,False,North,65.56
9964,11-07-24,3305,29,Other,Books,17.11,7,5,5.99,119.77,113.78,Mobile Wallet,3,2,False,South,440.65
9965,10-18-24,1529,45,Female,Clothing,110.95,1,0,0.0,110.95,110.95,PayPal,10,3,True,South,265.92
9966,06-04-23,3734,41,Female,Books,21.12,4,0,0.0,84.48,84.48,Debit Card,25,5,False,West,409.96
9967,08-11-24,3976,32,Male,Clothing,9.57,7,10,6.7,66.99,60.29,Credit Card,1,4,False,South,131.81
9968,03-01-23,3276,10,Other,Home & Garden,34.71,4,5,6.94,138.84,131.9,Mobile Wallet,1,3,True,South,363.58
9969,10-08-24,4297,15,Other,Sports,76.05,4,15,45.63,304.2,258.57,Credit Card,23,5,False,North,589.56
9970,12-31-24,1595,14,Other,Sports,23.21,7,20,32.49,162.47,129.98,PayPal,28,4,False,North,987.4
9971,11-07-24,4874,42,Male,Home & Garden,52.78,1,5,2.64,52.78,50.14,Credit Card,21,5,False,South,1248.2
9972,06-16-24,1434,45,Female,Books,18.14,5,15,13.6,90.7,77.1,Debit Card,16,3,False,South,501.38
9973,10-30-23,1881,21,Other,Electronics,63.61,6,5,19.08,381.66,362.58,Debit Card,5,4,False,West,362.58
9974,03-05-24,4068,33,Female,Books,55.24,7,10,38.67,386.68,348.01,PayPal,5,3,False,South,740.12
9975,02-16-24,2781,35,Other,Clothing,57.09,7,20,79.93,399.63,319.7,Credit Card,11,1,True,North,954.16
9976,11-28-24,1401,36,Other,Beauty,51.91,7,20,72.67,363.37,290.7,PayPal,11,3,False,North,299.59
9977,12-18-24,3669,23,Other,Electronics,8.5,2,10,1.7,17.0,15.3,Mobile Wallet,12,5,False,North,143.19
9978,07-20-24,4837,59,Other,Home & Garden,109.46,6,10,65.68,656.76,591.08,PayPal,21,3,True,East,959.12
9979,11-08-23,3135,45,Male,Sports,44.06,9,0,0.0,396.54,396.54,PayPal,18,5,False,North,1758.37
9980,11-18-23,3631,36,Male,Sports,24.09,7,15,25.29,168.63,143.34,Mobile Wallet,14,4,False,East,476.45
9981,12-19-23,4964,27,Female,Books,9.46,7,15,9.93,66.22,56.29,Credit Card,1,4,False,North,90.54
9982,01-09-23,2565,22,Male,Sports,76.53,2,0,0.0,153.06,153.06,Debit Card,21,5,False,North,258.41
9983,10-14-23,4755,40,Other,Books,35.57,7,15,37.35,248.99,211.64,Debit Card,26,5,False,West,689.48
9984,06-24-24,1308,27,Female,Clothing,7.97,9,20,14.35,71.73,57.38,Credit Card,25,3,False,East,57.38
9985,09-17-24,3953,37,Female,Clothing,127.18,3,5,19.08,381.54,362.46,PayPal,8,3,False,South,1990.66
9986,05-31-23,1342,6,Female,Home & Garden,5.61,2,20,2.24,11.22,8.98,Debit Card,25,4,True,South,612.09
9987,12-18-24,1435,27,Other,Beauty,37.14,6,0,0.0,222.84,222.84,PayPal,3,5,False,West,386.32
9988,02-18-24,1176,33,Other,Clothing,47.16,2,15,14.15,94.32,80.17,Mobile Wallet,18,3,False,West,198.88
9989,04-01-24,1138,49,Female,Books,344.62,1,15,51.69,344.62,292.93,Debit Card,21,2,False,East,2009.67
9990,10-21-24,1193,21,Male,Sports,7.59,4,5,1.52,30.36,28.84,PayPal,23,4,False,East,781.55
9991,07-30-23,4257,12,Other,Clothing,47.54,9,5,21.39,427.86,406.47,PayPal,29,3,False,West,498.26
9992,07-11-24,4289,41,Other,Clothing,32.38,3,5,4.86,97.14,92.28,PayPal,20,5,False,East,1683.69
9993,10-01-24,4235,34,Male,Books,14.86,3,20,8.92,44.58,35.66,Debit Card,2,1,False,West,1186.77
9994,09-25-24,2184,9,Female,Clothing,142.55,6,0,0.0,855.3,855.3,PayPal,9,4,False,North,2317.61
9995,10-29-24,1942,9,Male,Sports,78.23,6,0,0.0,469.38,469.38,Debit Card,22,3,False,West,526.28
9996,03-28-24,1524,25,Other,Beauty,75.04,8,0,0.0,600.32,600.32,Debit Card,19,5,False,East,868.48
9997,12-15-24,4879,33,Female,Sports,114.72,6,20,137.66,688.32,550.66,Debit Card,12,5,False,North,724.89
9998,12-20-23,2624,55,Female,Beauty,64.56,8,10,51.65,516.48,464.83,Debit Card,11,5,False,West,913.28
9999,10-26-24,4907,18,Male,Sports,35.34,8,15,42.41,282.72,240.31,Credit Card,1,4,False,East,660.55
10000,02-19-24,4113,43,Other,Sports,24.84,7,20,34.78,173.88,139.1,Mobile Wallet,16,3,False,East,836.54
